## RECSRecommendations Upload File,,,,,,,,,,,,,,,,,,,,,
## RECS''## RECS'' indicates a Recommendations pre-process header. Please do not remove these lines.,,,,,,,,,,,,,,,,,,,,,
## RECS,,,,,,,,,,,,,,,,,,,,,
## RECSUse this file to upload product display information to Recommendations. Each product has its own row. Each line must contain 19 values and if not all are filled a space should be left.,,,,,,,,,,,,,,,,,,,,,
## RECSThe last 100 columns (entity.custom1 - entity.custom100) are custom. The name 'customN' can be replaced with a custom name such as 'onSale' or 'brand'.,,,,,,,,,,,,,,,,,,,,,
## RECSIf the products already exist in Recommendations then changes uploaded here will override the data in Recommendations. Any new attributes entered here will be added to the product''s entry in Recommendations.,,,,,,,,,,,,,,,,,,,,,
## RECSentity.id,entity.name,entity.categoryId,entity.message,entity.thumbnailUrl,entity.value,entity.pageUrl,entity.inventory,entity.margin,entity.gratuito,entity.PublicoAlvo,entity.Tema,entity.Subtema,entity.Assuntos,entity.Segmentos,entity.DatasEspeciais,entity.Produtor,entity.perfilusuario,entity.familia,entity.PorteEmpresa,entity.TipoUsuario,entity.codigoCronos
10000,Como elaborar roteiros de viagens personalizados,Artigo,O turismo personalizado é uma excelente maneira de ampliar sua clientela e fidelizar os clientes,https://bibliotecas.sebrae.com.br/chronus/ARQUIVOS_CHRONUS/CAPAS_ARTIGOS_APP/1/1.jpg,0,"https://www.sebrae.com.br/sites/PortalSebrae/arquivos/como-elaborar-roteiros-de-viagens-personalizados,e34699b2001c5810VgnVCM1000001b00320aRCRD",,,Sim,MEI; EPP; ME,Mercado e Vendas,DEMANDA DE CONSUMO,Turismo; Fidelizar ; Viagens ,Agências de viagem,1,NA,,,MEI; EPP; ME,Pessoa Jurídica,cbc85962-af58-36a0-a34f-bb60671e4dda
10001,Vantagens de contratar influenciadores digitais para pequenos negócios,Artigo,Os influenciadores digitais oferecem benefícios significativos para os pequenos negócios no Tik Tok,,0,"https://www.sebrae.com.br/sites/PortalSebrae/arquivos/vantagens-de-contratar-influenciadores-digitais-para-pequenos-negocios,c6d79ccf4a293910VgnVCM1000001b00320aRCRD",,,Sim,MEI; EPP; ME,Inovação,MIDIAS ONLINE,influenciadores digitais tik tok,Todos,0,NA,,,MEI; EPP; ME,Pessoa Jurídica,7cb96a41-c894-3cf6-8099-e767afd78f48
10002,10 ideias de como ganhar dinheiro na internet sem sair de casa,Artigo,Conheça algumas possibilidades para ter o seu próprio negócio sem sair de casa.,https://bibliotecas.sebrae.com.br/chronus/ARQUIVOS_CHRONUS/CAPAS_ARTIGOS_APP/4/4.png,0,"https://www.sebrae.com.br/sites/PortalSebrae/artigos/10-ideias-de-como-ganhar-dinheiro-na-internet-sem-sair-de-casa,4a5cc4ec9b805810VgnVCM100000d701210aRCRD",,,Sim,PF,Empreendedorismo,ABERTURA DE EMPRESA,digital; trabalho de casa; home office; curso online,Todos,0,NA,,,PF,Pessoa Física,a6c7b981-e10e-35ef-9f30-8d68e80d1bbb
10003,10 ideias de negócios para ganhar mais de 4 mil reais por mês,Artigo,Apostar na jornada do empreendedorismo é o sonho de muitas pessoas. A ideia de investir em algo inovador tem ganhado cada vez mais investimento dos brasileiros.,https://bibliotecas.sebrae.com.br/chronus/ARQUIVOS_CHRONUS/CAPAS_ARTIGOS_APP/5/5.jpg,0,"https://www.sebrae.com.br/sites/PortalSebrae/artigos/10-ideias-de-negocios-para-ganhar-mais-de-4-mil-reais-por-mes,11f013c10a29e710VgnVCM100000d701210aRCRD",,,Sim,MEI; EPP; ME,Empreendedorismo,COMÉRCIO,empreendedor; como ganhar dinheiro; sociais; renda extra; locutor; móveis; redes; designer; investimento,Todos,0,NA,,,MEI; EPP; ME,Pessoa Jurídica,8e7b69a8-a5a5-3098-990e-5eb0d994a9b3
10004,10 Ideias de posts para a sua confeitaria aumentar as vendas na Páscoa,Artigo,Veja dicas de criação de conteúdo para o Instagram e outras ações para envolver e encantar os clientes na Páscoa.,https://bibliotecas.sebrae.com.br/chronus/ARQUIVOS_CHRONUS/CAPAS_ARTIGOS_APP/6/6.jpg,0,"https://www.sebrae.com.br/sites/PortalSebrae/artigos/10-ideias-de-posts-para-a-sua-confeitaria-aumentar-as-vendas-na-pascoa,a4223ce8fa1a6810VgnVCM1000001b00320aRCRD",,,Sim,MEI; EPP; ME,Mercado e Vendas,ESTRATÉGIA DE VENDA,Posts; Instagram; Páscoa,Comércio varejista de alimentos e bebidas; Panificação,1,NA,,,MEI; EPP; ME,Pessoa Jurídica,1c069a8e-19d8-3739-9ef3-525b6fab0933
10005,10 Ideias para empreender com menos de 500 reais,Artigo,"Novos negócios para o MEI, conheça dez ideias para empreender com menos de 500 reais",https://bibliotecas.sebrae.com.br/chronus/ARQUIVOS_CHRONUS/CAPAS_ARTIGOS_APP/7/7.jpg,0,"https://www.sebrae.com.br/sites/PortalSebrae/artigos/10-ideias-para-empreender-com-menos-de-500-reais,4db3a3e58cfbe710VgnVCM100000d701210aRCRD",,,Sim,MEI,Empreendedorismo,COMÉRCIO,mei; empreendedor; empreendedorismo; profissionais liberais; ideias de negócios; MEIs; negocios; empreender; planejamento,Todos,0,NA,,,MEI,Pessoa Jurídica,b19f8cf2-52e9-39a7-a6ed-118948a89226
10006,10 fatores-chave de sucesso para melhorar o seu bar ou restaurante.,Artigo,Alguns pontos influenciam o desempenho de bares e restaurantes. Listamos aqui quais são eles. Acesse a ferramenta do Sebrae criada para aprimorar a sua atuação.,https://bibliotecas.sebrae.com.br/chronus/ARQUIVOS_CHRONUS/CAPAS_ARTIGOS_APP/8/8.jpg,0,"https://www.sebrae.com.br/sites/PortalSebrae/artigos/12-fatores-chave-de-sucesso-em-bares-e-restaurantes,d7e37b5ba5527510VgnVCM1000004c00210aRCRD",,,Sim,MEI; EPP; ME,Mercado e Vendas,SATISFAÇÃO,bares; alimentos; bebidas; restaurantes,Serviços de alimentação,0,NA,,,MEI; EPP; ME,Pessoa Jurídica,03573653-a713-3889-8ece-93eb482bcc80
10007,5 dicas para bombar suas vendas na Páscoa,Artigo,"A época mais deliciosa do ano pede criatividade. Confira algumas maneiras de aproveitar a data e vender mais, se destacando da concorrência.",https://bibliotecas.sebrae.com.br/chronus/ARQUIVOS_CHRONUS/CAPAS_ARTIGOS_APP/9/9.png,0,"https://www.sebrae.com.br/sites/PortalSebrae/artigos/5-dicas-para-bombar-suas-vendas-na-pascoa,e639a9da467bf710VgnVCM100000d701210aRCRD",,,Sim,MEI; ME,Empreendedorismo,ATITUDE EMPREENDEDORA,5 dicas; páscoa; vendas,Todos,1,NA,,,MEI; ME,Pessoa Jurídica,833095b6-1d6b-3b5b-991a-e1622cc93016
10008,5 motivos para o seu varejo participar da Black Friday ,Artigo,Saiba por que é importante preparar o seu varejo para uma das maiores datas do ano: a Black Friday.,https://bibliotecas.sebrae.com.br/chronus/ARQUIVOS_CHRONUS/CAPAS_ARTIGOS_APP/11/11.png,0,"https://www.sebrae.com.br/sites/PortalSebrae/artigos/5-motivos-para-o-seu-varejo-participar-da-black-friday-2022,0c42ad08d6044810VgnVCM100000d701210aRCRD",,,Sim,MEI; EPP; ME,Mercado e Vendas,VENDA VAREJISTA,Black Friday; Varejo,Comércio atacadista rural; Comércio varejista de alimentos e bebidas; Comércio da moda; Comércio varejista - Diversos; Comércio varejista - Diversos; Panificação; Comércio de automóveis; Comércio varejista de autopeças; Comércio varejista de informática; Comércio varejista de materiais de construção,1,NA,,,MEI; EPP; ME,Pessoa Jurídica,904a4709-5e03-3510-bf6a-642870f5d3c0
10009,8 Passos para criar um site de vendas,Artigo,Site de vendas é um dos melhores canais de relacionamento e comunicação entre empresa e cliente.,https://bibliotecas.sebrae.com.br/chronus/ARQUIVOS_CHRONUS/CAPAS_ARTIGOS_APP/12/12.jpg,0,"https://www.sebrae.com.br/sites/PortalSebrae/artigos/8-passos-para-criar-um-site-de-vendas,ac3ed41f2ddb6810VgnVCM1000001b00320aRCRD",,,Sim,MEI; ME,Inovação,REDE SOCIAL,Site de vendas; E-commerce; Venda Online,Todos,0,NA,,,MEI; ME,Pessoa Jurídica,b0fb8379-b0a7-3d8c-a619-641b8ba30199
10010,A arte que vem das mãos,Artigo,"As peças feitas à mão carregam consigo a energia transformadora de quem dedica tempo, conhecimento e afeto.",https://bibliotecas.sebrae.com.br/chronus/ARQUIVOS_CHRONUS/CAPAS_ARTIGOS_APP/13/13.jpg,0,"https://www.sebrae.com.br/sites/PortalSebrae/artigos/a-arte-que-vem-das-maos,e388fafea5597810VgnVCM1000001b00320aRCRD",,,Sim,MEI; ME,Empreendedorismo,EMPREENDEDOR,Pequeno negócio; Trabalho artesanal; Autoria; Artesanato,Artesanato,0,NA,,,MEI; ME,Pessoa Jurídica,88febe5b-a584-3941-a5c7-ad92526a5080
10011,A evolução da construção civil com o uso da tecnologia da informação,Artigo,Diferentes ferramentas e sistemas de TI tornam projetos e obras da construção civil mais conectados e eficientes.,https://bibliotecas.sebrae.com.br/chronus/ARQUIVOS_CHRONUS/CAPAS_ARTIGOS_APP/14/14.jpg,0,"https://www.sebrae.com.br/sites/PortalSebrae/artigos/a-evolucao-da-construcao-civil-com-o-uso-da-tecnologia-da-informacao,845db42fc05c5810VgnVCM1000001b00320aRCRD",,,Sim,EPP; ME,Inovação,TECNOLOGIA DA INFORMAÇÃO,informação; tecnologia; TI; evolução; civil; construção,Comércio varejista de materiais de construção; Construção Civil; Indústria da construção; TIC,0,NA,,,EPP; ME,Pessoa Jurídica,a6d63a4b-40af-3890-8571-94d63810522d
10012,A gestão das redes de franquias,Artigo,"Planejamento estratégico, análise de mercado e avaliações competitivas são requisitos básicos para implantar um franchising.",https://bibliotecas.sebrae.com.br/chronus/ARQUIVOS_CHRONUS/CAPAS_ARTIGOS_APP/15/15.jpg,0,"https://www.sebrae.com.br/sites/PortalSebrae/artigos/a-gestao-das-redes-de-franquias,457df925817b3410VgnVCM2000003c74010aRCRD",,,Sim,EPP; ME,Mercado e Vendas,FRANQUIA,franquias; franchising,Todos,0,NA,,,EPP; ME,Pessoa Jurídica,7822285b-4e9a-3473-81f1-fdf6bc957990
10013,A importância da qualificação na oficina mecânica,Artigo,A pequena oficina cresceu apoiada em cursos e atualização do pessoal sobre as tecnologias nos automóveis.,https://bibliotecas.sebrae.com.br/chronus/ARQUIVOS_CHRONUS/CAPAS_ARTIGOS_APP/16/16.jpg,0,"https://www.sebrae.com.br/sites/PortalSebrae/artigos/a-importancia-da-qualificacao-na-oficina-mecanica,9d03438af1c92410VgnVCM100000b272010aRCRD",,,Sim,EPP; ME,Pessoas,TREINAMENTO DE PESSOAS,Qualificação; Oficina Mecânica,Serviços automotivos,0,NA,,,EPP; ME,Pessoa Jurídica,f7d92eae-f165-3b92-8737-2379d7ab2a62
10014,A importância das normas de biossegurança para manicures e podólogos,Artigo,É necessário seguir um protocolo rígido de higienização para a segurança de clientes e manicures e impedir que o salão de beleza seja um vetor de doenças.,https://bibliotecas.sebrae.com.br/chronus/ARQUIVOS_CHRONUS/CAPAS_ARTIGOS_APP/17/17.png,0,"https://www.sebrae.com.br/sites/PortalSebrae/artigos/a-importancia-das-normas-de-biosseguranca-para-manicures-e-podologos,620f937e8c1a5810VgnVCM1000001b00320aRCRD",,,Sim,MEI; EPP; ME,Pessoas,SAÚDE OCUPACIONAL,Manicure; saude da mulher; beleza,Beleza,0,NA,,,MEI; EPP; ME,Pessoa Jurídica,0a85eebf-2423-3758-9c58-a39c4ecf4ed8
10015,Ações promocionais para aumentar o faturamento de sua academia,Artigo,"Com as ações promocionais certas, você vai alavancar o faturamento de sua academia.",https://bibliotecas.sebrae.com.br/chronus/ARQUIVOS_CHRONUS/CAPAS_ARTIGOS_APP/19/19.jpg,0,"https://www.sebrae.com.br/sites/PortalSebrae/artigos/acoes-promocionais-para-aumentar-o-faturamento-de-sua-academia,58b95172e4d26810VgnVCM1000001b00320aRCRD",,,Sim,MEI; EPP; ME,Mercado e Vendas,DEMANDA DE CONSUMO,Gestão de academias; Planos mensais; Planos de fidelização; Academias,Academias e atividades físicas,0,NA,,,MEI; EPP; ME,Pessoa Jurídica,267eb268-de92-3a32-a804-cb4b3c7761e6
10016,Adote comportamentos empreendedores e fique mais próximo do sucesso,Artigo,Saiba quais são as competências necessárias para alavancar o seu negócio,https://bibliotecas.sebrae.com.br/chronus/ARQUIVOS_CHRONUS/CAPAS_ARTIGOS_APP/20/20.png,0,"https://www.sebrae.com.br/sites/PortalSebrae/artigos/adote-comportamentos-empreendedores-e-fique-mais-proximo-do-sucesso,47e2bc9c944bd710VgnVCM100000d701210aRCRD",,,Sim,MEI; ME,Empreendedorismo,COMPORTAMENTO EMPREENDEDOR,metas; qualidade; empretec; empreeendedorismo; comportamento; sucesso,Todos,0,NA,,,MEI; ME,Pessoa Jurídica,38882357-47a1-3886-abac-aa543a21b078
10017,Agentes de Mercado,Artigo,"Sebrae amplia em 2025 o programa MOVE+, através dos Agentes de Mercado, capacitando consultores e fortalecendo o acesso das MPEs a novos mercados.",https://bibliotecas.sebrae.com.br/chronus/ARQUIVOS_CHRONUS/CAPAS_ARTIGOS_APP/21/21.png,0,"https://www.sebrae.com.br/sites/PortalSebrae/artigos/agentes-de-mercado,c6143445c97c8910VgnVCM1000001b00320aRCRD",,,Sim,MEI; ME,Mercado e Vendas,VENDA,VENDA; Agentes; Mercado,Todos,0,NA,,,MEI; ME,Pessoa Jurídica,f8a01aa5-5808-3a27-8778-99d8ce874228
10018,Aluguel de imóveis para o seu negócio: o que é importante saber,Artigo,Saiba por onde começar na escolha do aluguel do imóvel para o seu negócio.,https://bibliotecas.sebrae.com.br/chronus/ARQUIVOS_CHRONUS/CAPAS_ARTIGOS_APP/22/22.jpg,0,"https://www.sebrae.com.br/sites/PortalSebrae/artigos/aluguel-de-imoveis-para-o-seu-negocio-o-que-e-importante-saber,cdface996aeb4810VgnVCM100000d701210aRCRD",,,Sim,MEI; EPP; ME,Planejamento,RISCOS E OPORTUNIDADES,negócio; aluguel; infraestrutura; imóveis; planejamento,Todos,0,NA,,,MEI; EPP; ME,Pessoa Jurídica,c2e10fa5-465f-3fb4-a87e-8d939f1f1780
10019,Ampliar o uso de energia sustentável,Artigo,O Brasil está na vanguarda da utilização de energia renovável e pode avançar na produção de energia cada vez mais sustentável.,https://bibliotecas.sebrae.com.br/chronus/ARQUIVOS_CHRONUS/CAPAS_ARTIGOS_APP/23/23.jpg,0,"https://www.sebrae.com.br/sites/PortalSebrae/artigos/ampliar-o-uso-de-energia-sustentavel,efdf437725ac5810VgnVCM1000001b00320aRCRD",,,Sim,MEI; EPP; ME,Organização,ENERGIAS ALTERNATIVAS,energia solar; energia nuclear; biomassa; energia geotérmica; hidrelétrica; energia sustentável; energia eólica,Energia; Serviços públicos,0,NA,,,MEI; EPP; ME,Pessoa Jurídica,2771bcae-4755-38f4-a478-c4240a2b7892
10020,Amplie seu negócio com artesanato em couro,Artigo,"Sandálias, sapatos, bolsas, carteiras e até móveis fazem do artesanato em couro uma ótima opção para o empreendedor",https://bibliotecas.sebrae.com.br/chronus/ARQUIVOS_CHRONUS/CAPAS_ARTIGOS_APP/24/24.jpg,0,"https://www.sebrae.com.br/sites/PortalSebrae/artigos/amplie-seu-negocio-com-artesanato-em-couro,31f8992191f76810VgnVCM1000001b00320aRCRD",,,Sim,MEI; PF,Empreendedorismo,ATITUDE EMPREENDEDORA,Artesanato; Pequeno négócio; Artesanato em couro,Artesanato,0,NA,,,MEI; PF,Pessoa Física; Pessoa Jurídica,e6df1e69-f398-3839-978e-811d2c6fd864
10021,Amplie seu negócio com o artesanato da região Sul,Artigo,"Levas de imigrantes de várias regiões da Europa e Japão, e influência indígena garantem um artesanato bastante variado na região no Sul do Brasil",https://bibliotecas.sebrae.com.br/chronus/ARQUIVOS_CHRONUS/CAPAS_ARTIGOS_APP/25/25.jpg,0,"https://www.sebrae.com.br/sites/PortalSebrae/artigos/amplie-seu-negocio-com-o-artesanato-da-regiao-sul,2a8ca97056854810VgnVCM100000d701210aRCRD",,,Sim,MEI; PF,Mercado e Vendas,CANAL DE DISTRIBUIÇÃO,artesanato regional; artesanato da região sul; artesanato,Artesanato,0,NA,,,MEI; PF,Pessoa Física; Pessoa Jurídica,16c02de2-c1d7-3ecd-83e1-3dabd27f4f17
10022,Apicultura no semiárido: oportunidade de negócio sustentável,Artigo,"Criação de abelhas tem grande papel na preservação ambiental e na economia, o setor gera oportunidade e renda para milhares de brasileiros.",,0,"https://www.sebrae.com.br/sites/PortalSebrae/artigos/apicultura-no-semiarido-oportunidade-de-negocio-sustentavel,8c64683ad42a5810VgnVCM1000001b00320aRCRD",,,Sim,MEI,Empreendedorismo,OPORTUNIDADE DE NEGÓCIO,oportunidade de negócio; apicultura,Apicultura,0,NA,,,MEI,Pessoa Jurídica,16423065-b651-308f-b466-f560bcf33a45
10023,Aposte em um calendário promocional para lucrar mais no seu Salão,Artigo,"Planeje com antecedência as ações de marketing no seu Salão de beleza, seguindo um calendário promocional e potencialize seu faturamento.",https://bibliotecas.sebrae.com.br/chronus/ARQUIVOS_CHRONUS/CAPAS_ARTIGOS_APP/28/28.jpg,0,"https://www.sebrae.com.br/sites/PortalSebrae/artigos/aposte-em-um-calendario-promocional-para-lucrar-mais-no-seu-salao,a57bf2a0244a6810VgnVCM1000001b00320aRCRD",,,Sim,MEI; EPP; ME,Empreendedorismo,EMPREENDEDOR,calendário promocional,Beleza,0,NA,,,MEI; EPP; ME,Pessoa Jurídica,a33562b7-04cb-36c3-bfcd-05471b3e3719
10024,Aprenda a identificar a energia excedente reativa para evitar multas,Artigo,Sua empresa pode estar pagando multa por mau aproveitamento de energia elétrica. Evite o pagamento por energia reativa excedente e reduza o valor da fatura.,https://bibliotecas.sebrae.com.br/chronus/ARQUIVOS_CHRONUS/CAPAS_ARTIGOS_APP/29/29.jpg,0,"https://www.sebrae.com.br/sites/PortalSebrae/artigos/aprenda-a-identificar-a-energia-excedente-reativa-para-evitar-multas,9774ec2777cb5810VgnVCM1000001b00320aRCRD",,,Sim,MEI; EPP; ME,Finanças,CUSTOS,,Energia; Serviços de construção; Serviços públicos,0,NA,,,MEI; EPP; ME,Pessoa Jurídica,e9f211f5-06a6-3fb7-a09e-e059dfc8a695
10025,Aprenda a transformar a arte em pedra-sabão num negócio rentável,Artigo,Inspire-se nas histórias de artesãos mineiros e piauienses e descubra como o artesanato em pedra-sabão estimula a economia das comunidades onde está inserido.,https://bibliotecas.sebrae.com.br/chronus/ARQUIVOS_CHRONUS/CAPAS_ARTIGOS_APP/30/30.jpg,0,"https://www.sebrae.com.br/sites/PortalSebrae/artigos/aprenda-a-transformar-a-arte-em-pedra-sabao-num-negocio-rentavel,032dc53a24187810VgnVCM1000001b00320aRCRD",,,Sim,MEI; PF,Empreendedorismo,IDEIA DE NEGÓCIO,,Artesanato,0,NA,,,MEI; PF,Pessoa Física; Pessoa Jurídica,cff65e44-c8b5-3c41-9011-e8a1f03ee59f
10026,Aproveite as férias de inverno para aumentar suas vendas,Artigo,"Com um bom planejamento, você pode ganhar mais dinheiro nesse período. Confira!",https://bibliotecas.sebrae.com.br/chronus/ARQUIVOS_CHRONUS/CAPAS_ARTIGOS_APP/31/31.jpg,0,"https://www.sebrae.com.br/sites/PortalSebrae/artigos/aproveite-as-ferias-de-inverno-para-aumentar-suas-vendas,0f788b88ba73e410VgnVCM1000003b74010aRCRD",,,Sim,MEI; EPP; ME,Mercado e Vendas,ESTRATÉGIA DE VENDA,gestão de estoque; oportunidade de mercado; férias de inverno; planejamento estratégico; senso de oportunidade,Todos,0,NA,,,MEI; EPP; ME,Pessoa Jurídica,23668f8e-cd93-39b4-b04e-3ccab722d2a0
10027,Artesanato em marchetaria abre chances de negócios,Artigo,"Técnica de incrustação em madeira, a marchetaria, é rentável com a criação de produtos que vão desde decoração até acessórios de moda",https://bibliotecas.sebrae.com.br/chronus/ARQUIVOS_CHRONUS/CAPAS_ARTIGOS_APP/34/34.jpg,0,"https://www.sebrae.com.br/sites/PortalSebrae/artigos/artesanato-em-marchetaria-abre-chances-de-negocios,25000995fcf28810VgnVCM1000001b00320aRCRD",,,Sim,MEI; EPP; ME,Mercado e Vendas,PRODUTO,empreendedorismo; trabalho manual; Artesanado,Artesanato,0,NA,,,MEI; EPP; ME,Pessoa Jurídica,82a5dc58-d350-33b5-9e68-81f65d0465de
10028,Artigos para festas infantis devem obrigatoriamente ser certificados,Artigo,"Para garantir maior segurança ao consumidor, quem fabrica, importa ou vende esses produtos precisa adequá-los à norma ABNT.",https://bibliotecas.sebrae.com.br/chronus/ARQUIVOS_CHRONUS/CAPAS_ARTIGOS_APP/35/35.jpg,0,"https://www.sebrae.com.br/sites/PortalSebrae/artigos/artigos-para-festas-infantis-devem-obrigatoriamente-ser-certificados,c05db7c131738510VgnVCM1000004c00210aRCRD",,,Sim,MEI; EPP; ME,Organização,CERTIFICAÇÃO,,Eventos,0,NA,,,MEI; EPP; ME,Pessoa Jurídica,e5dc4d37-74e6-323d-8d9d-62e200602c3d
10029,10 estratégias de vendas online: como turbinar seu negócio na internet,Artigo,Descubra as melhores técnicas e estratégias de vendas online para impulsionar seu negócio. Aprenda a vender na internet de forma eficaz!,https://bibliotecas.sebrae.com.br/chronus/ARQUIVOS_CHRONUS/CAPAS_ARTIGOS_APP/36/36.png,0,"https://www.sebrae.com.br/sites/PortalSebrae/artigos/artigosEmpreendedorismo/10-estrategias-de-vendas-online-como-turbinar-seu-negocio-na-internet,3cfd2c3136b8b810VgnVCM1000001b00320aRCRD",,,Sim,Todos,Mercado e Vendas,NEGÓCIOS DIGITAIS,empreendedorismo; gestão; Vendas,Todos,0,NA,,,Todos,Pessoa Física; Pessoa Jurídica,07d801a3-1010-3bd3-8f61-f670f02c5e1b
10030,Capital de giro: aprenda o que é e como fazer,Artigo,"Tudo o que você precisa saber sobre o capital de giro: o que é, como fazer, e porque ele é tão importante para o desempenho da sua empresa",https://bibliotecas.sebrae.com.br/chronus/ARQUIVOS_CHRONUS/CAPAS_ARTIGOS_APP/37/37.jpg,0,"https://www.sebrae.com.br/sites/PortalSebrae/artigos/artigosFinancas/o-que-e-e-como-funciona-o-capital-de-giro,a4c8e8da69133410VgnVCM1000003b74010aRCRD",,,Sim,MEI; EPP; ME,Finanças,CAPITAL DE GIRO,,Todos,0,NA,,,MEI; EPP; ME,Pessoa Jurídica,27c13817-f210-3c72-9d97-8f793a918e2a
10031,O que é Planejamento Financeiro e como fazer a sua planilha de gastos,Artigo,Saiba como fazer o planejamento financeiro da sua empresa! Acesse um modelo gratuito de planilha de gastos e aprenda a fazer o controle das suas finanças.,https://bibliotecas.sebrae.com.br/chronus/ARQUIVOS_CHRONUS/CAPAS_ARTIGOS_APP/38/38.png,0,"https://www.sebrae.com.br/sites/PortalSebrae/artigos/artigosFinancas/o-que-e-planejamento-financeiro-e-como-fazer-a-sua-planilha-de-gastos,94168d2dd9b3c810VgnVCM1000001b00320aRCRD",,,Sim,MEI; EPP; ME,Finanças,CONTROLE FINANCEIRO,,Todos,0,NA,,,MEI; EPP; ME,Pessoa Jurídica,81d528b9-5017-354b-85eb-4723ec538a17
10032,D-Olho na Qualidade: 5S para os pequenos negócios,Artigo,"Senso de Utilização, Senso de Ordenação, Senso de Limpeza, Senso de Saúde e Senso de Autodisciplina.",https://bibliotecas.sebrae.com.br/chronus/ARQUIVOS_CHRONUS/CAPAS_ARTIGOS_APP/39/39.jpg,0,"https://www.sebrae.com.br/sites/PortalSebrae/artigos/artigoshome/d-olho-na-qualidade-5s-para-os-pequenos-negocios,1985438af1c92410VgnVCM100000b272010aRCRD",,,Sim,MEI; EPP; ME,Organização,QUALIDADE,produtividade; trabalho; empresas; produção; gestão da produção,Todos,0,NA,,,MEI; EPP; ME,Pessoa Jurídica,ecbefabf-6074-313c-a92a-103b2c470a35
10033,Parece golpe? E é mesmo! Saiba como não cair em fraudes,Artigo,Descubra o que fazer para cuidar da sua privacidade e não cair em golpes com o nome do Sebrae.,https://bibliotecas.sebrae.com.br/chronus/ARQUIVOS_CHRONUS/CAPAS_ARTIGOS_APP/41/41.png,0,"https://www.sebrae.com.br/sites/PortalSebrae/artigos/artigoshome/parece-golpe-e-e-mesmo-saiba-como-proteger-seu-negocio-de-fraudes,1d0a95cf61f2a710VgnVCM100000d701210aRCRD",,,Sim,MEI; EPP; ME,Empreendedorismo,EMPREENDEDOR,,Todos,0,NA,,,MEI; EPP; ME,Pessoa Jurídica,8f1ea321-ecc1-300f-8d5b-d5b6f5c37e54
10034,Planilha em Excel para auxiliar na construção do fluxo de caixa,Artigo,"Ferramenta é útil para realizar a análise financeira da empresa, que deve projetar, para períodos futuros, todas as entradas e as saídas de recursos financeiros",https://bibliotecas.sebrae.com.br/chronus/ARQUIVOS_CHRONUS/CAPAS_ARTIGOS_APP/42/42.png,0,"https://www.sebrae.com.br/sites/PortalSebrae/artigos/artigoshome/planilha-ajuda-a-fazer-fluxo-de-caixa-da-sua-empresa,adf8d53342603410VgnVCM100000b272010aRCRD",,,Sim,MEI; ME,Finanças,CONTABILIDADE,,Todos,0,NA,,,MEI; ME,Pessoa Jurídica,83cd01b8-2b17-38cb-aeec-68c616fc7ea3
10035,Acelere suas vendas pela internet com o Up Digital,Artigo,Especialistas em marketing digital para pequenos negócios ensinam na prática como alavancar seus resultados.,https://bibliotecas.sebrae.com.br/chronus/ARQUIVOS_CHRONUS/CAPAS_ARTIGOS_APP/43/43.jpg,0,"https://www.sebrae.com.br/sites/PortalSebrae/artigos/artigosMercado/quer-acelerar-suas-vendas-pela-internet,7f01b71cd2da1710VgnVCM1000004c00210aRCRD",,,Sim,MEI; EPP; ME,Inovação,INOVAÇÃO EM NEGÓCIOS DIGITAIS,,Todos,0,NA,,,MEI; EPP; ME,Pessoa Jurídica,54b066f9-9826-32cb-a703-d698dbf45bc2
10036,As competências básicas de um empreendedor de sucesso,Artigo,Resultados não acontecem por acaso. Saiba como elaborar um plano de desenvolvimento individual das competências necessárias ao sucesso pessoal e profissional.,https://bibliotecas.sebrae.com.br/chronus/ARQUIVOS_CHRONUS/CAPAS_ARTIGOS_APP/45/45.png,0,"https://www.sebrae.com.br/sites/PortalSebrae/artigos/as-competencias-basicas-de-um-empreendedor-de-sucesso,267ee0a0fbd72810VgnVCM100000d701210aRCRD",,,Sim,MEI; ME,Empreendedorismo,COMPORTAMENTO EMPREENDEDOR,competências; Empreendedor; sucesso,Todos,0,NA,,,MEI; ME,Pessoa Jurídica,c9d74a4d-c8eb-3a1e-8136-e69fac86c6c1
10037,Associações comunitárias: a união faz a força,Artigo,"Sem fins lucrativos, as associações comunitárias ampliam a força de cidadãos, consumidores ou empresários.",https://bibliotecas.sebrae.com.br/chronus/ARQUIVOS_CHRONUS/CAPAS_ARTIGOS_APP/46/46.jpg,0,"https://www.sebrae.com.br/sites/PortalSebrae/artigos/associacoes-comunitarias-a-uniao-faz-a-forca,81f94ca4458a6810VgnVCM1000001b00320aRCRD",,,Sim,MEI; ME,Cooperação,COOPERAÇÃO,,Associações,0,NA,,,MEI; ME,Pessoa Jurídica,22beac1b-0015-389c-b15b-1643f7ae1dde
10038,Atendimento ao cliente: o que é e como fidelizar o consumidor,Artigo,"Veja por que o bom atendimento é essencial para o sucesso do seu negócio. Descubra o segredo para oferecer um bom atendimento, fidelizar clientes e vender mais.",https://bibliotecas.sebrae.com.br/chronus/ARQUIVOS_CHRONUS/CAPAS_ARTIGOS_APP/47/47.png,0,"https://www.sebrae.com.br/sites/PortalSebrae/artigos/atendimento-ao-cliente-o-que-e-como-fazer-para-fidelizar-o-consumidor,e4b0af9d324bb810VgnVCM1000001b00320aRCRD",,,Sim,MEI; EPP; ME,Mercado e Vendas,ATENDIMENTO AO CLIENTE,,Todos,0,NA,,,MEI; EPP; ME,Pessoa Jurídica,59bebc7d-ff86-3fe7-9c2b-c36cd3835880
10039,Atraia o investidor ideal para a sua startup,Artigo,Confira as opções de investimento disponíveis e escolha a melhor modalidade de acordo com a fase da sua startup.,https://bibliotecas.sebrae.com.br/chronus/ARQUIVOS_CHRONUS/CAPAS_ARTIGOS_APP/48/48.jpg,0,"https://www.sebrae.com.br/sites/PortalSebrae/artigos/atraia-o-investidor-ideal-para-a-sua-startup,42c05e593df83810VgnVCM100000d701210aRCRD",,,Sim,EPP; ME,Finanças,SERVIÇOS FINANCEIROS,investidor anjo; startup; aceleradoras; capital semente,Todos,0,NA,,,EPP; ME,Pessoa Jurídica,9a8e02f2-3b5f-35b2-bdd3-f8b6f17e0d06
10040,Aumente a força do seu negócio importando produtos fitness,Artigo,Importar whey protein e outros suplementos alimentares são excelentes oportunidades para pequenos negócios que revendem produtos fitness.,https://bibliotecas.sebrae.com.br/chronus/ARQUIVOS_CHRONUS/CAPAS_ARTIGOS_APP/49/49.jpg,0,"https://www.sebrae.com.br/sites/PortalSebrae/artigos/aumente-a-forca-do-seu-negocio-importando-produtos-fitness,9f93763e3c656810VgnVCM1000001b00320aRCRD",,,Sim,EPP; ME,Inovação,INTERNACIONALIZAÇÃO DE EMPRESAS,,Academias e atividades físicas,0,NA,,,EPP; ME,Pessoa Jurídica,034db373-3db7-3991-b043-750958c4eb64
10041,Conte com o cliente oculto para avaliar seu negócio,Artigo,Um consumidor disfarçado é contratado e faz a análise do atendimento de seu negócio e testa o nível de satisfação da clientela.,https://bibliotecas.sebrae.com.br/chronus/ARQUIVOS_CHRONUS/CAPAS_ARTIGOS_APP/50/50.png,0,"https://www.sebrae.com.br/sites/PortalSebrae/artigos/avalie-sua-empresa-utilizando-o-cliente-oculto,bd1a8fa0672f0510VgnVCM1000004c00210aRCRD",,,Sim,MEI; EPP; ME,Organização,MÉTODO DE ANÁLISE E MELHORIA,,Todos,0,NA,,,MEI; EPP; ME,Pessoa Jurídica,1526013c-8c85-38a4-b894-1bfd7507bb13
10042,Benefícios previdenciários do titular do MEI,Artigo,"O microempreendedor titular do MEI tem direito a muitos benefícios, desde aposentadoria por idade ou invalidez até auxílio-doença e salário-maternidade.",https://bibliotecas.sebrae.com.br/chronus/ARQUIVOS_CHRONUS/CAPAS_ARTIGOS_APP/51/51.jpg,0,"https://www.sebrae.com.br/sites/PortalSebrae/artigos/beneficios-previdenciarios-do-titular-do-mei,2203fa27f7e96810VgnVCM1000001b00320aRCRD",,,Sim,MEI,Leis,MICROEMPREENDEDOR INDIVIDUAL,MEI; benefícios previdenciários,Todos,0,NA,,,MEI,Pessoa Jurídica,1c8a1ae9-a8c7-34db-ae4e-abdd0be7d9d4
10043,Biotecnologia e sustentabilidade na área de cosméticos e beleza,Artigo,Biotecnologia e beleza caminham de mãos dadas quando se discute o futuro da cosmetologia sob a ótica da sustentabilidade.,https://bibliotecas.sebrae.com.br/chronus/ARQUIVOS_CHRONUS/CAPAS_ARTIGOS_APP/53/53.jpg,0,"https://www.sebrae.com.br/sites/PortalSebrae/artigos/biotecnologia-e-sustentabilidade-na-area-de-cosmeticos-e-beleza,7d6efaa1f1d34810VgnVCM100000d701210aRCRD",,,Sim,MEI; EPP; ME,Inovação,SUSTENTABILIDADE,cosméticos; biotecnologia; sustentabilidade; beleza,Beleza; Indústria de base tecnológica,0,NA,,,MEI; EPP; ME,Pessoa Jurídica,dfdf8650-4bad-3943-91af-75a97ae50e2d
10044,Black Friday: vendas à vista ou a prazo?,Artigo,"Para a edição de 2024 da Black Friday, o empreendedor deve tomar a decisão de vender à vista ou a prazo, com base na necessidade atual do seu fluxo de caixa",https://bibliotecas.sebrae.com.br/chronus/ARQUIVOS_CHRONUS/CAPAS_ARTIGOS_APP/54/54.jpg,0,"https://www.sebrae.com.br/sites/PortalSebrae/artigos/black-friday-vendas-a-vista-ou-a-prazo,0aef9482b04a4810VgnVCM100000d701210aRCRD",,,Sim,MEI; EPP; ME,Mercado e Vendas,PROMOÇÃO,formas de pagamento; Black Friday; vendas a vista; vendas a prazo,Todos,1,NA,,,MEI; EPP; ME,Pessoa Jurídica,9d7c845a-2de4-3810-b647-6680815653c0
10045,Boas-práticas de manejo alimentar na apicultura,Artigo,"Com mercado em alta, os apicultores devem estar atentos à alimentação das abelhas para produzirem melhor e mais.",https://bibliotecas.sebrae.com.br/chronus/ARQUIVOS_CHRONUS/CAPAS_ARTIGOS_APP/55/55.jpg,0,"https://www.sebrae.com.br/sites/PortalSebrae/artigos/boas-praticas-de-manejo-alimentar-na-apicultura,8a2a683ad42a5810VgnVCM1000001b00320aRCRD",,,Sim,MEI; EPP; ME,Organização,PRODUÇÃO,produtividade; apicultura,Apicultura,0,NA,,,MEI; EPP; ME,Pessoa Jurídica,a13d8d80-11c3-3c4d-a36c-ea22cae35c98
10046,Café colonial? Conheça a oportunidade de negócios comfort food,Artigo,A variedade do café colonial é o segredo para conquistar os clientes que buscam nesse tipo de refeição uma experiência comfort food.,https://bibliotecas.sebrae.com.br/chronus/ARQUIVOS_CHRONUS/CAPAS_ARTIGOS_APP/57/57.jpg,0,"https://www.sebrae.com.br/sites/PortalSebrae/artigos/cafe-colonial-conheca-a-oportunidade-de-negocios-comfort-food,0e708c6750406810VgnVCM1000001b00320aRCRD",,,Sim,PF,Empreendedorismo,IDEIA DE NEGÓCIO,comfort food; oportunidade de negócios,Todos,0,NA,,,PF,Pessoa Física,14f0b27f-0ed0-36f4-b2f2-26b45f59230e
10047,Carnaval: hora de abrir alas para uma parceria com bons fornecedores,Artigo,Saiba onde e como encontrar bons fornecedores para vender mais produtos durante o carnaval.,https://bibliotecas.sebrae.com.br/chronus/ARQUIVOS_CHRONUS/CAPAS_ARTIGOS_APP/62/62.jpg,0,"https://www.sebrae.com.br/sites/PortalSebrae/artigos/carnaval-hora-de-abrir-alas-para-uma-parceria-com-bons-fornecedores,4f3ad567844f5810VgnVCM1000001b00320aRCRD",,,Sim,PF,Organização,CONTROLE DE PROCESSO,Clique aqui e aprenda ainda mais sobre como comprar bem e de bons fornecedores!,Todos,0,NA,,,PF,Pessoa Física,6e58ab04-1323-324f-8b5a-3aab89ded933
10048,Certificações ajudam cooperativas a ganhar competitividade ao exportar,Artigo,Certificações comprovam que cooperativas cumprem requisitos legais e ressaltam as qualidades dos produtos exportados.,https://bibliotecas.sebrae.com.br/chronus/ARQUIVOS_CHRONUS/CAPAS_ARTIGOS_APP/66/66.jpg,0,"https://www.sebrae.com.br/sites/PortalSebrae/artigos/certificacoes-ajudam-cooperativas-a-ganhar-competitividade-ao-exportar,e8f6af40c74e5810VgnVCM1000001b00320aRCRD",,,Sim,MEI; EPP; ME,Cooperação,COOPERATIVA,Cooperativismo; certificação; comércio exterior,Associações,0,NA,,,MEI; EPP; ME,Pessoa Jurídica,0c08e6d5-9d1c-3c08-9e27-8a1065e33229
10049,Cestas para emocionar e fazer bons negócios no Dia das Mães,Artigo,Planeje as vendas para aumentar o faturamento do seu empreendimento,https://bibliotecas.sebrae.com.br/chronus/ARQUIVOS_CHRONUS/CAPAS_ARTIGOS_APP/67/67.jpg,0,"https://www.sebrae.com.br/sites/PortalSebrae/artigos/cestas-para-emocionar-e-fazer-bons-negocios-no-dia-das-maes,d62a26c462e10810VgnVCM100000d701210aRCRD",,,Sim,MEI; EPP; ME,Mercado e Vendas,DEMANDA DE CONSUMO,oportunidade de negócio; Dia das Mães; presentes; cesta de café da manhã; Empreendedorismo,Todos,1,NA,,,MEI; EPP; ME,Pessoa Jurídica,1bdb907f-c6c6-34e9-b7f0-0f9e06498932
10050,Cimento sem carbono reduz emissões dos gases de efeito estufa,Artigo,"Além de reduzir a emissão de gases de efeito estufa, o cimento sem carbono captura os gases causadores do aquecimento global.",https://bibliotecas.sebrae.com.br/chronus/ARQUIVOS_CHRONUS/CAPAS_ARTIGOS_APP/68/68.jpg,0,"https://www.sebrae.com.br/sites/PortalSebrae/artigos/cimento-sem-carbono-reduz-emissoes-dos-gases-de-efeito-estufa,9482e5badbca5810VgnVCM1000001b00320aRCRD",,,Sim,MEI; EPP; ME,Inovação,DIFERENCIAL,,Pesca,0,NA,,,MEI; EPP; ME,Pessoa Jurídica,2d12d5ad-28c6-3017-a3dc-afb1a93517e7
10051,Cliente fidelizado quer desconto na Black Friday. Aproveite a data!,Artigo,"Com a Black Friday, é possível atrair novos clientes e fidelizá-los. Confira 5 estratégias para aproveitar essa data com promoções e descontos.",https://bibliotecas.sebrae.com.br/chronus/ARQUIVOS_CHRONUS/CAPAS_ARTIGOS_APP/69/69.jpg,0,"https://www.sebrae.com.br/sites/PortalSebrae/artigos/cliente-fidelizado-quer-desconto-na-black-friday-aproveite-a-data,c9f2b5161d155710VgnVCM1000004c00210aRCRD",,,Sim,MEI; ME,Mercado e Vendas,VENDA,black friday 2020; black friday; dicas,Todos,1,NA,,,MEI; ME,Pessoa Jurídica,efabeccc-0957-3240-8c2f-8dfbc6051f5f
10052,Como a gestão financeira pode ajudar o MEI,Artigo,"Para que um negócio possa sobreviver e manter-se num mercado cada vez mais competitivo, torna-se necessário que o MEI faça a sua gestão de forma eficiente.",https://bibliotecas.sebrae.com.br/chronus/ARQUIVOS_CHRONUS/CAPAS_ARTIGOS_APP/71/71.jpg,0,"https://www.sebrae.com.br/sites/PortalSebrae/artigos/como-a-gestao-financeira-pode-ajudar-o-mei,eb6d16ba3f862810VgnVCM100000d701210aRCRD",,,Sim,MEI,Finanças,GESTÃO FINANCEIRA,MEI; finanças; gestão financeira,Todos,0,NA,,,MEI,Pessoa Jurídica,58f1d722-68b7-3fb2-aef5-0d27e6e25582
10053,Como aplicar a ética digital no seu negócio?,Artigo,"Com a transformação digital, surgem oportunidades e responsabilidades. O empreendedor digital precisa estar atento e atuar com ética digital.",https://bibliotecas.sebrae.com.br/chronus/ARQUIVOS_CHRONUS/CAPAS_ARTIGOS_APP/72/72.jpg,0,"https://www.sebrae.com.br/sites/PortalSebrae/artigos/como-aplicar-a-etica-digital-no-seu-negocio,bddbaa85f0b25810VgnVCM100000d701210aRCRD",,,Sim,Todos,Mercado e Vendas,NEGÓCIOS DIGITAIS,Ética digital; LGPD,Todos,0,NA,,,Todos,Pessoa Física; Pessoa Jurídica,9517f514-9452-32ec-82f0-9cf8acaf5cd9
10054,Como aumentar a produtividade e lucrar mais?,Artigo,"Entrevista com Tathiane Deândhela, fundadora do Instituto Deândhela",https://bibliotecas.sebrae.com.br/chronus/ARQUIVOS_CHRONUS/CAPAS_ARTIGOS_APP/73/73.jpg,0,"https://www.sebrae.com.br/sites/PortalSebrae/artigos/como-aumentar-a-produtividade-e-lucrar-mais,dd08af8fc8605810VgnVCM100000d701210aRCRD",,,Sim,MEI; EPP; ME,Organização,FLUXO PRODUTIVO,produtividade; Tathiane Deândhela; Instituto Deândhela,Todos,0,NA,,,MEI; EPP; ME,Pessoa Jurídica,8b460e81-f947-3bf1-b188-0910f627838d
10055,Como aumentar o nível de acesso da conta GOV.BR?,Artigo,"Para acessar serviços mais complexos, a plataforma GOV.BR exige maior nível de segurança. Neste artigo, ensinamos o caminho.",https://bibliotecas.sebrae.com.br/chronus/ARQUIVOS_CHRONUS/CAPAS_ARTIGOS_APP/74/74.jpg,0,"https://www.sebrae.com.br/sites/PortalSebrae/artigos/como-aumentar-o-nivel-de-acesso-da-conta-govbr,1d369c18fedb6810VgnVCM1000001b00320aRCRD",,,Sim,MEI; EPP; ME,Inovação,INOVAÇÃO,GOV.BR; Portal,Todos,0,NA,,,MEI; EPP; ME,Pessoa Jurídica,aa1f197b-329c-3fbf-88d1-44d1baddd110
10056,Como começar a vender autopeças pela internet,Artigo,"O comércio on-line é uma ótima maneira de conquistar clientes e aumentar os lucros, mas o empresário precisa se atentar a alguns pontos para garantir o sucesso.",https://bibliotecas.sebrae.com.br/chronus/ARQUIVOS_CHRONUS/CAPAS_ARTIGOS_APP/75/75.jpg,0,"https://www.sebrae.com.br/sites/PortalSebrae/artigos/como-comecar-a-vender-autopecas-pela-internet,6917e7e1521e8510VgnVCM1000004c00210aRCRD",,,Sim,MEI; EPP; ME,Mercado e Vendas,COMÉRCIO ELETRÔNICO,Inovação; Vendas ; E-commerce; Varejo de Autopeças,Comércio varejista de autopeças,0,NA,,,MEI; EPP; ME,Pessoa Jurídica,8d2c9c9b-abb0-3e8b-8540-344a03e3cf67
10057,Como desenvolver o comportamento do empreendedor,Artigo,"As dez características do comportamento empreendedor, quando estimuladas e desenvolvidas, possibilitam transformar uma ideia em empreendimento de sucesso.",https://bibliotecas.sebrae.com.br/chronus/ARQUIVOS_CHRONUS/CAPAS_ARTIGOS_APP/77/77.jpg,0,"https://www.sebrae.com.br/sites/PortalSebrae/artigos/como-desenvolver-o-comportamento-do-empreendedor,bf3bf253be2a6810VgnVCM1000001b00320aRCRD",,,Sim,MEI; PF; ME,Empreendedorismo,COMPORTAMENTO EMPREENDEDOR,comportamento empreendedor; empreendimento de sucesso; habilidades,Todos,0,NA,,,MEI; PF; ME,Pessoa Física; Pessoa Jurídica,02a757ca-717a-30ef-bade-d00627e73e9b
10058,Como é o comportamento do consumidor da geração Z,Artigo,Entender as gerações é importante para direcionar suas ações de marketing digital e conquistar mais clientes.,https://bibliotecas.sebrae.com.br/chronus/ARQUIVOS_CHRONUS/CAPAS_ARTIGOS_APP/78/78.jpg,0,"https://www.sebrae.com.br/sites/PortalSebrae/artigos/como-e-o-comportamento-do-consumidor-da-geracao-z,6fd256cd6b362810VgnVCM100000d701210aRCRD",,,Sim,MEI; EPP; ME,Mercado e Vendas,MARKETING ESTRATÉGICO,Comportamento do consumidor; Geração Z,Todos,0,NA,,,MEI; EPP; ME,Pessoa Jurídica,7c88e3f0-8b23-3980-80ba-f78731a6ecfc
10059,Como e por que digitalizar o setor financeiro da sua empresa?,Artigo,"Não importa o tamanho da empresa, é preciso cuidar da gestão financeira para a saúde do negócio. Digitalizar o setor financeiro é um dos passos a tomar.",https://bibliotecas.sebrae.com.br/chronus/ARQUIVOS_CHRONUS/CAPAS_ARTIGOS_APP/79/79.jpg,0,"https://www.sebrae.com.br/sites/PortalSebrae/artigos/como-e-por-que-digitalizar-o-setor-financeiro-da-sua-empresa,f24286a811608810VgnVCM1000001b00320aRCRD",,,Sim,MEI; ME,Finanças,ATIVIDADE FINANCEIRA,financeiro; digitalização,Todos,0,NA,,,MEI; ME,Pessoa Jurídica,21e6cf13-3809-3a73-8572-4add032de8f0
10060,Como emitir e pagar a guia DAS-MEI,Artigo,Pagar mensalmente a guia DAS-MEI é a principal obrigação de todo o MEI. E é muito fácil e prático emitir e pagar o documento.,https://bibliotecas.sebrae.com.br/chronus/ARQUIVOS_CHRONUS/CAPAS_ARTIGOS_APP/81/81.jpg,0,"https://www.sebrae.com.br/sites/PortalSebrae/artigos/como-emitir-e-pagar-a-guia-das-mei,f59c66691a847810VgnVCM1000001b00320aRCRD",,,Sim,MEI,Empreendedorismo,EMPREENDEDOR,MEI; Pagar; guia,Todos,0,NA,,,MEI,Pessoa Jurídica,46a07325-8938-3a08-83dd-e446a15ca621
10061,Como empresas de alimentação podem se posicionar nas redes sociais?,Artigo,Entenda como utilizar redes sociais para se comunicar com seus clientes.,https://bibliotecas.sebrae.com.br/chronus/ARQUIVOS_CHRONUS/CAPAS_ARTIGOS_APP/82/82.png,0,"https://www.sebrae.com.br/sites/PortalSebrae/artigos/como-empresas-de-alimentacao-podem-se-posicionar-nas-redes-sociais,73f5c55cb1ca1810VgnVCM100000d701210aRCRD",,,Sim,MEI; EPP; ME,Empreendedorismo,GESTÃO,alimentação ; redes sociais ,Serviços de alimentação,0,NA,,,MEI; EPP; ME,Pessoa Jurídica,ac6fe07c-2ef2-3ed6-9b83-80b7a6d34724
10062,Como empresas de alimentação podem se posicionar nas redes sociais?,Artigo,Entenda como utilizar redes sociais para se comunicar com seus clientes e veja exemplos no ramo de sorvetes,https://bibliotecas.sebrae.com.br/chronus/ARQUIVOS_CHRONUS/CAPAS_ARTIGOS_APP/83/83.png,0,"https://www.sebrae.com.br/sites/PortalSebrae/artigos/como-empresas-de-alimentacao-podem-se-posicionar-nas-redes-sociais,8ed9c1662ab51710VgnVCM1000004c00210aRCRD",,,Sim,MEI; EPP; ME,Empreendedorismo,GESTÃO,Redes Sociais; Posicionamento; Marketing,Serviços de alimentação,0,NA,,,MEI; EPP; ME,Pessoa Jurídica,90f5cdbf-00f0-3fef-959e-2417e65b5e2c
10063,Como fazer a gestão financeira do pequeno negócio,Artigo,"Tarefas administrativas como gestão de pessoas, controles de custos, estrutura física e gestão comercial merecem atenção.",https://bibliotecas.sebrae.com.br/chronus/ARQUIVOS_CHRONUS/CAPAS_ARTIGOS_APP/84/84.jpg,0,"https://www.sebrae.com.br/sites/PortalSebrae/artigos/como-fazer-a-gestao-financeira-do-pequeno-negocio,d999a442d2e5a410VgnVCM1000003b74010aRCRD",,,Sim,MEI; EPP; ME,Finanças,GESTÃO FINANCEIRA,Finanças; Planejamento; Gestão financeira,Todos,0,NA,,,MEI; EPP; ME,Pessoa Jurídica,6440e2c6-2546-3bab-afda-5ec3001c9b1a
10064,Como fazer um plano de marketing,Artigo,Estabelecer um plano de marketing pode trazer impacto direto no crescimento da empresa.,https://bibliotecas.sebrae.com.br/chronus/ARQUIVOS_CHRONUS/CAPAS_ARTIGOS_APP/85/85.jpg,0,"https://www.sebrae.com.br/sites/PortalSebrae/artigos/como-fazer-um-plano-de-marketing,aa74b6ca7f5e3810VgnVCM100000d701210aRCRD",,,Sim,MEI; EPP; ME,Mercado e Vendas,MARKETING,Planejamento; Plano de Marketing; Marketing,Todos,0,NA,,,MEI; EPP; ME,Pessoa Jurídica,cd0c71d4-fdca-3f87-92cb-5c998b8e9e12
10065,Como funciona o mercado livre de energia,Artigo,"A cada ano, mais consumidores migram para o mercado livre em busca de economia no gasto com energia elétrica, além das várias outras vantagens",https://bibliotecas.sebrae.com.br/chronus/ARQUIVOS_CHRONUS/CAPAS_ARTIGOS_APP/86/86.jpg,0,"https://www.sebrae.com.br/sites/PortalSebrae/artigos/como-funciona-o-mercado-livre-de-energia,b4e21fed76ee4810VgnVCM100000d701210aRCRD",,,Sim,MEI; EPP; ME,Inovação,INICIATIVA SUSTENTÁVEL,energia ; mercado,Energia; Serviços de construção; Serviços públicos,0,NA,,,MEI; EPP; ME,Pessoa Jurídica,192b7a2a-02fe-3b96-93d2-0927cf4a6291
10066,Como funcionam as rodadas de negócios,Artigo,"Rodadas de negócios são oportunidades para a cooperativa mostrar produtos e serviços, contatar parceiros, criar networking e realizar bons acordos.",https://bibliotecas.sebrae.com.br/chronus/ARQUIVOS_CHRONUS/CAPAS_ARTIGOS_APP/87/87.jpg,0,"https://www.sebrae.com.br/sites/PortalSebrae/artigos/como-funcionam-as-rodadas-de-negocios,bb95af40c74e5810VgnVCM1000001b00320aRCRD",,,Sim,MEI; EPP; ME,Cooperação,COOPERATIVA,rodada; negócios,Associações,0,NA,,,MEI; EPP; ME,Pessoa Jurídica,1387e503-ac55-33ae-bd46-bfb88b533743
10067,Como implantar uma cultura de inovação na sua empresa?,Artigo,A cultura da inovação é aquela que proporciona a criação de um ambiente de trabalho onde o pensamento criativo é apoiado e incentivado.,https://bibliotecas.sebrae.com.br/chronus/ARQUIVOS_CHRONUS/CAPAS_ARTIGOS_APP/89/89.jpg,0,"https://www.sebrae.com.br/sites/PortalSebrae/artigos/como-implantar-uma-cultura-de-inovacao-na-sua-empresa,b9bcd6b90ed24810VgnVCM100000d701210aRCRD",,,Sim,MEI; PF,Empreendedorismo,INICIATIVA EMPREENDEDORA,cultura de inovação; liderança; inovação,Todos,0,NA,,,MEI; PF,Pessoa Física; Pessoa Jurídica,f7f09dcc-78ea-3fcc-9959-6a5a288c8efb
10068,Como melhorar as habilidades empreendedoras,Artigo,Treinamento e capacitação são as chaves para desenvolver habilidades empreendedoras. Saiba mais!,https://bibliotecas.sebrae.com.br/chronus/ARQUIVOS_CHRONUS/CAPAS_ARTIGOS_APP/91/91.jpg,0,"https://www.sebrae.com.br/sites/PortalSebrae/artigos/como-melhorar-as-habilidades-empreendedoras,5cdaae74924a3810VgnVCM100000d701210aRCRD",,,Sim,MEI; ME,Empreendedorismo,NEGÓCIO,Treinamento; Empreendedor; Habilidades empreendedoras,Todos,0,NA,,,MEI; ME,Pessoa Jurídica,656be0ad-94fc-3519-9465-fd31b4c26d1b
10069,Como obter financiamento para startup,Artigo,"Mercado, necessidades e disposição para pagar pela solução são alguns dos questionamentos que devem ser feitos antes de obter um financiamento.",https://bibliotecas.sebrae.com.br/chronus/ARQUIVOS_CHRONUS/CAPAS_ARTIGOS_APP/92/92.jpg,0,"https://www.sebrae.com.br/sites/PortalSebrae/artigos/como-obter-financiamento-para-startup,201a5415e6433410VgnVCM1000003b74010aRCRD",,,Sim,MEI; EPP; ME,Finanças,FINANCIAMENTO,financiamento; startup; ideias inovadoras; investimento,TIC,0,NA,,,MEI; EPP; ME,Pessoa Jurídica,ee3d051a-c449-3dcc-9034-9db0dcf32dc9
10070,Como obter lucros com fornecedores parceiros na Black Friday?,Artigo,"Empreendedor, preparar o seu negócio para a Black Friday, também depende das parcerias inteligentes feitas com os seus fornecedores. Saiba mais.",https://bibliotecas.sebrae.com.br/chronus/ARQUIVOS_CHRONUS/CAPAS_ARTIGOS_APP/93/93.jpg,0,"https://www.sebrae.com.br/sites/PortalSebrae/artigos/como-obter-lucros-com-fornecedores-parceiros-na-black-friday,ec859930f34b3810VgnVCM100000d701210aRCRD",,,Sim,MEI,Mercado e Vendas,PREÇO,mei; black friday; empreendedor acesso a mercado; sebrae todo dia,Todos,1,NA,,,MEI,Pessoa Jurídica,d7c20e85-ad74-36f8-8b3a-dcae2f54b38e
10071,Como obter sucesso no mercado de inseminação artificial em bovinos?,Artigo,"Essa é uma técnica de reprodução animal com grande potencial de mercado, que objetiva melhorar a eficiência reprodutiva e genética dos bovinos.",https://bibliotecas.sebrae.com.br/chronus/ARQUIVOS_CHRONUS/CAPAS_ARTIGOS_APP/94/94.png,0,"https://www.sebrae.com.br/sites/PortalSebrae/artigos/como-obter-sucesso-no-mercado-de-inseminacao-artificial-em-bovinos,5ae485ada9c95810VgnVCM1000001b00320aRCRD",,,Sim,MEI; EPP; ME,Inovação,AUMENTO DA EFICIÊNCIA PRODUTIVA,pecuária; bovinos; inseminação,Criação de animais (exceto para corte e leite),0,NA,,,MEI; EPP; ME,Pessoa Jurídica,44aa6466-ae24-3dfe-8957-fae45575aba1
10072,Como posso vender mais no Dia das Mães?,Artigo,Que o Dia das Mães toca o coração dos consumidores e estimula a venda todos já sabem. Afinal de contas ninguém deixa de presentear aquela que faz tudo por todos,https://bibliotecas.sebrae.com.br/chronus/ARQUIVOS_CHRONUS/CAPAS_ARTIGOS_APP/95/95.jpg,0,"https://www.sebrae.com.br/sites/PortalSebrae/artigos/como-posso-vender-mais-no-dia-das-maes,f68047521b591810VgnVCM100000d701210aRCRD",,,Sim,MEI; EPP; ME,Mercado e Vendas,VENDA VAREJISTA,ESTRATÉGIAS DE VENDAS; DIA DAS MÃES,Comércio varejista de alimentos e bebidas; Comércio da moda; Comércio varejista - Diversos; Panificação; Serviços de alimentação,0,NA,,,MEI; EPP; ME,Pessoa Jurídica,625d83a7-cf66-3610-867e-4415f2c25d59
10073,Como potencializar suas vendas durante a Cyber Monday?,Artigo,"A Cyber Monday, ou segunda-feira cibernética, possui grande potencial econômico dentro do comércio de eletrônicos, acontecendo logo após a Black Friday.",https://bibliotecas.sebrae.com.br/chronus/ARQUIVOS_CHRONUS/CAPAS_ARTIGOS_APP/96/96.jpg,0,"https://www.sebrae.com.br/sites/PortalSebrae/artigos/como-potencializar-suas-vendas-durante-a-cyber-monday,828ef0e1475c2810VgnVCM100000d701210aRCRD",,,Sim,MEI; EPP; ME,Inovação,INOVAÇÃO EM NEGÓCIOS DIGITAIS,tecnologia; vendas; e-commerce,Todos,0,NA,,,MEI; EPP; ME,Pessoa Jurídica,0d6ff704-6cc7-39e9-b37a-6de77dea8167
10074,Como promover uma cultura de diversidade e inclusão na sua empresa,Artigo,Estratégias de marketing digital que trazem ações inclusivas e de apoio à diversidade conseguem gerar uma maior conexão com os potenciais clientes.,https://bibliotecas.sebrae.com.br/chronus/ARQUIVOS_CHRONUS/CAPAS_ARTIGOS_APP/97/97.jpg,0,"https://www.sebrae.com.br/sites/PortalSebrae/artigos/como-promover-uma-cultura-de-diversidade-e-inclusao-na-sua-empresa,915d6621e4184810VgnVCM100000d701210aRCRD",,,Sim,MEI; EPP; ME,Mercado e Vendas,MARKETING,Equidade; Inclusão; Diversidade; Marketing Digital,Todos,0,NA,,,MEI; EPP; ME,Pessoa Jurídica,709319eb-fc9b-3505-81c6-f2272f3d5ebe
10075,Como reduzir custos de logística internacional,Artigo,Entenda os canais de distribuição e como reduzir os custos de logística internacional.,https://bibliotecas.sebrae.com.br/chronus/ARQUIVOS_CHRONUS/CAPAS_ARTIGOS_APP/98/98.jpg,0,"https://www.sebrae.com.br/sites/PortalSebrae/artigos/como-reduzir-custos-de-logistica-internacional,5c34b8e3a70e5810VgnVCM1000001b00320aRCRD",,,Sim,MEI; EPP; ME,Organização,LOGÍSTICA,Logística; Negociação; Otimização,Logística e transporte,0,NA,,,MEI; EPP; ME,Pessoa Jurídica,5c28a4dd-6010-35af-abe5-b5d8f0bcc852
10076,Como saber se sua startup é inovadora,Artigo,Você não tem como saber exatamente que sua ideia é inovadora até que você consiga colocá-la em prática e testar seus resultados.,https://bibliotecas.sebrae.com.br/chronus/ARQUIVOS_CHRONUS/CAPAS_ARTIGOS_APP/99/99.jpg,0,"https://www.sebrae.com.br/sites/PortalSebrae/artigos/como-saber-se-sua-startup-e-inovadora,12292bf060b93410VgnVCM1000003b74010aRCRD",,,Sim,EPP; ME,Inovação,STARTUP,startup; pitch; inovação,TIC,0,NA,,,EPP; ME,Pessoa Jurídica,07b5da14-2ed3-3895-808a-1c61341d1b76
10077,Como solucionar falhas de construção na entrega de imóveis,Artigo,"Por mais que a construção seja realizada com zelo, falhas podem ocorrer e as reclamações de clientes podem gerar inúmeros problemas.",https://bibliotecas.sebrae.com.br/chronus/ARQUIVOS_CHRONUS/CAPAS_ARTIGOS_APP/100/100.jpg,0,"https://www.sebrae.com.br/sites/PortalSebrae/artigos/como-solucionar-falhas-de-construcao-na-entrega-de-imoveis,b681bb90f4da5810VgnVCM1000001b00320aRCRD",,,Sim,MEI; EPP; ME,Planejamento,DIVERSIFICAÇÃO,falhas; imóveis; construção,NA,0,NA,,,MEI; EPP; ME,Pessoa Jurídica,dac893ef-61e1-379b-85e6-995287c557fe
10078,"Como superar os obstáculos da sua jornada, com Natalia Beauty",Artigo,Descubra como a empreendedora saiu das dívidas e construiu um império de beleza começando com pouco,https://bibliotecas.sebrae.com.br/chronus/ARQUIVOS_CHRONUS/CAPAS_ARTIGOS_APP/101/101.jpg,0,"https://www.sebrae.com.br/sites/PortalSebrae/artigos/como-superar-os-obstaculos-da-sua-jornada-com-natalia-beauty,32eef9565578f810VgnVCM1000001b00320aRCRD",,,Sim,MEI; ME,Empreendedorismo,ATITUDE EMPREENDEDORA,marketeira; mei; empreendedora; marketing; empreendedorismo; empreendimento; influencers; marketing digital; Natalia Beauty; influenciadora digital; jornada empreendedora,Beleza,0,NA,,,MEI; ME,Pessoa Jurídica,352ce40c-975e-3f5a-9f2d-0e17ac0f04a1
10079,Como ter foco e ser mais produtivo,Artigo,"Focar é mais do que se concentrar: é uma abordagem de trabalho que pode diminuir as distrações, ter controle do tempo e se proteger do esgotamento psicológico",https://bibliotecas.sebrae.com.br/chronus/ARQUIVOS_CHRONUS/CAPAS_ARTIGOS_APP/102/102.jpg,0,"https://www.sebrae.com.br/sites/PortalSebrae/artigos/como-ter-foco-e-ser-mais-produtivo,2bcd62358cde4810VgnVCM100000d701210aRCRD",,,Sim,MEI; ME,Empreendedorismo,ATITUDE EMPREENDEDORA,Produtividade; Foco; Produtivo,Todos,0,NA,,,MEI; ME,Pessoa Jurídica,250e388c-5430-3d18-a6a7-27a0d4914e91
10080,Como treinar o comportamento empreendedor,Artigo,"Ser empreendedor exige dedicação, persistência, mas, sobretudo aprendizado constante.",https://bibliotecas.sebrae.com.br/chronus/ARQUIVOS_CHRONUS/CAPAS_ARTIGOS_APP/103/103.jpg,0,"https://www.sebrae.com.br/sites/PortalSebrae/artigos/como-treinar-o-comportamento-empreendedor,cab6ed7a8fb56810VgnVCM1000001b00320aRCRD",,,Sim,MEI; EPP; ME,Empreendedorismo,EMPREENDEDOR,Empreendedor; Negócios; Empreendimento,Todos,0,NA,,,MEI; EPP; ME,Pessoa Jurídica,a8e94187-22dd-3e03-ae30-2e52ba92c1bb
10081,Como utilizar a realidade aumentada em eventos,Artigo,Conheça as possibilidades que a realidade aumentada oferece para a realização de eventos em diferentes esferas da sociedade.,https://bibliotecas.sebrae.com.br/chronus/ARQUIVOS_CHRONUS/CAPAS_ARTIGOS_APP/104/104.jpg,0,"https://www.sebrae.com.br/sites/PortalSebrae/artigos/como-utilizar-a-realidade-aumentada-em-eventos,f83e8ec38f685810VgnVCM100000d701210aRCRD",,,Sim,EPP; ME,Inovação,TECNOLOGIA INDUSTRIAL BÁSICA,Eventos; Realidade aumentada; RA,Eventos,0,NA,,,EPP; ME,Pessoa Jurídica,d6b3cc7d-c571-3161-bd75-56639c754f1a
10082,Como vender mais na Black Friday: estratégias para o sucesso,Artigo,"Aprenda como se destacar na maior temporada de vendas do ano, atrair mais clientes e vender mais na Black Friday 2024 com dicas e estratégias infalíveis",https://bibliotecas.sebrae.com.br/chronus/ARQUIVOS_CHRONUS/CAPAS_ARTIGOS_APP/105/105.png,0,"https://www.sebrae.com.br/sites/PortalSebrae/artigos/como-vender-mais-na-black-friday-estrategias-para-o-sucesso,de1b64a8bdf1b810VgnVCM1000001b00320aRCRD",,,Sim,MEI; EPP; ME,Mercado e Vendas,ESTRATÉGIA DE VENDA,,Todos,1,NA,,,MEI; EPP; ME,Pessoa Jurídica,754592e9-0285-3343-b907-53aeaabcc35f
10083,Como vender melhor em marketplaces?,Artigo,Potencialize suas vendas utilizando plataformas de comércio eletrônico. Confira super dicas que os especialistas dos maiores marketplaces deram para o Sebrae!,https://bibliotecas.sebrae.com.br/chronus/ARQUIVOS_CHRONUS/CAPAS_ARTIGOS_APP/106/106.jpg,0,"https://www.sebrae.com.br/sites/PortalSebrae/artigos/como-vender-melhor-em-marketplaces,50dfe1c24b822710VgnVCM1000004c00210aRCRD",,,Sim,Todos,Mercado e Vendas,LOJA ONLINE,Comércio eletrônico; Produtos e serviços digitais; Venda online; Marketplace; Vendas on-line; Seleção de produtos; Estratégias de vendas; Otimização de anúncios; e-commerce; Pós-venda; Anúncios on-line; Nicho de mercado,Todos,0,NA,,,Todos,Pessoa Física; Pessoa Jurídica,5f3db164-a210-397b-8d1f-92012079e046
10084,Como vender para o poder público sendo MEI,Artigo,"Já pensou em vender para o poder público? Se ainda não considerou essa possibilidade, separamos aqui algumas dicas valiosas para você.",https://bibliotecas.sebrae.com.br/chronus/ARQUIVOS_CHRONUS/CAPAS_ARTIGOS_APP/107/107.jpg,0,"https://www.sebrae.com.br/sites/PortalSebrae/artigos/como-vender-para-o-poder-publico-sendo-mei,cd36062eef3c4810VgnVCM100000d701210aRCRD",,,Sim,MEI,Empreendedorismo,MICROEMPREENDEDOR INDIVIDUAL,MEI; Credenciamento; Licitação,Todos,0,NA,,,MEI,Pessoa Jurídica,55271d6a-37d7-329d-aa44-becfb643d523
10085,Comparadores de preço e Black Friday: dupla de sucesso nas vendas,Artigo,Entenda os conceitos de sensibilidade ao preço e como os comparadores podem te ajudar a destacar-se na Black Friday.,https://bibliotecas.sebrae.com.br/chronus/ARQUIVOS_CHRONUS/CAPAS_ARTIGOS_APP/108/108.jpg,0,"https://www.sebrae.com.br/sites/PortalSebrae/artigos/comparadores-de-preco-e-black-friday-dupla-de-sucesso-nas-vendas,a3c68c96b10f3810VgnVCM100000d701210aRCRD",,,Sim,MEI; EPP; ME,Mercado e Vendas,ESTRATÉGIA DE VENDA,Black Friday; compras; e-commerce; Comparadores de Preços,Todos,1,NA,,,MEI; EPP; ME,Pessoa Jurídica,1e06dd79-e869-31eb-b3c4-9e5fa3d03f65
10086,Compliance no ramo de construção civil,Artigo,"Entenda mais sobre o tema e ouça o episódio de podcast “O que é Compliance e quais os benefícios dele na construção civil”, por Tibério Rocha.",https://bibliotecas.sebrae.com.br/chronus/ARQUIVOS_CHRONUS/CAPAS_ARTIGOS_APP/110/110.jpg,0,"https://www.sebrae.com.br/sites/PortalSebrae/artigos/compliance-no-ramo-de-construcao-civil,a6fd7a4dfac12810VgnVCM100000d701210aRCRD",,,Sim,MEI; EPP; ME,Inovação,INOVAÇÃO,arquitetura; compliance; engenharia; podcast; construção civil,Construção Civil; Indústria da construção; Serviços de construção,0,NA,,,MEI; EPP; ME,Pessoa Jurídica,bbd1d5d6-3e79-3d56-a211-6ce3239f0ac9
10087,Comportamento Empreendedor,Artigo,As melhores formas para desenvolver um comportamento para empreender com sucesso,https://bibliotecas.sebrae.com.br/chronus/ARQUIVOS_CHRONUS/CAPAS_ARTIGOS_APP/111/111.jpg,0,"https://www.sebrae.com.br/sites/PortalSebrae/artigos/comportamento-empreendedor,1cedfb94f7407810VgnVCM1000001b00320aRCRD",,,Sim,MEI; EPP; ME,Empreendedorismo,EMPREENDEDOR,Inovação; Micro-empreendedor; Empreendedorismo,Todos,0,NA,,,MEI; EPP; ME,Pessoa Jurídica,853d7562-f21f-30c9-ae2d-dbb1c0a4176e
10088,Compreendendo a taxa de franquia: informações para empreendedores,Artigo,"Este artigo explora a importância da taxa de franquia, seus benefícios para franqueador e franqueado, e dicas para definir estas taxas de forma justa",https://bibliotecas.sebrae.com.br/chronus/ARQUIVOS_CHRONUS/CAPAS_ARTIGOS_APP/113/113.jpg,0,"https://www.sebrae.com.br/sites/PortalSebrae/artigos/compreendendo-a-taxa-de-franquia-informacoes-para-empreendedores,184981f7b06b8810VgnVCM1000001b00320aRCRD",,,Sim,EPP; ME,Empreendedorismo,NA,marca; Taxa; Franquia; Legislação,Todos,0,NA,,,EPP; ME,Pessoa Jurídica,8261ed74-ec53-3629-93c9-d8e82ba75462
10089,Concessão de crédito: Crescimento ou dívida?,Artigo,Entenda como o empréstimo pode ser uma forma saudável para garantir o crescimento da sua empresa e potencializar suas vendas.,https://bibliotecas.sebrae.com.br/chronus/ARQUIVOS_CHRONUS/CAPAS_ARTIGOS_APP/114/114.jpg,0,"https://www.sebrae.com.br/sites/PortalSebrae/artigos/concessao-de-credito-crescimento-ou-divida,5dfdf5fa73fe4810VgnVCM100000d701210aRCRD",,,Sim,MEI; EPP; ME,Finanças,ACESSO A SERVICOS FINANCEIROS,empreendedorismo; finanças; crédito,Todos,0,NA,,,MEI; EPP; ME,Pessoa Jurídica,e06c8131-521d-3d98-8176-fd9acf3bb450
10090,Confira algumas dicas para aproveitar a Black Friday,Artigo,A Black Friday é um evento importante no calendário dos lojistas. É uma oportunidade de aumentar o alcance nas redes sociais e as vendas.,https://bibliotecas.sebrae.com.br/chronus/ARQUIVOS_CHRONUS/CAPAS_ARTIGOS_APP/115/115.jpg,0,"https://www.sebrae.com.br/sites/PortalSebrae/artigos/confira-algumas-dicas-para-aproveitar-a-black-friday,ebac40367e1c5810VgnVCM1000001b00320aRCRD",,,Sim,MEI; EPP; ME,Mercado e Vendas,PROMOÇÃO,black friday; dicas; vendas; promoção,Todos,1,NA,,,MEI; EPP; ME,Pessoa Jurídica,e84c1ba7-79e7-3bbd-be92-54373c83060b
10091,Melhores cursos online e gratuitos em marketing digital do Sebrae,Artigo,Veja uma lista de cursos on-line e gratuitos para quem quer dar os primeiros passos ou otimizar suas ações de marketing digital.,https://bibliotecas.sebrae.com.br/chronus/ARQUIVOS_CHRONUS/CAPAS_ARTIGOS_APP/117/117.jpg,0,"https://www.sebrae.com.br/sites/PortalSebrae/artigos/confira-cursos-gratuitos-em-marketing-digital-para-voce-fazer-em-2023,860bfbb690dc6810VgnVCM1000001b00320aRCRD",,,Sim,MEI; EPP; ME,Mercado e Vendas,MARKETING,Marketing digital; Cursos,Todos,0,NA,,,MEI; EPP; ME,Pessoa Jurídica,9f80b335-68fa-3deb-a853-ec292cbf9b58
10092,Confira dicas para receber melhor os seus hóspedes,Artigo,Saiba como melhorar a primeira impressão que os hóspedes têm do seu estabelecimento e oferecer um atendimento de excelência.,https://bibliotecas.sebrae.com.br/chronus/ARQUIVOS_CHRONUS/CAPAS_ARTIGOS_APP/118/118.png,0,"https://www.sebrae.com.br/sites/PortalSebrae/artigos/confira-dicas-para-receber-melhor-os-seus-hospedes,3c4d65dfbb222510VgnVCM1000004c00210aRCRD",,,Sim,MEI; EPP; ME,Mercado e Vendas,ATENDIMENTO AO CLIENTE,boas práticas; hotelaria; cordialidade; hospitalidade; lazer; acolhimento,Meios de hospedagem,0,NA,,,MEI; EPP; ME,Pessoa Jurídica,a07cf22b-7258-38e2-bd0b-a864bfbbef01
10093,Conheça 10 ferramentas tecnológicas para profissionais da educação,Artigo,"Com a tecnologia cada vez mais presente na educação, o uso de ferramentas tecnológicas gera novas possibilidades de aprendizagem em tempos de ensino híbrido.",https://bibliotecas.sebrae.com.br/chronus/ARQUIVOS_CHRONUS/CAPAS_ARTIGOS_APP/119/119.jpg,0,"https://www.sebrae.com.br/sites/PortalSebrae/artigos/conheca-10-ferramentas-tecnologicas-para-profissionais-da-educacao,b459be0610028810VgnVCM1000001b00320aRCRD",,,Sim,EPP; ME,Inovação,TECNOLOGIA DA INFORMAÇÃO,educadores; ferramentas tecnológicas; educação híbrida; ensino à distância,Ensino e Educação,0,NA,,,EPP; ME,Pessoa Jurídica,52b20c5c-b4b7-3e08-9263-5418bcb58b09
10094,"Conheça a economia solidária, que incentiva produção socialmente justa",Artigo,"Empresas podem repensar seu papel na sociedade, adotar mudanças no sistema de produção e comercialização para tornar o mundo menos desigual como faz a economia.",https://bibliotecas.sebrae.com.br/chronus/ARQUIVOS_CHRONUS/CAPAS_ARTIGOS_APP/120/120.jpg,0,"https://www.sebrae.com.br/sites/PortalSebrae/artigos/conheca-a-economia-solidaria-que-incentiva-producao-socialmente-justa,2a47bc9ee5826810VgnVCM1000001b00320aRCRD",,,Sim,MEI; EPP; ME,Cooperação,ECONOMIA SOLIDÁRIA,produção solidária; empreendedorismo; economia,Associações,0,NA,,,MEI; EPP; ME,Pessoa Jurídica,ccc749a5-0477-32bb-adf5-af5be4f7b24f
10095,Conheça a empresa que busca revolucionar a educação tradicional,Artigo,"A proposta da Geekie é transformar o modo de aprender nas escolas, moldando o currículo às necessidades e ao perfil dos alunos.",https://bibliotecas.sebrae.com.br/chronus/ARQUIVOS_CHRONUS/CAPAS_ARTIGOS_APP/121/121.jpg,0,"https://www.sebrae.com.br/sites/PortalSebrae/artigos/conheca-a-empresa-que-busca-revolucionar-a-educacao-tradicional,aec0e90599b56510VgnVCM1000004c00210aRCRD",,,Sim,MEI; PF,Empreendedorismo,INICIATIVA EMPREENDEDORA,educação; acessibilidade; aprendizagem; inclusão social; ensino,Ensino e Educação,0,NA,,,MEI; PF,Pessoa Física; Pessoa Jurídica,c8f9c4d2-9c15-3468-83f7-c83a0fe103b9
10096,Conheça a indústria brasileira de extração de petróleo e gás natural,Artigo,"O Brasil se consolidou como um grande produtor de petróleo. Além de fundamental para a economia interna, ele é hoje um dos principais produtos de exportação.",https://bibliotecas.sebrae.com.br/chronus/ARQUIVOS_CHRONUS/CAPAS_ARTIGOS_APP/122/122.png,0,"https://www.sebrae.com.br/sites/PortalSebrae/artigos/conheca-a-industria-brasileira-de-extracao-de-petroleo-e-gas-natural,f86b285325306810VgnVCM1000001b00320aRCRD",,,Sim,EPP; ME,Mercado e Vendas,EXPORTAÇÃO,,Energia; Indústria - Diversos,0,NA,,,EPP; ME,Pessoa Jurídica,79c3365b-eed7-38bd-addc-2c90617b89bc
10097,Conheça a legislação para as cooperativas de crédito,Artigo,"Além das leis, circulares do Bacen e resoluções do CMN regem essas entidades.",https://bibliotecas.sebrae.com.br/chronus/ARQUIVOS_CHRONUS/CAPAS_ARTIGOS_APP/123/123.jpg,0,"https://www.sebrae.com.br/sites/PortalSebrae/artigos/conheca-a-legislacao-para-as-cooperativas-de-credito,dbf9634e2ca62410VgnVCM100000b272010aRCRD",,,Sim,MEI; EPP; ME,Cooperação,COOPERATIVA DE CRÉDITO,Regulação; Cooperativismo; Legislação,Associações,0,NA,,,MEI; EPP; ME,Pessoa Jurídica,99d239ca-9a3f-3c1e-ab1d-d33eb25addfa
10098,Conheça as diferenças entre ambientes de inovação,Artigo,Entenda o que são ambientes de inovação e como eles se diferenciam entre si.,https://bibliotecas.sebrae.com.br/chronus/ARQUIVOS_CHRONUS/CAPAS_ARTIGOS_APP/125/125.jpg,0,"https://www.sebrae.com.br/sites/PortalSebrae/artigos/conheca-as-diferencas-entre-ambientes-de-inovacao,0176524504816810VgnVCM1000001b00320aRCRD",,,Sim,MEI; EPP; ME,Inovação,PRODUTIVIDADE,,Todos,0,NA,,,MEI; EPP; ME,Pessoa Jurídica,c53b7c3d-9b90-39f6-b49a-536f85e6966c
10099,Conheça as fases de uma startup,Artigo,A jornada empreendedora é construída em etapas que têm como objetivo a maturidade e a escalabilidade do negócio.,https://bibliotecas.sebrae.com.br/chronus/ARQUIVOS_CHRONUS/CAPAS_ARTIGOS_APP/126/126.jpg,0,"https://www.sebrae.com.br/sites/PortalSebrae/artigos/conheca-as-fases-de-uma-startup,2db406cf4fc95810VgnVCM1000001b00320aRCRD",,,Sim,EPP; ME,Empreendedorismo,APRENDIZAGEM,Startups; Aceleradoras; Crescimento exponencial; Inovação; Incubadoras; Maturidade do negócio; Fases Startup startup,TIC,0,NA,,,EPP; ME,Pessoa Jurídica,838b7deb-8543-34df-820b-bbb41422ed26
10100,Conheça as fontes de investimentos de uma startup,Artigo,Saber quais as possibilidades de financiamentos para sua empresa (startup) podem trazer mais segurança para você inovar no negócio.,https://bibliotecas.sebrae.com.br/chronus/ARQUIVOS_CHRONUS/CAPAS_ARTIGOS_APP/127/127.png,0,"https://www.sebrae.com.br/sites/PortalSebrae/artigos/conheca-as-fontes-de-investimentos-de-uma-startup,72ef8fa0672f0510VgnVCM1000004c00210aRCRD",,,Sim,PF; ME,Inovação,STARTUP,,TIC,0,NA,,,PF; ME,Pessoa Física; Pessoa Jurídica,0beebb12-9114-3099-890d-4b170c0fa57f
10101,Conheça as linhas de crédito disponíveis para MEI,Artigo,Saiba quais são os procedimentos necessários para a solicitação de um empréstimo.,https://bibliotecas.sebrae.com.br/chronus/ARQUIVOS_CHRONUS/CAPAS_ARTIGOS_APP/128/128.png,0,"https://www.sebrae.com.br/sites/PortalSebrae/artigos/conheca-as-linhas-de-credito-disponiveis-para-mei,cb7b198074952810VgnVCM100000d701210aRCRD",,,Sim,MEI,Finanças,SERVIÇOS FINANCEIROS,empréstimo; finanças; credito; serviço financeiro,Todos,0,NA,,,MEI,Pessoa Jurídica,0ee99082-d0a6-32f4-9299-7d69a35187a5
10102,Conheça as normas que regem as cooperativas,Artigo,"Constituição Federal, Código Civil e Lei do Cooperativismo disciplinam a categoria.",https://bibliotecas.sebrae.com.br/chronus/ARQUIVOS_CHRONUS/CAPAS_ARTIGOS_APP/129/129.jpg,0,"https://www.sebrae.com.br/sites/PortalSebrae/artigos/conheca-as-normas-que-regem-as-cooperativas,cc3b9e665b182410VgnVCM100000b272010aRCRD",,,Sim,MEI; EPP; ME,Leis,LEGISLAÇÃO PARA COOPERATIVAS,"Assista abaixo ao vídeo da série ""Cooperar é um bom negócio"" sobre cooperativas.",Associações,0,NA,,,MEI; EPP; ME,Pessoa Jurídica,caec9fd5-92e2-3347-94ec-baf652616acf
10103,Conheça as principais características dos supermercados,Artigo,"Presentes em praticamente todos os bairros das cidades, os supermercados somam mais de 92 mil estabelecimentos em todo o país.",https://bibliotecas.sebrae.com.br/chronus/ARQUIVOS_CHRONUS/CAPAS_ARTIGOS_APP/130/130.jpg,0,"https://www.sebrae.com.br/sites/PortalSebrae/artigos/conheca-as-principais-caracteristicas-dos-supermercados,cf698027c2d67810VgnVCM1000001b00320aRCRD",,,Sim,MEI; EPP; ME,Mercado e Vendas,VENDA VAREJISTA,mercado; vendas; logistica,Comércio atacadista de alimentos e bebidas,0,NA,,,MEI; EPP; ME,Pessoa Jurídica,ff841380-63cd-3e5c-8bbb-35d9ae82538e
10104,Conheça as vantagens do uso de robôs no agronegócio,Artigo,O uso dos robôs agrícolas no agronegócio é a nova fase do processo de automação do setor.,https://bibliotecas.sebrae.com.br/chronus/ARQUIVOS_CHRONUS/CAPAS_ARTIGOS_APP/132/132.jpg,0,"https://www.sebrae.com.br/sites/PortalSebrae/artigos/conheca-as-vantagens-do-uso-de-robos-no-agronegocio,485b99905be96810VgnVCM1000001b00320aRCRD",,,Sim,MEI; EPP; ME,GESTÃO DE PRODUTO (INOVAÇÃO),NA,,Cultivo de cereais; Cultivo de oleaginosas,0,NA,,,MEI; EPP; ME,Pessoa Jurídica,c2b3dd4a-950a-388f-aede-69f04a6977b3
10105,Conheça as vantagens e desvantagens do mercado livre de energia,Artigo,"Mercado livre permite aos consumidores contratarem o fornecimento de energia elétrica diretamente das empresas geradoras, reduzindo custos com o insumo.",https://bibliotecas.sebrae.com.br/chronus/ARQUIVOS_CHRONUS/CAPAS_ARTIGOS_APP/338/338.jpg,0,"https://www.sebrae.com.br/sites/PortalSebrae/artigos/conheca-as-vantagens-e-desvantagens-do-mercado-livre-de-energia,3d2ff94de1ff6810VgnVCM1000001b00320aRCRD",,,Sim,MEI; EPP; ME,Inovação,INOVAÇÃO,,Energia; Serviços de construção; Serviços públicos,0,NA,,,MEI; EPP; ME,Pessoa Jurídica,b41102c2-cd3b-3b36-8fcb-2513731882c2
10106,"10 fatores-chave de sucesso para hostel, pousada, motéis e hotéis",Artigo,Elementos como estrutura e corpo de colaboradores são alguns dos tópicos apontados por especialistas como importantes para o sucesso.,https://bibliotecas.sebrae.com.br/chronus/ARQUIVOS_CHRONUS/CAPAS_ARTIGOS_APP/133/133.jpg,0,"https://www.sebrae.com.br/sites/PortalSebrae/artigos/conheca-fatores-chave-de-sucesso-para-hostels,1f0ee4fb56761810VgnVCM100000d701210aRCRD",,,Sim,MEI; EPP; ME,Mercado e Vendas,ESTRATÉGIA DE MERCADO,Responda agora ao questionário e receba suas orientações personalizadas,Meios de hospedagem,0,NA,,,MEI; EPP; ME,Pessoa Jurídica,5c8c20a1-fc4c-3086-91e7-b8fb0d0462b3
10107,Conheça o crédito direto e aumente suas vendas na Black Friday,Artigo,"Mesmo em tempos de inflação, administre formas alternativas de pagamento para potencializar suas vendas na Black Friday.",https://bibliotecas.sebrae.com.br/chronus/ARQUIVOS_CHRONUS/CAPAS_ARTIGOS_APP/134/134.jpg,0,"https://www.sebrae.com.br/sites/PortalSebrae/artigos/conheca-o-credito-direto-e-aumente-suas-vendas-na-black-friday,32f80f8d44ce3810VgnVCM100000d701210aRCRD",,,Sim,MEI; EPP; ME,Mercado e Vendas,ESTRATÉGIA DE VENDA,aumentar vendas; blackfriday; loja; vendas; faturamento; comércio,Todos,1,NA,,,MEI; EPP; ME,Pessoa Jurídica,10905fb5-bb31-3aae-8e04-47ad9938b8d5
10108,"Conheça o sistema de energia cooperativa, uma tendência mundial",Artigo,"Pesquisa mapeou iniciativas sustentáveis no Brasil, buscando ampliar participação de cooperativas no setor de energia.",https://bibliotecas.sebrae.com.br/chronus/ARQUIVOS_CHRONUS/CAPAS_ARTIGOS_APP/135/135.jpg,0,"https://www.sebrae.com.br/sites/PortalSebrae/artigos/conheca-o-sistema-de-energia-cooperativa-uma-tendencia-mundial,f23e8c180dfc5810VgnVCM1000001b00320aRCRD",,,Sim,MEI; EPP; ME,Cooperação,CULTURA DA COOPERAÇÃO,cooperativismo; energia renovável; intercooperação,Associações,0,NA,,,MEI; EPP; ME,Pessoa Jurídica,cd064bf0-c38c-35ac-a343-c67bbd5bd53f
10109,Conheça o sistema de franquias,Artigo,Entenda esse modelo de negócios e saiba como ele pode ser uma alternativa interessante para os empreendedores.,https://bibliotecas.sebrae.com.br/chronus/ARQUIVOS_CHRONUS/CAPAS_ARTIGOS_APP/136/136.jpg,0,"https://www.sebrae.com.br/sites/PortalSebrae/artigos/conheca-o-sistema-de-franquias,6c9b39407feb3410VgnVCM1000003b74010aRCRD",,,Sim,EPP; ME,Mercado e Vendas,FRANQUIA,franquia; modelo de negócio; franchising,Todos,0,NA,,,EPP; ME,Pessoa Jurídica,5d197625-2e23-39af-bddb-c60af27bd157
10110,Conheça os atrativos turístico de Pirenópolis e suas oportunidades,Artigo,"Cidade histórica, Pirenópolis atrai os viajantes para experiências únicas. Saiba como pode iniciar um empreendimento no local.",https://bibliotecas.sebrae.com.br/chronus/ARQUIVOS_CHRONUS/CAPAS_ARTIGOS_APP/138/138.jpg,0,"https://www.sebrae.com.br/sites/PortalSebrae/artigos/conheca-os-atrativos-turistico-de-pirenopolis-e-suas-oportunidades,da6eceb233406810VgnVCM1000001b00320aRCRD",,,Sim,MEI,Empreendedorismo,OPORTUNIDADE DE NEGÓCIO,,Atrativos turísticos,0,NA,,,MEI,Pessoa Jurídica,a1bbd6fa-b617-384f-ae71-e08716a81596
10111,Construa seu futuro como MEI mesmo começando com pouco,Artigo,Veja como a trajetória de Nath Finanças pode te inspirar a seguir o caminho do empreendedorismo,https://bibliotecas.sebrae.com.br/chronus/ARQUIVOS_CHRONUS/CAPAS_ARTIGOS_APP/139/139.png,0,"https://www.sebrae.com.br/sites/PortalSebrae/artigos/construa-seu-futuro-como-mei-mesmo-comecando-com-pouco,dffbf9565578f810VgnVCM1000001b00320aRCRD",,,Sim,MEI,Empreendedorismo,MICROEMPREENDEDOR INDIVIDUAL,MEI; empreendedora; como regularizar o mei; empreendedorismo; influencer; finanças; taxa mei; Nath Finanças; Nathalia Rodrigues; regularize mei; empreender; influenciadora digital,Todos,0,NA,,,MEI,Pessoa Jurídica,6f013813-9107-35cd-be56-267f516856ff
10112,Contratação de empregado pelo MEI,Artigo,Saiba como fazer uma contratação bem feita e evitar erros comuns na hora de contratar um empregado,https://bibliotecas.sebrae.com.br/chronus/ARQUIVOS_CHRONUS/CAPAS_ARTIGOS_APP/141/141.png,0,"https://www.sebrae.com.br/sites/PortalSebrae/artigos/contratacao-de-empregado-pelo-mei,13712fb2259de710VgnVCM100000d701210aRCRD",,,Sim,MEI,Leis,CONTRATAÇÃO,direito trabalhista; MEI; empregado; funcionário; e-social; esocial; Microempreendedor Individual,Todos,0,NA,,,MEI,Pessoa Jurídica,73813722-4657-3671-8e6a-d330aba65ea2
10113,Cooperativismo e ESG: combinam?,Artigo,"ESG, do inglês Environmental, Social and Governance, que pode ser traduzido como Meio Ambiente, Social e Governança.",https://bibliotecas.sebrae.com.br/chronus/ARQUIVOS_CHRONUS/CAPAS_ARTIGOS_APP/142/142.jpg,0,"https://www.sebrae.com.br/sites/PortalSebrae/artigos/cooperativismo-e-esg-combinam,f9fb83cf1b192810VgnVCM100000d701210aRCRD",,,Sim,MEI; EPP; ME,Cooperação,COOPERAÇÃO,cooperação; cooperativismo; esg,Associações,0,NA,,,MEI; EPP; ME,Pessoa Jurídica,7cee624e-1fed-386b-868c-7a0bbe05596e
10114,Cooperativismo e esportes: como esses dois mundos se relacionam?,Artigo,Os princípios do cooperativismo se relacionam com os esportes nos negócios e no interesse pela comunidade com o senso de coletividade e da cooperação.,https://bibliotecas.sebrae.com.br/chronus/ARQUIVOS_CHRONUS/CAPAS_ARTIGOS_APP/143/143.jpg,0,"https://www.sebrae.com.br/sites/PortalSebrae/artigos/cooperativismo-e-esportes-como-esses-dois-mundos-se-relacionam,d3f84ca4458a6810VgnVCM1000001b00320aRCRD",,,Sim,MEI; EPP; ME,Cooperação,COOPERAÇÃO,cooperativismo; esportes,Associações,0,NA,,,MEI; EPP; ME,Pessoa Jurídica,e192ae2d-7ae6-3e53-bcdb-69c01f832f3d
10115,Cooperativismo: Entenda mais sobre a composição de fundos,Artigo,Descubra como funciona a reserva de recursos de uma cooperativa.,https://bibliotecas.sebrae.com.br/chronus/ARQUIVOS_CHRONUS/CAPAS_ARTIGOS_APP/144/144.jpg,0,"https://www.sebrae.com.br/sites/PortalSebrae/artigos/cooperativismo-entenda-mais-sobre-a-composicao-de-fundos,0d151a6d3eb46810VgnVCM1000001b00320aRCRD",,,Sim,MEI; EPP; ME,Cooperação,ASSOCIAÇÃO,,Associações,0,NA,,,MEI; EPP; ME,Pessoa Jurídica,c2ffe9ec-aa38-3cfe-a988-11f28c479b72
10116,Copywriting e Neuromarketing: as técnicas infalíveis para vender mais,Artigo,Descubra como o copywriting aliado ao neuromarketing pode impulsionar suas vendas. Conheça estratégias persuasivas e gatilhos mentais para destacar seu negócio.,https://bibliotecas.sebrae.com.br/chronus/ARQUIVOS_CHRONUS/CAPAS_ARTIGOS_APP/146/146.png,0,"https://www.sebrae.com.br/sites/PortalSebrae/artigos/copywriting-e-neuromarketing-as-tecnicas-infaliveis-para-vender-mais,853e1945e804c810VgnVCM1000001b00320aRCRD",,,Sim,Todos,Mercado e Vendas,MARKETING,marketing; copywriting; persuasão; negócios; mercado; gatilhos mentais; estratégias de vendas; técnicas de vendas; vendas; vender mais; neuromarketing,Todos,0,NA,,,Todos,Pessoa Física; Pessoa Jurídica,f35adfce-9373-32b6-bdd5-4ffadf956d08
10117,Crédito para Startups,Artigo,Conheça as duas modalidades de crédito para startup: investidor anjo e smart money,https://bibliotecas.sebrae.com.br/chronus/ARQUIVOS_CHRONUS/CAPAS_ARTIGOS_APP/147/147.png,0,"https://www.sebrae.com.br/sites/PortalSebrae/artigos/credito-para-startups,e8657f72d4156810VgnVCM1000001b00320aRCRD",,,Sim,EPP; ME,Finanças,CRÉDITO,Startups; Crédito; Financiamento,TIC,0,NA,,,EPP; ME,Pessoa Jurídica,b51eeb17-3fb3-3a13-8191-7423326111b1
10118,Veja os principais pontos que bancos analisam para aprovar crédito,Artigo,Conheça os critérios mais importantes verificados pelas instituições financeiras na hora de conceder o empréstimo.,https://bibliotecas.sebrae.com.br/chronus/ARQUIVOS_CHRONUS/CAPAS_ARTIGOS_APP/148/148.png,0,"https://www.sebrae.com.br/sites/PortalSebrae/artigos/credito-principais-pontos-analisados-pelos-bancos-na-hora-de-aprovar,678f1b97904a1710VgnVCM1000004c00210aRCRD",,,Sim,MEI; EPP; ME,Finanças,CRÉDITO,empréstimo; crédito; fampe; avalista,Todos,0,NA,,,MEI; EPP; ME,Pessoa Jurídica,5bed9a8d-18c9-3a71-bcfd-2108e045b2ec
10119,Como abrir um MEI,Artigo,"Um CNPJ de MEI é necessário para que o empreendedor emita nota fiscal e possa usufruir das suas vantagens, que incluem o acesso a benefícios previdenciários",https://bibliotecas.sebrae.com.br/chronus/ARQUIVOS_CHRONUS/CAPAS_ARTIGOS_APP/149/149.jpg,0,"https://www.sebrae.com.br/sites/PortalSebrae/artigos/decidiu-empreender-em-2022-veja-como-abrir-um-mei-de-graca,6c688d756edbf710VgnVCM100000d701210aRCRD",,,Sim,PF,Empreendedorismo,NEGÓCIO,MEI; abertura; microempreendedor individual; grátis; empresa; negocio; microempreendedor; inscrição; registro,Todos,0,NA,,,PF,Pessoa Física,44002cac-da95-3b6a-8d27-ad1f58b5c3fa
10120,Decidiu empreender? Veja como se formalizar e abrir um MEI de graça,Artigo,"Saiba como funciona para abrir um MEI grátis. Entenda o que é e quem pode ser MEI, qual o custo mensal e um passo a passo completo para abrir um MEI.",https://bibliotecas.sebrae.com.br/chronus/ARQUIVOS_CHRONUS/CAPAS_ARTIGOS_APP/150/150.png,0,"https://www.sebrae.com.br/sites/PortalSebrae/artigos/decidiu-empreender-veja-como-se-formalizar-e-abrir-um-mei-de-graca,d8352bb15eb8b810VgnVCM1000001b00320aRCRD",,,Sim,PF,Empreendedorismo,FORMALIZAÇÃO,MEI; Empreender ; Formalização; Empreendedorismo,Todos,0,NA,,,PF,Pessoa Física,132d9196-1211-3f94-85c4-64720f8ec50a
10121,Demanda de alumínio crescerá 40% até 2030 e ampliará uso na construção,Artigo,Entenda como o alumínio deve se popularizar na construção pela possibilidade de aliar sustentabilidade a menores custos de manutenção.,https://bibliotecas.sebrae.com.br/chronus/ARQUIVOS_CHRONUS/CAPAS_ARTIGOS_APP/151/151.jpg,0,"https://www.sebrae.com.br/sites/PortalSebrae/artigos/demanda-de-aluminio-crescera-40-ate-2030-e-ampliara-uso-na-construcao,57ea0056580d5810VgnVCM1000001b00320aRCRD",,,Sim,MEI; EPP; ME,Mercado e Vendas,ANÁLISE DE TENDÊNCIA,construção civil; Demanda por alumínio; alumínio,Construção Civil; Extração mineral; Indústria metalúrgica; Indústria da construção,0,NA,,,MEI; EPP; ME,Pessoa Jurídica,f7a7ae85-f78e-3e08-ab4f-bfb1d604e420
10122,Descobrindo o que são destinos turísticos inteligentes,Artigo,Os destinos turísticos inteligentes são uma inovação para locais que buscam ser competitivos no mercado turístico nacional e internacional,https://bibliotecas.sebrae.com.br/chronus/ARQUIVOS_CHRONUS/CAPAS_ARTIGOS_APP/152/152.jpg,0,"https://www.sebrae.com.br/sites/PortalSebrae/artigos/descobrindo-o-que-sao-destinos-turisticos-inteligentes,6a6e437725ac5810VgnVCM1000001b00320aRCRD",,,Sim,MEI; EPP; ME,Inovação,MELHORIA NA COMPETITIVIDADE,,Atrativos turísticos,0,NA,,,MEI; EPP; ME,Pessoa Jurídica,0d0fbfd2-b8b6-3446-82b0-4f4bcdfb4c5c
10123,Destino turístico em foco: Japão,Artigo,Empresas do setor de turismo podem se beneficiar com a retomada do turismo no Japão.,https://bibliotecas.sebrae.com.br/chronus/ARQUIVOS_CHRONUS/CAPAS_ARTIGOS_APP/153/153.jpg,0,"https://www.sebrae.com.br/sites/PortalSebrae/artigos/destino-turistico-em-foco-japao,3b6ee9eefff76810VgnVCM1000001b00320aRCRD",,,Sim,EPP; ME,Mercado e Vendas,AMBIENTE DE VENDA,,Atrativos turísticos,0,NA,,,EPP; ME,Pessoa Jurídica,5dfc31d9-62f6-39e9-9dd3-46ee180bc92c
10124,Destinos turísticos inteligentes,Artigo,"Nos últimos anos, muitos destinos turísticos acompanharam os avanços da tecnologia e, hoje, oferecem experiências únicas aos visitantes.",https://bibliotecas.sebrae.com.br/chronus/ARQUIVOS_CHRONUS/CAPAS_ARTIGOS_APP/154/154.jpg,0,"https://www.sebrae.com.br/sites/PortalSebrae/artigos/destinos-turisticos-inteligentes,074f83ff1cd31810VgnVCM100000d701210aRCRD",,,Sim,EPP; ME,Inovação,TECNOLOGIA DA INFORMAÇÃO,turismo inteligente; tecnologia; governança; desenvolvimento sustentável,Atrativos turísticos,0,NA,,,EPP; ME,Pessoa Jurídica,f5b9928e-1ce5-344e-a774-bce0187af52c
10125,Dez dicas para ser um cabeleireiro de sucesso,Artigo,Nunca houve melhor momento para se tornar cabeleireiro ou abrir o próprio salão de beleza no Brasil; aprenda a ser um profissional qualificado.,https://bibliotecas.sebrae.com.br/chronus/ARQUIVOS_CHRONUS/CAPAS_ARTIGOS_APP/155/155.jpg,0,"https://www.sebrae.com.br/sites/PortalSebrae/artigos/dez-dicas-para-ser-um-cabeleireiro-de-sucesso,32874eadc47a5810VgnVCM1000001b00320aRCRD",,,Sim,MEI; PF,Empreendedorismo,COMPORTAMENTO EMPREENDEDOR,,Beleza,0,NA,,,MEI; PF,Pessoa Física; Pessoa Jurídica,321e6cbc-d322-3288-be21-a61b3d0236b6
10126,10 fatores-chave de sucesso para minimercados que você precisa saber,Artigo,Entenda quais pontos são essenciais e influenciam no desempenho de minimercados. Acesse a ferramenta criada para aprimorar a atuação do seu empreendimento.,https://bibliotecas.sebrae.com.br/chronus/ARQUIVOS_CHRONUS/CAPAS_ARTIGOS_APP/156/156.jpg,0,"https://www.sebrae.com.br/sites/PortalSebrae/artigos/dez-fatores-chave-de-sucesso-em-minimercados,ff1a8a7f31462610VgnVCM1000004c00210aRCRD",,,Sim,MEI; EPP; ME,Mercado e Vendas,ESTRATÉGIA DE MERCADO,bares; alimentos; bebidas; restaurantes,Comércio atacadista rural; Comércio varejista de alimentos e bebidas; Comércio da moda; Comércio varejista - Diversos; Comércio varejista - Diversos; Panificação,0,NA,,,MEI; EPP; ME,Pessoa Jurídica,bb49ebe2-3727-39c9-a6ad-ab37d230f556
10127,"10 fatores-chave de sucesso para hospedagens (pousada, hotel e hostel)",Artigo,Elementos como estrutura e corpo de colaboradores são alguns dos tópicos apontados por especialistas como importantes para o sucesso.,https://bibliotecas.sebrae.com.br/chronus/ARQUIVOS_CHRONUS/CAPAS_ARTIGOS_APP/157/157.png,0,"https://www.sebrae.com.br/sites/PortalSebrae/artigos/dez-fatores-chave-de-sucesso-para-hostels,62397b5ba5527510VgnVCM1000004c00210aRCRD",,,Sim,MEI; EPP; ME,Mercado e Vendas,ESTRATÉGIA DE MERCADO,hospedagem,Meios de hospedagem,0,NA,,,MEI; EPP; ME,Pessoa Jurídica,7a1fe166-d7ab-349c-97f1-eddcedba082c
10128,Dez fatores-chave para o sucesso de um salão de beleza,Artigo,Confira as principais características e conceitos para o bom desempenho de um salão: do atendimento aos clientes à segmentação e promoção.,https://bibliotecas.sebrae.com.br/chronus/ARQUIVOS_CHRONUS/CAPAS_ARTIGOS_APP/158/158.jpg,0,"https://www.sebrae.com.br/sites/PortalSebrae/artigos/dez-fatores-chave-para-o-sucesso-de-um-salao-de-beleza,8c5660dadee17510VgnVCM1000004c00210aRCRD",,,Sim,MEI; EPP; ME,Mercado e Vendas,SATISFAÇÃO,Beleza; salão; estética,Beleza,0,NA,,,MEI; EPP; ME,Pessoa Jurídica,7f5d08e5-68fc-3e9a-9211-de743ac0957f
10129,Dia dos Namorados: estratégias para a data mais romântica do varejo,Artigo,"Prepare-se para aproveitar as vendas do Dia dos Namorados, a data mais romântica do varejo.",https://bibliotecas.sebrae.com.br/chronus/ARQUIVOS_CHRONUS/CAPAS_ARTIGOS_APP/159/159.jpg,0,"https://www.sebrae.com.br/sites/PortalSebrae/artigos/dia-dos-namorados-dicas-para-voce-se-inspirar-e-faturar-mais,594e8f6f41582710VgnVCM1000004c00210aRCRD",,,Sim,MEI; EPP; ME,Mercado e Vendas,MARKETING ESTRATÉGICO,Vendas; Namorados; Dia dos namorados; Presentes; Marketing digital.; Data comemorativa; Marketing,Comércio atacadista rural; Comércio varejista de alimentos e bebidas; Comércio da moda; Comércio varejista - Diversos; Comércio varejista - Diversos; Panificação; Comércio de automóveis; Comércio varejista de autopeças; Comércio varejista de informática; Comércio varejista de materiais de construção,1,NA,,,MEI; EPP; ME,Pessoa Jurídica,12899840-dc81-3f87-ab0e-d2e20e3eb5ed
10130,Dicas de decoração para barbearias que vão impressionar os clientes,Artigo,A decoração personalizada das barbearias deve ser criativa e inovadora para atrair e fidelizar clientes.,,0,"https://www.sebrae.com.br/sites/PortalSebrae/artigos/dicas-de-decoracao-para-barbearias-que-vao-impressionar-os-clientes,7eb950b562d95810VgnVCM1000001b00320aRCRD",,,Sim,MEI; EPP; ME,Empreendedorismo,DIFERENCIAÇÃO,satisfação do cliente; Dicas de decoração; clientes; barbearias,Móveis,0,NA,,,MEI; EPP; ME,Pessoa Jurídica,4f8c8d23-16af-3482-8dd9-edb16cca5db2
10131,Dicas de elaboração de um bom pitch para sua startup,Artigo,"Saber apresentar sua solução para o público, parceiros e investidores faz diferença no momento de negociação da sua empresa.",https://bibliotecas.sebrae.com.br/chronus/ARQUIVOS_CHRONUS/CAPAS_ARTIGOS_APP/161/161.jpg,0,"https://www.sebrae.com.br/sites/PortalSebrae/artigos/dicas-de-elaboracao-de-um-bom-pitch-para-sua-startup,314f8fa0672f0510VgnVCM1000004c00210aRCRD",,,Sim,EPP; ME,Inovação,STARTUP,pitch deck ; startup,TIC,0,NA,,,EPP; ME,Pessoa Jurídica,0aa0ae71-a51b-3639-9d95-fb8e2d263ce7
10132,Dicas para cuidar das finanças pessoais e da empresa,Artigo,"Organizar as finanças pessoais, pensar a longo prazo e se preparar para investimentos e imprevistos são regras de ouro para um empreendedor de sucesso.",https://bibliotecas.sebrae.com.br/chronus/ARQUIVOS_CHRONUS/CAPAS_ARTIGOS_APP/163/163.jpg,0,"https://www.sebrae.com.br/sites/PortalSebrae/artigos/dicas-para-cuidar-das-financas-pessoais-e-da-empresa,8a56d1939a317810VgnVCM1000001b00320aRCRD",,,Sim,MEI; EPP; ME,Finanças,CONTROLE FINANCEIRO,finanças,Todos,0,NA,,,MEI; EPP; ME,Pessoa Jurídica,873f6992-00d3-3e67-aebe-b53c93416516
10133,Dicas para se posicionar bem nos aplicativos de delivery,Artigo,Confira os principais pontos de atenção para que o seu negócio de alimentação tenha sucesso em aplicativos especializados.,https://bibliotecas.sebrae.com.br/chronus/ARQUIVOS_CHRONUS/CAPAS_ARTIGOS_APP/340/340.png,0,"https://www.sebrae.com.br/sites/PortalSebrae/artigos/dicas-para-se-posicionar-bem-nos-aplicativos-de-delivery,b55c372b9f6c4710VgnVCM1000004c00210aRCRD",,,Sim,MEI; EPP; ME,Mercado e Vendas,COMÉRCIO ELETRÔNICO,App; Alimentação; Aplicativos; Delivery,Serviços de alimentação,0,NA,,,MEI; EPP; ME,Pessoa Jurídica,a79e07db-74ec-338a-8717-6dc571d65fe1
10134,Dicas para superar os desafios de acesso no setor de artesanato,Artigo,"Ao criar parcerias, empresários e artesãos podem elevar suas vendas e conquistar novos espaços de atuação.",https://bibliotecas.sebrae.com.br/chronus/ARQUIVOS_CHRONUS/CAPAS_ARTIGOS_APP/164/164.jpg,0,"https://www.sebrae.com.br/sites/PortalSebrae/artigos/dicas-para-superar-os-desafios-de-acesso-no-setor-de-artesanato,71cd85a596de0510VgnVCM1000004c00210aRCRD",,,Sim,MEI; PF,Mercado e Vendas,ESTRATÉGIA DE MERCADO,desafios; artesanato,Artesanato,0,NA,,,MEI; PF,Pessoa Física; Pessoa Jurídica,0105091d-7b80-34bf-a304-8b68be1fafc4
10135,Confira dicas práticas e estratégicas para o Instagram,Artigo,O Instagram pode ser um grande aliado para as suas vendas. Veja dicas de como usar essa ferramenta para divulgar seus produtos e serviços!,https://bibliotecas.sebrae.com.br/chronus/ARQUIVOS_CHRONUS/CAPAS_ARTIGOS_APP/165/165.png,0,"https://www.sebrae.com.br/sites/PortalSebrae/artigos/dicas-praticas-para-o-instagram,ec92d8d523ab3710VgnVCM1000004c00210aRCRD",,,Sim,MEI; EPP; ME,Mercado e Vendas,ESTRATÉGIA DE VENDA,Venda online; Instagram; Redes Sociais; Dicas,Todos,0,NA,,,MEI; EPP; ME,Pessoa Jurídica,3c655c9e-a699-3f51-b55c-d67b14a0fcbd
10136,Diversidade na beleza impulsiona o mercado e incentiva novos produtos,Artigo,Saiba na prática o que é diversidade na beleza e entenda como esse movimento tem dado abertura para o segmento.,,0,"https://www.sebrae.com.br/sites/PortalSebrae/artigos/diversidade-na-beleza-impulsiona-o-mercado-e-incentiva-novos-produtos,e05461edc2f34810VgnVCM100000d701210aRCRD",,,Sim,MEI; EPP; ME,Mercado e Vendas,PRODUTO,diversidade; salão de beleza; inclusão; produtos estéticos; beleza,Beleza,0,NA,,,MEI; EPP; ME,Pessoa Jurídica,ebb00024-99e8-325d-a8be-c7bf1ff441ae
10137,Domicílio Judicial Eletrônico: o que é e como fazer o seu cadastro,Artigo,O Domicílio Judicial Eletrônico é uma solução 100% digital e gratuita que centraliza as comunicações processuais em uma única plataforma,https://bibliotecas.sebrae.com.br/chronus/ARQUIVOS_CHRONUS/CAPAS_ARTIGOS_APP/167/167.jpg,0,"https://www.sebrae.com.br/sites/PortalSebrae/artigos/domicilio-judicial-eletronico-o-que-e-e-como-fazer-o-seu-cadastro,722d9e785e680910VgnVCM1000001b00320aRCRD",,,Sim,MEI; PF,Empreendedorismo,FORMALIZAÇÃO,cadastramento; Domicílio Judicial Eletrônico; MPEs; pequenas empresas; empresas privadas,Todos,0,NA,,,MEI; PF,Pessoa Física; Pessoa Jurídica,1c941427-cab0-31a5-9889-e17b4667edaf
10138,"Dúvidas do MEI: vou ser mãe, e agora?",Artigo,Esta série de textos apresenta a importância dos benefícios concedidos ao MEI quando ele mais precisa de apoio.,https://bibliotecas.sebrae.com.br/chronus/ARQUIVOS_CHRONUS/CAPAS_ARTIGOS_APP/168/168.jpg,0,"https://www.sebrae.com.br/sites/PortalSebrae/artigos/duvidas-do-mei-vou-ser-mae-e-agora,8c7f3a18b3af2810VgnVCM100000d701210aRCRD",,,Sim,MEI,Empreendedorismo,MICROEMPREENDEDOR INDIVIDUAL,MEI; microempreendedor individual; maternidade,Todos,0,NA,,,MEI,Pessoa Jurídica,613811ca-c223-39a0-9844-86f0e24baf15
10139,É possível inovar sendo MEI?,Artigo,A inovação pode fomentar novas oportunidades de mercado ao microempreendedor individual.,https://bibliotecas.sebrae.com.br/chronus/ARQUIVOS_CHRONUS/CAPAS_ARTIGOS_APP/170/170.png,0,"https://www.sebrae.com.br/sites/PortalSebrae/artigos/e-possivel-inovar-sendo-mei,8a24cfdb34542810VgnVCM100000d701210aRCRD",,,Sim,MEI,Empreendedorismo,MICROEMPREENDEDOR INDIVIDUAL,MEI; Criatividade; Inovação; Adaptação,Todos,0,NA,,,MEI,Pessoa Jurídica,e360fd8e-5402-30a5-ae69-660a7ec63889
10140,Educação empreendedora: novas tendências,Artigo,O ensino do empreendedorismo também necessita ser atualizado para os tempos atuais.,https://bibliotecas.sebrae.com.br/chronus/ARQUIVOS_CHRONUS/CAPAS_ARTIGOS_APP/172/172.jpg,0,"https://www.sebrae.com.br/sites/PortalSebrae/artigos/educacao-empreendedora-novas-tendencias,4b0bdb9d683a6810VgnVCM1000001b00320aRCRD",,,Sim,MEI; EPP; ME,Empreendedorismo,EDUCAÇÃO EMPREENDEDORA,Educação; Tendências; Empreendedorismo,Ensino e Educação,0,NA,,,MEI; EPP; ME,Pessoa Jurídica,d7fd3ece-573f-3fcd-a460-728e7c09d1c2
10141,"Em Santos, cinema e economia criativa conversam muito bem",Artigo,"Santos, cidade criativa do cinema, se firma como centro importante de desenvolvimento para o setor, com oportunidades de formação, emprego e novos negócios.",https://bibliotecas.sebrae.com.br/chronus/ARQUIVOS_CHRONUS/CAPAS_ARTIGOS_APP/173/173.jpg,0,"https://www.sebrae.com.br/sites/PortalSebrae/artigos/em-santos-cinema-e-economia-criativa-conversam-muito-bem,c4cc683ad42a5810VgnVCM1000001b00320aRCRD",,,Sim,MEI; EPP; ME,Empreendedorismo,ECONOMIA CRIATIVA,economia criativa; novos negócios; audiovisual; cinema; desenvolvimento sustentável,Atrativos turísticos; Serviços de cultura e lazer,0,NA,,,MEI; EPP; ME,Pessoa Jurídica,1c345ca4-6b03-3074-8aee-9557b8c2c0da
10142,Empreendedor: como evitar estornos após a Cyber Monday?,Artigo,"A Cyber Monday é o dia perfeito para a venda dos eletrônicos que permaneceram em estoque após a Black Friday, mas como reduzir estornos?",https://bibliotecas.sebrae.com.br/chronus/ARQUIVOS_CHRONUS/CAPAS_ARTIGOS_APP/174/174.jpg,0,"https://www.sebrae.com.br/sites/PortalSebrae/artigos/empreendedor-como-evitar-estornos-apos-a-cyber-monday,82a1c20876f83810VgnVCM100000d701210aRCRD",,,Sim,MEI; EPP; ME,Mercado e Vendas,COMÉRCIO ELETRÔNICO,cyber monday; comécio eletrônico; estorno; fraude; e-commerce,Todos,1,NA,,,MEI; EPP; ME,Pessoa Jurídica,b67cb51f-9f50-3939-a729-5f89d27f9788
10143,"Empreendedor, você sabe como encontrar investidores para sua startup?",Artigo,"Encontrar investidores costuma ser uma etapa primordial para uma startup, por isso é importante mantê-la atrativa e madura para receber esses investimentos.",https://bibliotecas.sebrae.com.br/chronus/ARQUIVOS_CHRONUS/CAPAS_ARTIGOS_APP/175/175.jpg,0,"https://www.sebrae.com.br/sites/PortalSebrae/artigos/empreendedor-voce-sabe-como-encontrar-investidores-para-sua-startup,1129f5fa73fe4810VgnVCM100000d701210aRCRD",,,Sim,EPP; ME,Finanças,SERVIÇOS FINANCEIROS,INVESTIDOR; STARTUP; Empreendedor; FINANÇAS,TIC,0,NA,,,EPP; ME,Pessoa Jurídica,53780665-db7a-3d35-8215-3ead11347c83
10144,Empreendedorismo e inovação: como fazer uma gestão inovadora,Artigo,Descubra como promover uma cultura de inovação em sua empresa e fortalecer suas habilidades empreendedoras para ter sucesso e alavancar os negócios.,https://bibliotecas.sebrae.com.br/chronus/ARQUIVOS_CHRONUS/CAPAS_ARTIGOS_APP/176/176.png,0,"https://www.sebrae.com.br/sites/PortalSebrae/artigos/empreendedorismo-e-inovacao-como-fazer-uma-gestao-inovadora,6ac79f2bae04c810VgnVCM1000001b00320aRCRD",,,Sim,MEI; EPP; ME,Inovação,INOVAÇÃO,Inovação; Gestão; Empreendedorismo,Todos,0,NA,,,MEI; EPP; ME,Pessoa Jurídica,5d48312f-6f28-3f1d-951d-c4a5e0c804dc
10145,Empreendedorismo e maternidade: pode ser uma equação possível?,Artigo,"Empreender é sempre um ato de coragem, mas quando ele acontece depois da maternidade, pode ser ainda mais desafiador",https://bibliotecas.sebrae.com.br/chronus/ARQUIVOS_CHRONUS/CAPAS_ARTIGOS_APP/177/177.jpg,0,"https://www.sebrae.com.br/sites/PortalSebrae/artigos/empreendedorismo-e-maternidade-pode-ser-uma-equacao-possivel,3d8e52cfbd2f4810VgnVCM100000d701210aRCRD",,,Sim,MEI; EPP; ME,Empreendedorismo,ORGANIZAÇÃO DE TAREFA,empreendedorismo; mulher; desafio; maternidade; filhos; carreira,Todos,0,NA,,,MEI; EPP; ME,Pessoa Jurídica,6f9ae2c9-6889-318a-9d0f-1335cc2302ee
10146,Empreendedorismo na Educação,Artigo,Os professores são importantes agentes de incentivo e disseminação de comportamentos empreendedores,https://bibliotecas.sebrae.com.br/chronus/ARQUIVOS_CHRONUS/CAPAS_ARTIGOS_APP/178/178.jpg,0,"https://www.sebrae.com.br/sites/PortalSebrae/artigos/empreendedorismo-na-educacao,7ec9f092ab2f4810VgnVCM100000d701210aRCRD",,,Sim,MEI; EPP; ME,Empreendedorismo,APRENDIZAGEM,educação; tendências; empreendedorismo; aprendizagem; comportamento,Ensino e Educação,0,NA,,,MEI; EPP; ME,Pessoa Jurídica,73ac9d5a-1524-34be-9be8-6045e3186c64
10147,Empreender com vigor: domine as contas do seu negócio MEI,Artigo,Inspire-se na trajetória de Gil do Vigor para organizar sua vida financeira e alcançar o sucesso desejado,https://bibliotecas.sebrae.com.br/chronus/ARQUIVOS_CHRONUS/CAPAS_ARTIGOS_APP/179/179.jpg,0,"https://www.sebrae.com.br/sites/PortalSebrae/artigos/empreender-com-vigor-domine-as-contas-do-seu-negocio-mei,f91ff9565578f810VgnVCM1000001b00320aRCRD",,,Sim,MEI,Empreendedorismo,MICROEMPREENDEDOR INDIVIDUAL,finanças; como organizar sua vida financeira; empreender; finanças empresariais; mei; bbb21; empreendedorismo; influencer; organização financeira; vida financeira; como se organizar financeiramente; gestão financeira; gil do vigor,Todos,0,NA,,,MEI,Pessoa Jurídica,b407b927-481e-3f3b-b05e-50559eb6a02b
10148,Empréstimo para MEI e Pequenas Empresas: compare taxas e bancos,Artigo,"O guia completo para MEI e pequenas empresas fazerem simulação de empréstimo. Compare taxas, juros e bancos de acordo com o seu objetivo de crédito.",https://bibliotecas.sebrae.com.br/chronus/ARQUIVOS_CHRONUS/CAPAS_ARTIGOS_APP/180/180.png,0,"https://www.sebrae.com.br/sites/PortalSebrae/artigos/emprestimo-para-mei-e-pequenas-empresas-compare-taxas-e-bancos,1a87dda5de83b810VgnVCM1000001b00320aRCRD",,,Sim,MEI,Finanças,EMPRÉSTIMO,Finanças; MEI; Pequenas Empresas; Empreendedorismo,Todos,0,NA,,,MEI,Pessoa Jurídica,eec3274a-5b8a-3c25-87fc-96ed3adc349f
10149,Entenda a diferença entre empresa tradicional e startup,Artigo,A escalabilidade é a principal diferença entre os dois modelos de negócios.,https://bibliotecas.sebrae.com.br/chronus/ARQUIVOS_CHRONUS/CAPAS_ARTIGOS_APP/181/181.jpg,0,"https://www.sebrae.com.br/sites/PortalSebrae/artigos/entenda-a-diferenca-entre-empresa-tradicional-e-startup,1aab20c4ab4a4810VgnVCM100000d701210aRCRD",,,Sim,EPP; ME,Mercado e Vendas,NEGÓCIOS DIGITAIS,Empreendedorismo; Startup; Empresa tradicional,TIC,0,NA,,,EPP; ME,Pessoa Jurídica,673bb625-f3c5-39da-b20b-aeddcd59da6b
10150,Entenda as diferenças entre healthtech e medtech,Artigo,Conheça o modelo de negócios de startups que estão inovando e trazendo soluções tecnológicas para a área da saúde.,https://bibliotecas.sebrae.com.br/chronus/ARQUIVOS_CHRONUS/CAPAS_ARTIGOS_APP/183/183.jpg,0,"https://www.sebrae.com.br/sites/PortalSebrae/artigos/entenda-as-diferencas-entre-healthtech-e-medtech,1191f388f62a5810VgnVCM1000001b00320aRCRD",,,Sim,EPP; ME,Inovação,DIFERENCIAL,Startups; Medtech; Healthtech,Saúde,0,NA,,,EPP; ME,Pessoa Jurídica,91595e25-3916-3568-9b4e-49e732cb1c4c
10151,Entenda o cenário e perspectivas do mercado de startups,Artigo,"Com Eduardo de Oliveira Pinto, sócio fundador da Cotidiano Aceledora de Startups",,0,"https://www.sebrae.com.br/sites/PortalSebrae/artigos/entenda-o-cenario-e-perspectivas-do-mercado-de-startups,eeb4683ad42a5810VgnVCM1000001b00320aRCRD",,,Sim,EPP; ME,Mercado e Vendas,ESTRATÉGIA DE MERCADO,Eduardo de Oliveira Pinto; Startups; Aceledora de Startups,TIC,0,NA,,,EPP; ME,Pessoa Jurídica,10e680fa-061f-33a0-9f28-89e71e6310ab
10152,Entenda o ciclo financeiro e gestão de recursos no artesanato,Artigo,Empresários do setor podem otimizar seus negócios e aumentar suas rentabilidades.,https://bibliotecas.sebrae.com.br/chronus/ARQUIVOS_CHRONUS/CAPAS_ARTIGOS_APP/185/185.jpg,0,"https://www.sebrae.com.br/sites/PortalSebrae/artigos/entenda-o-ciclo-financeiro-e-gestao-de-recursos-no-artesanato,d98f50aefb740510VgnVCM1000004c00210aRCRD",,,Sim,MEI; EPP; ME,Finanças,GESTÃO DE RECURSO,financiamento; produto artesanal; rentabilidade; capacitação; expansão da empresa; linha de crédito,Artesanato,0,NA,,,MEI; EPP; ME,Pessoa Jurídica,4a3651dc-7233-3523-8a1f-16e40b3cc05b
10153,Lean Startup e MVP: entendendo e aplicando os conceitos,Artigo,Evitar o desperdício é o objetivo do método lean. E o produto mínimo viável faz parte disso.,https://bibliotecas.sebrae.com.br/chronus/ARQUIVOS_CHRONUS/CAPAS_ARTIGOS_APP/40/40.jpg,0,"https://www.sebrae.com.br/sites/PortalSebrae/artigos/entenda-o-que-e-lean-startup,03ebb2a178c83410VgnVCM1000003b74010aRCRD",,,Sim,EPP; ME,Inovação,STARTUP,,TIC,0,NA,,,EPP; ME,Pessoa Jurídica,cc3dccaf-be8b-3a5e-8264-2741e4a2579b
10154,Entenda o que são as práticas de ESG,Artigo,"ESG abrange um conjunto de práticas voltadas para a preservação do meio ambiente, responsabilidade com a sociedade e transparência empresarial.",https://bibliotecas.sebrae.com.br/chronus/ARQUIVOS_CHRONUS/CAPAS_ARTIGOS_APP/186/186.jpg,0,"https://www.sebrae.com.br/sites/PortalSebrae/artigos/entenda-o-que-sao-as-praticas-de-esg,66c7e3ac39f52810VgnVCM100000d701210aRCRD",,,Sim,MEI; EPP; ME,Inovação,SUSTENTABILIDADE,meio ambiente; governança; ESG; impacto social; responsabilidade social; transparência empresarial,Todos,0,NA,,,MEI; EPP; ME,Pessoa Jurídica,d48f80eb-bfeb-3ebe-8bfe-193893aacfa6
10155,Equipamentos em stand-by podem gerar gastos desnecessários,Artigo,Sabe aquele carregador que fica na tomada? Esses equipamentos em stand-by podem gerar gastos na sua energia elétrica que poderiam ser evitados.,https://bibliotecas.sebrae.com.br/chronus/ARQUIVOS_CHRONUS/CAPAS_ARTIGOS_APP/187/187.jpg,0,"https://www.sebrae.com.br/sites/PortalSebrae/artigos/equipamentos-em-stand-by-podem-gerar-gastos-desnecessarios,2b0a2222448b6810VgnVCM1000001b00320aRCRD",,,Sim,MEI; ME,Mercado e Vendas,EMPRESA,energia; sand-by; gastos,Energia; Indústria de base tecnológica; Serviços de construção; Serviços públicos,0,NA,,,MEI; ME,Pessoa Jurídica,0e165846-039a-3ee1-88bd-34a82257e4a3
10156,Escolha o melhor marketplace para seu negócio,Artigo,Conhecer o modelo ideal para vender nos meios digitais é fundamental para o seu sucesso. Veja quais são os tipos e as melhores estratégias,,0,"https://www.sebrae.com.br/sites/PortalSebrae/artigos/escolha-o-melhor-marketplace-para-seu-negocio,30bddd04b13b0810VgnVCM100000d701210aRCRD",,,Sim,Todos,Mercado e Vendas,MARKETING,digital; seller; custos; marketplace; marketplaces; vendas; marketing digital; vender; comércio; estratégia; MEI; marketing; Atendimento; benefícios; retenção; clientes,Todos,0,NA,,,Todos,Pessoa Física; Pessoa Jurídica,71069aeb-034e-32df-bbde-69716f4f8975
10157,Está começando um negócio de piscicultura? Confira nossas dicas,Artigo,"Para obter sucesso com o seu negócio de piscicultura, além da capacitação, o empreendedor precisa atentar-se às normas legais da região em que está inserido.",https://bibliotecas.sebrae.com.br/chronus/ARQUIVOS_CHRONUS/CAPAS_ARTIGOS_APP/189/189.jpg,0,"https://www.sebrae.com.br/sites/PortalSebrae/artigos/esta-comecando-um-negocio-de-piscicultura-confira-nossas-dicas,1da26e8632e47810VgnVCM1000001b00320aRCRD",,,Sim,MEI,Mercado e Vendas,ANÁLISE DE TENDÊNCIA,piscicultura; cultivo de peixes; normas legais; capacitação,Aquicultura,0,NA,,,MEI,Pessoa Jurídica,ff35c697-2c4b-3de2-8fa9-5c719cd200e4
10158,Estabeleça metas para a sua loja de material de construção,Artigo,Entenda qual a importância das metas e veja como elas podem contribuir para o crescimento do seu negócio.,,0,"https://www.sebrae.com.br/sites/PortalSebrae/artigos/estabeleca-metas-para-a-sua-loja-de-material-de-construcao,ddce63b7df1a5810VgnVCM1000001b00320aRCRD",,,Sim,MEI; EPP; ME,Empreendedorismo,META,loja de material de construção; crescimento do seu negócio,Comércio varejista de materiais de construção,0,NA,,,MEI; EPP; ME,Pessoa Jurídica,5cfa52a0-4d37-382a-b950-fa6e74bc76ba
10159,Estabeleça uma boa política de frete e aumente a taxa de conversão,Artigo,Saiba como planejar e utilizar a política de frete como uma ferramenta para aumentar a taxa de conversão,https://bibliotecas.sebrae.com.br/chronus/ARQUIVOS_CHRONUS/CAPAS_ARTIGOS_APP/191/191.png,0,"https://www.sebrae.com.br/sites/PortalSebrae/artigos/estabeleca-uma-boa-politica-de-frete-e-aumente-a-taxa-de-conversao,bbeceef243642810VgnVCM100000d701210aRCRD",,,Sim,MEI; EPP; ME,Mercado e Vendas,LOJA ONLINE,compras; política de frete; frete; conversão,Comércio atacadista e distribuidores diversos,0,NA,,,MEI; EPP; ME,Pessoa Jurídica,c93abce7-bb9d-3431-96a0-c6a92f94fa05
10160,Estilos de liderança: qual é o seu?,Artigo,"Não há um melhor do que outro, mas é importante saber como queremos ser percebidos pelas pessoas.",https://bibliotecas.sebrae.com.br/chronus/ARQUIVOS_CHRONUS/CAPAS_ARTIGOS_APP/192/192.jpg,0,"https://www.sebrae.com.br/sites/PortalSebrae/artigos/estilos-de-lideranca-qual-e-o-seu,61255505f8cb6810VgnVCM1000001b00320aRCRD",,,Sim,MEI; EPP; ME,Empreendedorismo,EMPREENDEDOR,Liderança; gestão de pessoas,Todos,0,NA,,,MEI; EPP; ME,Pessoa Jurídica,c14e0e00-e3a8-33ff-a766-4a5132f0ccd4
10161,Estruturas pré-fabricadas em concreto ganham cada vez mais espaço,Artigo,"As peças de concreto pré-fabricadas estão cada vez mais presentes na construção civil, um tipo de montagem que acelera a execução e reduz custos",https://bibliotecas.sebrae.com.br/chronus/ARQUIVOS_CHRONUS/CAPAS_ARTIGOS_APP/193/193.jpg,0,"https://www.sebrae.com.br/sites/PortalSebrae/artigos/estruturas-pre-fabricadas-em-concreto-ganham-cada-vez-mais-espaco,f4fb7c89d90d5810VgnVCM1000001b00320aRCRD",,,Sim,MEI; EPP; ME,Mercado e Vendas,PRODUTO,engenharia; construção civil; concreto; obras; concreto pré-fabricado,Construção Civil,0,NA,,,MEI; EPP; ME,Pessoa Jurídica,264cc052-d106-32cc-b04c-0dcde7b4bc7f
10162,Fazendo a diferença: inovação e valores humanos na educação,Artigo,"A educação se faz com os saberes, mas também ensinando para crianças e jovens os valores dos quais carece a sociedade atual.",https://bibliotecas.sebrae.com.br/chronus/ARQUIVOS_CHRONUS/CAPAS_ARTIGOS_APP/195/195.jpg,0,"https://www.sebrae.com.br/sites/PortalSebrae/artigos/fazendo-a-diferenca-inovacao-e-valores-humanos-na-educacao,4f47203b21115810VgnVCM100000d701210aRCRD",,,Sim,MEI; EPP; ME,Empreendedorismo,EDUCAÇÃO EMPREENDEDORA,educação; empreendedorismo; valores humanos; empreender; inovação,Ensino e Educação,0,NA,,,MEI; EPP; ME,Pessoa Jurídica,03d6708f-a894-3091-871a-323948580a2b
10163,Festas Juninas: 5 dicas para você utilizar o Instagram e vender mais,Artigo,A temporada das festas juninas é uma excelente oportunidade para utilizar estratégias de marketing digital e aumentar as suas vendas.,https://bibliotecas.sebrae.com.br/chronus/ARQUIVOS_CHRONUS/CAPAS_ARTIGOS_APP/197/197.jpg,0,"https://www.sebrae.com.br/sites/PortalSebrae/artigos/festas-juninas-5-dicas-para-voce-utilizar-o-instagram-e-vender-mais,8d560aa7f1271810VgnVCM100000d701210aRCRD",,,Sim,MEI; EPP; ME,Mercado e Vendas,MIDIAS SOCIAIS,Festas Juninas; Instagram; Marketing Digital,Comércio varejista de alimentos e bebidas; Comércio varejista - Diversos; Panificação; Serviços de alimentação,0,NA,,,MEI; EPP; ME,Pessoa Jurídica,9263cec3-a7fb-3ea3-9d66-53f47210f3d0
10164,Festas Juninas aceleram recuperação econômica em todo o Brasil,Artigo,"A volta das Festas Juninas abre oportunidades para toda a cadeia produtiva no turismo, principalmente no Nordeste. Aproveite essa onda e amplie seu negócio.",https://bibliotecas.sebrae.com.br/chronus/ARQUIVOS_CHRONUS/CAPAS_ARTIGOS_APP/198/198.jpg,0,"https://www.sebrae.com.br/sites/PortalSebrae/artigos/festas-juninas-aceleram-recuperacao-economica-em-todo-o-brasil,61ff7953005b1810VgnVCM100000d701210aRCRD",,,Sim,MEI; EPP; ME,Mercado e Vendas,DEMANDA DE CONSUMO,TURISMO NACIONAL; FESTAS JUNINAS; RECUPERAÇÃO ECONÔMICA; CADEIA PRODUTIVA DO TURISMO,Agências de viagem; Eventos,1,NA,,,MEI; EPP; ME,Pessoa Jurídica,a2eec978-fbaf-3af4-a304-a06de83a5c1d
10165,Fidelização na academia: aprenda dicas para o sucesso do seu negócio,Artigo,Aprenda seis dicas para aumentar o fator de sucesso e fidelização de sua academia.,https://bibliotecas.sebrae.com.br/chronus/ARQUIVOS_CHRONUS/CAPAS_ARTIGOS_APP/199/199.jpg,0,"https://www.sebrae.com.br/sites/PortalSebrae/artigos/fidelizacao-na-academia-aprenda-dicas-para-o-sucesso-do-seu-negocio,a87e6cc6a0236810VgnVCM1000001b00320aRCRD",,,Sim,EPP; ME,Mercado e Vendas,GESTÃO DE VENDA,,Academias e atividades físicas,0,NA,,,EPP; ME,Pessoa Jurídica,7a65d894-2ef7-375e-8442-5787df6fb088
10166,O que é o fluxo de caixa e como aplicá-lo no seu negócio,Artigo,Aprenda a avaliar as entradas e saídas de recursos e a disponibilidade de capital de giro na sua empresa,https://bibliotecas.sebrae.com.br/chronus/ARQUIVOS_CHRONUS/CAPAS_ARTIGOS_APP/202/202.png,0,"https://www.sebrae.com.br/sites/PortalSebrae/artigos/fluxo-de-caixa-o-que-e-e-como-implantar,b29e438af1c92410VgnVCM100000b272010aRCRD",,,Sim,MEI; EPP; ME,Finanças,FLUXO DE CAIXA,como sobrar dinheiro no fim do mês; como fazer um fluxo de caixa; finaças,Todos,0,NA,,,MEI; EPP; ME,Pessoa Jurídica,82b03cc5-a784-3a55-a7f9-b4cf6abeb243
10167,Fluxo de caixa para MEI: aprenda a controlar as finanças,Artigo,"A forma do controle de caixa vai variar de acordo com a necessidade do seu negócio, podendo ser sistematizada de forma diária, mensal ou anual.",https://bibliotecas.sebrae.com.br/chronus/ARQUIVOS_CHRONUS/CAPAS_ARTIGOS_APP/203/203.png,0,"https://www.sebrae.com.br/sites/PortalSebrae/artigos/fluxo-de-caixa-para-mei-aprenda-a-controlar-as-financas,3930103bc7d1b610VgnVCM1000004c00210aRCRD",,,Sim,MEI,Finanças,FLUXO DE CAIXA,Despesas; Economia; Floxo de Caixa,Todos,0,NA,,,MEI,Pessoa Jurídica,a2e88adf-8316-36dd-9fee-57c9ad99c4dc
10168,Franquia odontológica é destaque entre profissionais de saúde bucal,Artigo,"Modelo de negócio pronto e testado no mercado, a franquia odontológica facilita o processo de abertura de clínicas e dá credibilidade aos consultórios.",https://bibliotecas.sebrae.com.br/chronus/ARQUIVOS_CHRONUS/CAPAS_ARTIGOS_APP/204/204.jpg,0,"https://www.sebrae.com.br/sites/PortalSebrae/artigos/franquia-odontologica-e-destaque-entre-profissionais-de-saude-bucal,327c07cbe0417810VgnVCM1000001b00320aRCRD",,,Sim,EPP; ME,Mercado e Vendas,ANÁLISE DE TENDÊNCIA,,Saúde,0,NA,,,EPP; ME,Pessoa Jurídica,84c0d52b-be01-387d-bfdc-00cdd9b76955
10169,Fundamentos da gestão da qualidade,Artigo,"Quando se fala de qualidade é preciso planejar uma estrutura específica, com funções e ações bem definidas.",https://bibliotecas.sebrae.com.br/chronus/ARQUIVOS_CHRONUS/CAPAS_ARTIGOS_APP/205/205.jpg,0,"https://www.sebrae.com.br/sites/PortalSebrae/artigos/fundamentos-da-gestao-da-qualidade,527e438af1c92410VgnVCM100000b272010aRCRD",,,Sim,MEI; EPP; ME,Mercado e Vendas,CONTROLE DE VENDA,mapeamento de processos; gestão da qualidade,Todos,0,NA,,,MEI; EPP; ME,Pessoa Jurídica,87b141bc-8a3f-33ca-90bf-b078d96b1739
10170,Futuro de empreendimentos em educação é promissor,Artigo,Educação tem papel cada vez mais decisivo no mundo e oferece novas oportunidades diante das demandas atuais.,https://bibliotecas.sebrae.com.br/chronus/ARQUIVOS_CHRONUS/CAPAS_ARTIGOS_APP/206/206.jpg,0,"https://www.sebrae.com.br/sites/PortalSebrae/artigos/futuro-de-empreendimentos-em-educacao-e-promissor,a75964d4182c6810VgnVCM1000001b00320aRCRD",,,Sim,MEI,Empreendedorismo,OPORTUNIDADE DE NEGÓCIO,educação; empreendedorismo; inovação,Ensino e Educação,0,NA,,,MEI,Pessoa Jurídica,34e1e1f0-63af-3b21-8be2-bdf96c99ac16
10171,Gestão de estoque na Black Friday: dicas para aumentar suas vendas,Artigo,"Abasteça o seu estoque, organize suas mercadorias e prepare-se para vender muito nessa Black Friday.",https://bibliotecas.sebrae.com.br/chronus/ARQUIVOS_CHRONUS/CAPAS_ARTIGOS_APP/208/208.jpg,0,"https://www.sebrae.com.br/sites/PortalSebrae/artigos/gestao-de-estoque-na-black-friday-dicas-para-aumentar-suas-vendas,d816ec4d414b3810VgnVCM100000d701210aRCRD",,,Sim,MEI; EPP; ME,Finanças,GESTÃO FINANCEIRA,estoque; Black Friday; vendas,Academias e atividades físicas; Artesanato; Beleza; Comércio varejista da moda; Comércio varejista de autopeças; Comércio atacadista rural; Comércio varejista de alimentos e bebidas; Comércio varejista de informática; Comércio varejista de materiais de construção; Comércio varejista - Diversos; Panificação; Serviços de alimentação,1,NA,,,MEI; EPP; ME,Pessoa Jurídica,129bee40-3fe1-3a97-bcde-fd7d2ca5f424
10172,Gestão do tempo: como otimizar o uso do seu tempo,Artigo,"Quando se tem prioridades, metas e planos bem definidos, é possível organizar as atividades e encontrar tempo para tudo",https://bibliotecas.sebrae.com.br/chronus/ARQUIVOS_CHRONUS/CAPAS_ARTIGOS_APP/209/209.png,0,"https://www.sebrae.com.br/sites/PortalSebrae/artigos/gestao-do-tempo-como-otimizar-o-uso-do-seu-tempo,bde539603d5ad710VgnVCM100000d701210aRCRD",,,Sim,MEI; ME,Empreendedorismo,GESTÃO,atividades; MEI; metas; empreendedorismo; gestão; tempo; uber,Todos,0,NA,,,MEI; ME,Pessoa Jurídica,76bb5fb7-c2a8-3404-9b72-246c7ad4e5fc
10173,Halloween traz magia e diversão para turbinar negócios temáticos,Artigo,"Celebração do Dia das Bruxas, o Halloween é ótima oportunidade para faturar mais em vários segmentos de comércio e serviços.",https://bibliotecas.sebrae.com.br/chronus/ARQUIVOS_CHRONUS/CAPAS_ARTIGOS_APP/210/210.jpg,0,"https://www.sebrae.com.br/sites/PortalSebrae/artigos/halloween-traz-magia-e-diversao-para-turbinar-negocios-tematicos,045a6bd4be3d4810VgnVCM100000d701210aRCRD",,,Sim,MEI; EPP; ME,Empreendedorismo,COMÉRCIO,Datas comemorativas; Turismo; Festas; Halloween; Negócios temáticos,Comércio varejista de alimentos e bebidas; Comércio da moda; Comércio varejista - Diversos; Panificação,0,NA,,,MEI; EPP; ME,Pessoa Jurídica,f2aeee85-e12c-321b-b4ad-1db354cfe150
10174,Hidrogênio verde: um grande negócio para o Brasil,Artigo,Substituição de combustíveis fósseis na matriz energética abre grandes possibilidades para o país. O hidrogênio verde é uma delas.,https://bibliotecas.sebrae.com.br/chronus/ARQUIVOS_CHRONUS/CAPAS_ARTIGOS_APP/211/211.jpg,0,"https://www.sebrae.com.br/sites/PortalSebrae/artigos/hidrogenio-verde-um-grande-negocio-para-o-brasil,bb9b36b2d0826810VgnVCM1000001b00320aRCRD",,,Sim,MEI; EPP; ME,Inovação,INOVAÇÃO,hidrogênio,Energia,0,NA,,,MEI; EPP; ME,Pessoa Jurídica,2fd8dd58-51f0-3591-b434-34f4748270c8
10175,Impactos da IBT na ODS 4 - Educação de qualidade,Artigo,"As indústrias de base tecnológica (IBT), como startups educacionais, contribuem para atingir o Objetivo de Desenvolvimento Sustentável 4 - Educação de qualidade",https://bibliotecas.sebrae.com.br/chronus/ARQUIVOS_CHRONUS/CAPAS_ARTIGOS_APP/343/343.jpg,0,"https://www.sebrae.com.br/sites/PortalSebrae/artigos/impactos-da-ibt-na-ods-4-educacao-de-qualidade,e38557a0d6837810VgnVCM1000001b00320aRCRD",,,Sim,EPP; ME,Empreendedorismo,DIFERENCIAÇÃO,Educação; IBT,Ensino e Educação,0,NA,,,EPP; ME,Pessoa Jurídica,0049003f-852a-35fe-8a31-959a90154b83
10176,Incubadora ou aceleradora: veja qual a melhor opção para sua startup,Artigo,Incubadoras e aceleradoras tem como objetivo auxiliar empresas com potencial de inovação a se desenvolverem.,https://bibliotecas.sebrae.com.br/chronus/ARQUIVOS_CHRONUS/CAPAS_ARTIGOS_APP/213/213.jpg,0,"https://www.sebrae.com.br/sites/PortalSebrae/artigos/incubadora-ou-aceleradora-veja-qual-a-melhor-opcao-para-sua-startup,a3046c3b30816810VgnVCM1000001b00320aRCRD",,,Sim,EPP; ME,Inovação,STARTUP,Startups; Incubadora; Aceleradora,TIC,0,NA,,,EPP; ME,Pessoa Jurídica,1b67b737-02ec-3a9b-9cf9-91de5637d654
10177,Indústria de mineração enfrenta desafios e vislumbra oportunidades,Artigo,Brasil está entre os principais produtores minerais do mundo e agora tem oportunidades inéditas com economia de baixo carbono,https://bibliotecas.sebrae.com.br/chronus/ARQUIVOS_CHRONUS/CAPAS_ARTIGOS_APP/214/214.jpg,0,"https://www.sebrae.com.br/sites/PortalSebrae/artigos/industria-de-mineracao-enfrenta-desafios-e-vislumbra-oportunidades,f14854765f6e6810VgnVCM1000001b00320aRCRD",,,Sim,MEI; EPP; ME,Inovação,SUSTENTABILIDADE,,"Extração de pedra, areia e argila; Extração mineral; Indústria - Diversos",0,NA,,,MEI; EPP; ME,Pessoa Jurídica,f41c9497-870c-3461-a9fd-42947e3910ca
10178,Inovação e criatividade na educação: benefícios no ensino-aprendizado,Artigo,"Inovação e criatividade são associadas à educação e tratam da introdução de ideias, tecnologias ou práticas para melhorar o processo de ensino-aprendizagem",https://bibliotecas.sebrae.com.br/chronus/ARQUIVOS_CHRONUS/CAPAS_ARTIGOS_APP/215/215.jpg,0,"https://www.sebrae.com.br/sites/PortalSebrae/artigos/inovacao-e-criatividade-na-educacao-beneficios-no-ensino-aprendizado,f26a781563028810VgnVCM1000001b00320aRCRD",,,Sim,MEI; EPP; ME,Inovação,INOVAÇÃO,,Ensino e Educação,0,NA,,,MEI; EPP; ME,Pessoa Jurídica,c33f6ef5-4fa7-340d-9065-09ad836746b2
10179,Inovação na construção civil: conheça a madeira transparente,Artigo,Descoberta de pesquisadores suecos poderá tornar construções mais baratas e eficientes com o uso de um recurso renovável. Saiba mais.,https://bibliotecas.sebrae.com.br/chronus/ARQUIVOS_CHRONUS/CAPAS_ARTIGOS_APP/217/217.jpg,0,"https://www.sebrae.com.br/sites/PortalSebrae/artigos/inovacao-na-construcao-civil-conheca-a-madeira-transparente,57a7e0039e795810VgnVCM1000001b00320aRCRD",,,Sim,MEI; EPP; ME,Inovação,DIFERENCIAL,Casa; Inovação; Construção,Indústria da madeira,0,NA,,,MEI; EPP; ME,Pessoa Jurídica,8192ab08-512d-39ac-9d19-14af99d1a9a8
10180,Inove e crie passeios turísticos para o Dia das Mães,Artigo,Empreendedores de turismo tem a oportunidade de usar a criatividade e criar pacotes para ajudar o filho a dar presentes adaptados ao perfil delas,https://bibliotecas.sebrae.com.br/chronus/ARQUIVOS_CHRONUS/CAPAS_ARTIGOS_APP/218/218.jpg,0,"https://www.sebrae.com.br/sites/PortalSebrae/artigos/inove-e-crie-passeios-turisticos-para-o-dia-das-maes,c080f4ffb3a70810VgnVCM100000d701210aRCRD",,,Sim,MEI; EPP; ME,Mercado e Vendas,DEMANDA DE CONSUMO,Destinos turísticos; Passeios turísticos; Sebrae Todo Dia; ebook; Dia das Mães; Turismo; Turismotododi,Agências de viagem; Atrativos turísticos,1,NA,,,MEI; EPP; ME,Pessoa Jurídica,9f65367c-f3b5-39d9-89f5-a61302234cd1
10181,Inteligência emocional e empreendedorismo: uma dupla de sucesso,Artigo,As opções são inúmeras. Escolha a que melhor se encaixa no seu negócio.,https://bibliotecas.sebrae.com.br/chronus/ARQUIVOS_CHRONUS/CAPAS_ARTIGOS_APP/219/219.jpg,0,"https://www.sebrae.com.br/sites/PortalSebrae/artigos/inteligencia-emocional-e-empreendedorismo-uma-dupla-de-sucesso,02c601a472a96810VgnVCM1000001b00320aRCRD",,,Sim,MEI; EPP; ME,Empreendedorismo,EMPREENDEDOR,empreendedorismo; inteligência emocional; sucesso,Todos,0,NA,,,MEI; EPP; ME,Pessoa Jurídica,25bd4b16-6b49-3f7e-ac6f-f3b72e7178bb
10182,Intercooperação beneficia cooperativas e sociedade,Artigo,"Um dos sete princípios do cooperativismo, a intercooperação soma os esforços de várias cooperativas em torno dos mesmos objetivos. Todos saem ganhando.",https://bibliotecas.sebrae.com.br/chronus/ARQUIVOS_CHRONUS/CAPAS_ARTIGOS_APP/220/220.jpg,0,"https://www.sebrae.com.br/sites/PortalSebrae/artigos/intercooperacao-beneficia-cooperativas-e-sociedade,c5c19855c83a2810VgnVCM100000d701210aRCRD",,,Sim,MEI; EPP; ME,Cooperação,COOPERAÇÃO,COOPERATIVISMO; INTERCOOPERAÇÃO; PRINCÍPIOS DO COOPERATIVISMO; OCB,Associações,0,NA,,,MEI; EPP; ME,Pessoa Jurídica,5f04dda5-87d3-33fa-9d80-90dde9083c2a
10183,Investimento em franquia de móveis tem boas perspectivas,Artigo,"Oportunidades em franquia de móveis exigem baixo investimento e têm retorno rápido, com boas perspectivas de faturamento.",https://bibliotecas.sebrae.com.br/chronus/ARQUIVOS_CHRONUS/CAPAS_ARTIGOS_APP/221/221.jpg,0,"https://www.sebrae.com.br/sites/PortalSebrae/artigos/investimento-em-franquia-de-moveis-tem-boas-perspectivas,42bb0056580d5810VgnVCM1000001b00320aRCRD",,,Sim,EPP; ME,Empreendedorismo,NA,,Móveis; Indústria da madeira,0,NA,,,EPP; ME,Pessoa Jurídica,b1878a04-0ec9-3244-89da-e259e53f0c1c
10184,Já ouviu falar da síndrome do impostor?,Artigo,Conheça os sinais e saiba como vencê-la.,https://bibliotecas.sebrae.com.br/chronus/ARQUIVOS_CHRONUS/CAPAS_ARTIGOS_APP/222/222.jpg,0,"https://www.sebrae.com.br/sites/PortalSebrae/artigos/ja-ouviu-falar-da-sindrome-do-impostor,35f899905be96810VgnVCM1000001b00320aRCRD",,,Sim,MEI; EPP; ME,Empreendedorismo,EMPREENDEDOR,Inteligência emocional; Autoconfiança; Síndrome; Saúde mental,Todos,0,NA,,,MEI; EPP; ME,Pessoa Jurídica,874013bf-3790-3b0e-800f-82411a3ee504
10185,Licenciamento ambiental da aquicultura: critérios e procedimentos,Artigo,"Compreendida como a produção de pescados em cativeiro, a aquicultura lida com organismos cujo ciclo de vida, em condições naturais, ocorre em meio aquático.",https://bibliotecas.sebrae.com.br/chronus/ARQUIVOS_CHRONUS/CAPAS_ARTIGOS_APP/223/223.jpg,0,"https://www.sebrae.com.br/sites/PortalSebrae/artigos/licenciamento-ambiental-da-aquicultura-criterios-e-procedimentos,16f9634e2ca62410VgnVCM100000b272010aRCRD",,,Sim,MEI; EPP; ME,Leis,LEGISLAÇÃO AMBIENTAL,regularização; legislação; sustentabilidade; aquicultura,Aquicultura,0,NA,,,MEI; EPP; ME,Pessoa Jurídica,daa28ccf-4983-3be6-8432-1273a2f9fcbb
10186,Lili Almeida encontrou na sabedoria popular o tempero para empreender.,Artigo,Conheça a trajetória da chef Lili Almeida que conquistou um milhão de seguidores ao unir o modelo de negócio à sua tradição familiar,https://bibliotecas.sebrae.com.br/chronus/ARQUIVOS_CHRONUS/CAPAS_ARTIGOS_APP/224/224.png,0,"https://www.sebrae.com.br/sites/PortalSebrae/artigos/lili-almeida-encontrou-na-sabedoria-popular-o-tempero-para-empreender,1ec2a8598178f810VgnVCM1000001b00320aRCRD",,,Sim,MEI,Empreendedorismo,SUCESSO,,Todos,0,NA,,,MEI,Pessoa Jurídica,708fbeca-939b-3296-9d5e-65d2506f872f
10187,Locação de veículos têm perspectivas de crescimento,Artigo,"Setor de locação de veículos vem crescendo continuamente, fornecendo frotas a empresa e carros por assinatura e deve se expandir mais com volta do turismo.",https://bibliotecas.sebrae.com.br/chronus/ARQUIVOS_CHRONUS/CAPAS_ARTIGOS_APP/225/225.jpg,0,"https://www.sebrae.com.br/sites/PortalSebrae/artigos/locacao-de-veiculos-tem-perspectivas-de-crescimento,589675f4ac306810VgnVCM1000001b00320aRCRD",,,Sim,MEI,Empreendedorismo,OPORTUNIDADE DE NEGÓCIO,,Comércio de automóveis; Agências de viagem,0,NA,,,MEI,Pessoa Jurídica,f0150e2a-536d-334d-a3d7-00729327566b
10188,Madeira engenheirada: conheça a nova tendência da construção civil,Artigo,"Entenda como a tecnologia da madeira engenheirada pode ser benéfica para a obra por ser resistente, leve e sustentável",https://bibliotecas.sebrae.com.br/chronus/ARQUIVOS_CHRONUS/CAPAS_ARTIGOS_APP/226/226.jpg,0,"https://www.sebrae.com.br/sites/PortalSebrae/artigos/madeira-engenheirada-conheca-a-nova-tendencia-da-construcao-civil,933c42d487184810VgnVCM100000d701210aRCRD",,,Sim,MEI; EPP; ME,GESTÃO DE PRODUTO (INOVAÇÃO),NA,impactos ambientais; construção civil; madeira engenheirada,Indústria da madeira,0,NA,,,MEI; EPP; ME,Pessoa Jurídica,58feceb8-458d-340b-835a-d01d53de8369
10189,Manicures: como aumentar seu faturamento? Conheça algumas dicas!,Artigo,O trabalho de manicure mudou: são muitas técnicas novas e é preciso estar antenada para oferecer opções com maior valor agregado para aumentar o faturamento.,https://bibliotecas.sebrae.com.br/chronus/ARQUIVOS_CHRONUS/CAPAS_ARTIGOS_APP/227/227.jpg,0,"https://www.sebrae.com.br/sites/PortalSebrae/artigos/manicures-como-aumentar-seu-faturamento-conheca-algumas-dicas,49402d2a7e234810VgnVCM100000d701210aRCRD",,,Sim,MEI,Empreendedorismo,DIFERENCIAÇÃO,unhas; manicure; beleza,Beleza,0,NA,,,MEI,Pessoa Jurídica,9fd8f067-d289-3a62-8285-0b4a387d3e61
10190,Manual de boas práticas para embalagem de artesanato,Artigo,"A publicação mostra as diversas formas de embalagem para artesanato, que podem ser  utilizadas como diferencial competitivo, dando segurança e valor às peças.",https://bibliotecas.sebrae.com.br/chronus/ARQUIVOS_CHRONUS/CAPAS_ARTIGOS_APP/228/228.jpg,0,"https://www.sebrae.com.br/sites/PortalSebrae/artigos/manual-de-boas-praticas-para-embalagem-de-artesanato,1469d53342603410VgnVCM100000b272010aRCRD",,,Sim,MEI; PF; ME,Mercado e Vendas,AMBIENTE DE VENDA,Boas práticas; Logística; Trabalho Manual; Artesanato,Artesanato,0,NA,,,MEI; PF; ME,Pessoa Física; Pessoa Jurídica,cfbc2e4d-f7e6-3cf6-80f7-dc11e28be2b5
10191,"Manutenção elétrica preventiva é sempre investimento, nunca custo",Artigo,Uma boa manutenção preventiva garante o melhor funcionamento de instalações elétricas e mais segurança para os usuários.,https://bibliotecas.sebrae.com.br/chronus/ARQUIVOS_CHRONUS/CAPAS_ARTIGOS_APP/229/229.jpg,0,"https://www.sebrae.com.br/sites/PortalSebrae/artigos/manutencao-eletrica-preventiva-e-sempre-investimento-nunca-custo,00a3fa737ebb5810VgnVCM1000001b00320aRCRD",,,Sim,MEI; EPP; ME,Organização,PROCESSOS PLANEJADOS,manutenção; energia,Energia; Serviços de construção,0,NA,,,MEI; EPP; ME,Pessoa Jurídica,79e542f8-8448-37e0-beac-0ba7c15480aa
10192,Mapeamento de Marketplaces para Pequenos Negócios venderem online,Artigo,Sebrae mapeia marketplaces para ajudar pequenos negócios a escolherem plataformas ideais e aumentarem suas vendas no e-commerce.,https://bibliotecas.sebrae.com.br/chronus/ARQUIVOS_CHRONUS/CAPAS_ARTIGOS_APP/230/230.png,0,"https://www.sebrae.com.br/sites/PortalSebrae/artigos/mapeamento-de-marketplaces-para-pequenos-negocios-venderem-online,dadc3750fc4e0910VgnVCM1000001b00320aRCRD",,,Sim,Todos,Mercado e Vendas,LOJA ONLINE,plataformas de e-commerce; marketplaces para pequenos negócios; vendas no e-commerce; mapeamento de marketplaces; aumentar vendas online; negócios digitais; marketplaces no Brasil; como vender online; estratégias de vendas online; guia de marketplaces,Todos,0,NA,,,Todos,Pessoa Física; Pessoa Jurídica,5c9efcd8-dde1-3fdf-9342-49f025796cc9
10193,Marketing digital para iniciantes: o que é e como funciona,Artigo,"Descubra o que é Marketing Digital, como funciona, suas vantagens e benefícios para o seu negócio. Aprenda como começar do zero e montar sua estratégia.",https://bibliotecas.sebrae.com.br/chronus/ARQUIVOS_CHRONUS/CAPAS_ARTIGOS_APP/231/231.png,0,"https://www.sebrae.com.br/sites/PortalSebrae/artigos/marketing-digital-para-iniciantes-o-que-e-e-como-funciona,9f1ac3399eeab810VgnVCM1000001b00320aRCRD",,,Sim,MEI; EPP; ME,Mercado e Vendas,MARKETING,funcionamento; consultoria; Marketing digital,Todos,0,NA,,,MEI; EPP; ME,Pessoa Jurídica,accc82bb-0dda-3ec1-9d1b-89b747af846f
10194,"Marketing digital pode mudar sua carreira, como fez com Felipe Titto",Artigo,Descubra como aplicar no seus empreendimentos a estratégia digital que transformou o ator Felipe Titto em um empreendedor milionário,https://bibliotecas.sebrae.com.br/chronus/ARQUIVOS_CHRONUS/CAPAS_ARTIGOS_APP/232/232.jpg,0,"https://www.sebrae.com.br/sites/PortalSebrae/artigos/marketing-digital-pode-mudar-sua-carreira-como-fez-com-felipe-titto,6221f9565578f810VgnVCM1000001b00320aRCRD",,,Sim,MEI; EPP; ME,Empreendedorismo,SUCESSO,mei; mercado digital; empreendedor; influencer; influenciador digital; empreendimentos; marketing digital; felipe titto; vender; pequenos negócios; estratégia digital,Todos,0,NA,,,MEI; EPP; ME,Pessoa Jurídica,26ea51c6-822e-362e-982a-03067de180fc
10195,Marketplaces abrem canais para a venda de produtos de artesanato,Artigo,Canais de marketplace ajudam artesãos a encontrar o melhor público para o seu negócio e crescer a venda de artesanato.,https://bibliotecas.sebrae.com.br/chronus/ARQUIVOS_CHRONUS/CAPAS_ARTIGOS_APP/234/234.jpg,0,"https://www.sebrae.com.br/sites/PortalSebrae/artigos/marketplaces-abrem-canais-para-a-venda-de-produtos-de-artesanato,03e0fa737ebb5810VgnVCM1000001b00320aRCRD",,,Sim,MEI; PF,Mercado e Vendas,COMÉRCIO ELETRÔNICO,marketplace; artesanato,Artesanato,0,NA,,,MEI; PF,Pessoa Física; Pessoa Jurídica,9d077232-c5a1-309e-bb44-d42b8c3c7a26
10196,MEI Caminhoneiro: transportadores autônomos de carga,Artigo,"Lei permite que os transportadores autônomos de carga registrem-se como MEI e faturem até R$ 251.600,00 por ano.",https://bibliotecas.sebrae.com.br/chronus/ARQUIVOS_CHRONUS/CAPAS_ARTIGOS_APP/235/235.jpg,0,"https://www.sebrae.com.br/sites/PortalSebrae/artigos/mei-caminhoneiro-transportadores-autonomos-de-carga,4fbaf2a0244a6810VgnVCM1000001b00320aRCRD",,,Sim,MEI,Empreendedorismo,MICROEMPREENDEDOR INDIVIDUAL,MEI,Serviços automotivos,0,NA,,,MEI,Pessoa Jurídica,91858aee-4b17-32d0-910b-3148853c0716
10197,MEI: como emitir e pagar seu boleto DAS mensal,Artigo,Saiba como emitir e pagar seu boleto DAS MEI e evite as consequências da inadimplência. Regularize-se para aproveitar todos os benefícios de ser um MEI,https://bibliotecas.sebrae.com.br/chronus/ARQUIVOS_CHRONUS/CAPAS_ARTIGOS_APP/236/236.png,0,"https://www.sebrae.com.br/sites/PortalSebrae/artigos/mei-como-emitir-e-pagar-seu-boleto-das-mensal,f42b5f3a8b14c810VgnVCM1000001b00320aRCRD",,,Sim,MEI,Leis,DEVERES E OBRIGAÇÕES,MEI; pagar DAS MEI; MEI Boleto; MEI DAS pagamento; MEI DAS; MEI boleto parcelamento; emitir DAS MEI; MEI das emitir; MEI boleto mensal,Todos,0,NA,,,MEI,Pessoa Jurídica,8b3e0282-264c-3f18-83fb-7e521e5a07f7
10198,MEI no esquenta: Black Friday,Artigo,Aproveite a Black Friday para fazer o seu cliente antecipar as compras de fim de ano.,https://bibliotecas.sebrae.com.br/chronus/ARQUIVOS_CHRONUS/CAPAS_ARTIGOS_APP/237/237.jpg,0,"https://www.sebrae.com.br/sites/PortalSebrae/artigos/mei-no-esquenta-black-friday,63f9c009cbce3810VgnVCM100000d701210aRCRD",,,Sim,MEI,Empreendedorismo,MICROEMPREENDEDOR INDIVIDUAL,MEI; black friday,Todos,1,NA,,,MEI,Pessoa Jurídica,cac7533e-d5a7-31e1-8911-8d54a56713ef
10199,MEI precisa de Inscrição Estadual?,Artigo,"Ao se constituir como MEI, o empreendedor passa a ter diversos direitos e benefícios, mas também algumas obrigações.",https://bibliotecas.sebrae.com.br/chronus/ARQUIVOS_CHRONUS/CAPAS_ARTIGOS_APP/239/239.jpg,0,"https://www.sebrae.com.br/sites/PortalSebrae/artigos/mei-precisa-de-inscricao-estadual,44687a3a415f5810VgnVCM1000001b00320aRCRD",,,Sim,MEI,Leis,MICROEMPREENDEDOR INDIVIDUAL,MEI; Inscrição Estadual,Todos,0,NA,,,MEI,Pessoa Jurídica,be99dd90-d963-3750-ad16-18b95dd45948
10200,MEI precisa declarar imposto de renda pessoa jurídica e pessoa física?,Artigo,Você também tem esta dúvida? Vamos te auxiliar e esclarecer para que você não fique com pendências na Receita Federal,https://bibliotecas.sebrae.com.br/chronus/ARQUIVOS_CHRONUS/CAPAS_ARTIGOS_APP/240/240.jpg,0,"https://www.sebrae.com.br/sites/PortalSebrae/artigos/mei-precisa-declarar-imposto-de-renda-pessoa-juridica-e-pessoa-fisica,8c08efcb3a6b8810VgnVCM1000001b00320aRCRD",,,Sim,MEI,Empreendedorismo,MICROEMPREENDEDOR INDIVIDUAL,Finanças; MEI; Declaração; Imposto,Todos,0,NA,,,MEI,Pessoa Jurídica,e1922216-cffe-3b67-aad6-9db25205fe36
10201,MEI x Imposto de Renda,Artigo,É preciso saber calcular os lucros obtidos com a atividade do MEI para fazer corretamente a Declaração de Imposto de Renda da Pessoa Física.,https://bibliotecas.sebrae.com.br/chronus/ARQUIVOS_CHRONUS/CAPAS_ARTIGOS_APP/241/241.jpg,0,"https://www.sebrae.com.br/sites/PortalSebrae/artigos/mei-x-imposto-de-renda,2f48921aaebab510VgnVCM1000004c00210aRCRD",,,Sim,MEI,Leis,MICROEMPREENDEDOR INDIVIDUAL,como declarar imposto de renda; MEI,Todos,0,NA,,,MEI,Pessoa Jurídica,0d0c5723-9b33-3332-a51d-d78ee4e41983
10202,Meia comprida e vestido bem cintado: é época da moda junina!,Artigo,"Chapéus com marias-chiquinhas, vestidos quadriculados, remendos nas calças. A moda é se vestir para a ocasião e aproveitar as oportunidades de negócios.",https://bibliotecas.sebrae.com.br/chronus/ARQUIVOS_CHRONUS/CAPAS_ARTIGOS_APP/242/242.jpg,0,"https://www.sebrae.com.br/sites/PortalSebrae/artigos/meia-comprida-e-vestido-bem-cintado-e-epoca-da-moda-junina,e91aab362e591810VgnVCM100000d701210aRCRD",,,Sim,MEI,Empreendedorismo,OPORTUNIDADE DE NEGÓCIO,FESTA JUNINA; VENDA; LUCROS; MODA,Comércio varejista da moda; Indústria da moda; Serviços da moda,0,NA,,,MEI,Pessoa Jurídica,0cb3f247-72b7-3ba6-bfc8-47092933f7ee
10203,Melhores cursos para quem quer abrir uma empresa,Artigo,O Sebrae possui alguns cursos online e gratuitos voltados para quem deseja abrir uma empresa ou um CNPJ como MEI ou Microempresa. Conheça os cursos:,https://bibliotecas.sebrae.com.br/chronus/ARQUIVOS_CHRONUS/CAPAS_ARTIGOS_APP/243/243.png,0,"https://www.sebrae.com.br/sites/PortalSebrae/artigos/melhores-cursos-para-quem-quer-abrir-uma-empresa,4b1a581d984cf810VgnVCM1000001b00320aRCRD",,,Sim,PF,Empreendedorismo,ABERTURA DE EMPRESA,MEI; Empresa; Empreender; Abrir uma empresa; Plano de negócios; Como Empreender; Abrir um MEI,Todos,0,NA,,,PF,Pessoa Física,873f6364-454c-3944-84cc-d63909566000
10204,Meliponicultura: conheça mais sobre as abelhas sem ferrão,Artigo,"Saiba a origem dessa cultura, o destaque da atividade apícola no Brasil e a sua produção de mel.",https://bibliotecas.sebrae.com.br/chronus/ARQUIVOS_CHRONUS/CAPAS_ARTIGOS_APP/244/244.jpg,0,"https://www.sebrae.com.br/sites/PortalSebrae/artigos/meliponicultura-conheca-mais-sobre-as-abelhas-sem-ferrao,ed1bcc6150e47810VgnVCM1000001b00320aRCRD",,,Sim,MEI; EPP; ME,Mercado e Vendas,PRODUTO,Apicultura; abelha,Apicultura,0,NA,,,MEI; EPP; ME,Pessoa Jurídica,bfbd901d-0df6-36b6-b682-ce25368d4017
10205,Metaverso abre oportunidades para agregar valor a passeios turísticos,Artigo,"Conheça formas de ganhar clientes e fomentar passeios com o metaverso, que é a aposta de empresas gigantes do mercado digital.",https://bibliotecas.sebrae.com.br/chronus/ARQUIVOS_CHRONUS/CAPAS_ARTIGOS_APP/245/245.jpg,0,"https://www.sebrae.com.br/sites/PortalSebrae/artigos/metaverso-abre-oportunidades-para-agregar-valor-a-passeios-turisticos,30a28c6750406810VgnVCM1000001b00320aRCRD",,,Sim,MEI; EPP; ME,Mercado e Vendas,NEGÓCIOS DIGITAIS,metaverso; oportunidade,Atrativos turísticos,0,NA,,,MEI; EPP; ME,Pessoa Jurídica,b3696821-4dad-322d-96e5-6aad2b8c8d73
10206,Meu MEI é um sucesso - Gabriel Barbeiro,Artigo,"Gabriel de 22 anos é barbeiro. Ele é o personagem deste artigo da série ""Meu MEI é um Sucesso"". Vamos conhecer um pouco da sua história.",https://bibliotecas.sebrae.com.br/chronus/ARQUIVOS_CHRONUS/CAPAS_ARTIGOS_APP/246/246.jpg,0,"https://www.sebrae.com.br/sites/PortalSebrae/artigos/meu-mei-e-um-sucesso-gabriel-barbeiro,b2994f8166257810VgnVCM1000001b00320aRCRD",,,Sim,MEI,Mercado e Vendas,ANÁLISE DE TENDÊNCIA,MEI; tendência; mercado de beleza; beleza masculina; barbearia,Serviços pessoais,0,NA,,,MEI,Pessoa Jurídica,00cc4e2c-1827-3fee-bd5d-9f07278b4c50
10207,Micro usina hidrelétrica é alternativa para pequenos negócios no campo,Artigo,"A geração de energia elétrica por micro usinas hidrelétricas, fonte renovável e sustentável, é uma alternativa eficiente para abastecer o campo.",https://bibliotecas.sebrae.com.br/chronus/ARQUIVOS_CHRONUS/CAPAS_ARTIGOS_APP/247/247.jpg,0,"https://www.sebrae.com.br/sites/PortalSebrae/artigos/micro-usina-hidreletrica-e-alternativa-para-pequenos-negocios-no-campo,f956df84320d5810VgnVCM1000001b00320aRCRD",,,Sim,MEI; EPP; ME,Inovação,SUSTENTABILIDADE,energia ; hidrelétrica ,Cultivos diversos; Energia; Serviços de construção; Serviços públicos,0,NA,,,MEI; EPP; ME,Pessoa Jurídica,d9d22a70-41ee-3ed8-8f7e-591edb1241c8
10208,Modelos que fazem sucesso no mercado de franquias,Artigo,"As franquias são modelos de negócio em que uma empresa transfere seu sistema de operação para outro ponto comercial, sob a autorização do proprietário original.",https://bibliotecas.sebrae.com.br/chronus/ARQUIVOS_CHRONUS/CAPAS_ARTIGOS_APP/248/248.jpg,0,"https://www.sebrae.com.br/sites/PortalSebrae/artigos/modelos-que-fazem-sucesso-no-mercado-de-franquias,cba60ffe48437810VgnVCM1000001b00320aRCRD",,,Sim,EPP; ME,Mercado e Vendas,FRANQUIA,Franquia; Filial; Empreendedorismo,Todos,0,NA,,,EPP; ME,Pessoa Jurídica,1d3ee0e8-4d67-31bc-9355-d1b38b65bc49
10209,Motéis são grande oportunidade para o mercado de turismo,Artigo,"Muito além dos encontros clandestinos, motéis são locais de comemoração, encontros românticos e momentos luxuosos e rendem ótimas oportunidades para o turismo.",https://bibliotecas.sebrae.com.br/chronus/ARQUIVOS_CHRONUS/CAPAS_ARTIGOS_APP/249/249.jpg,0,"https://www.sebrae.com.br/sites/PortalSebrae/artigos/moteis-sao-grande-oportunidade-para-o-mercado-de-turismo,c07be2d294406810VgnVCM1000001b00320aRCRD",,,Sim,MEI; EPP; ME,Empreendedorismo,OPORTUNIDADE DE NEGÓCIO,motelaria; turismo de motéis; motel; turismo romântico,Agências de viagem; Meios de hospedagem,0,NA,,,MEI; EPP; ME,Pessoa Jurídica,a301de04-10cf-31d1-bad7-77abf19b96fc
10210,Móveis Planejados: os processos de uma marcenaria moderna,Artigo,A marcenaria é uma arte que vem sendo praticada há milhares de anos.,https://bibliotecas.sebrae.com.br/chronus/ARQUIVOS_CHRONUS/CAPAS_ARTIGOS_APP/250/250.jpg,0,"https://www.sebrae.com.br/sites/PortalSebrae/artigos/moveis-planejados-os-processos-de-uma-marcenaria-moderna,d2015083c0ce7810VgnVCM1000001b00320aRCRD",,,Sim,MEI; EPP; ME,Empreendedorismo,DIFERENCIAÇÃO,marcenaria; Móveis; planjeados,Móveis; Indústria da madeira,0,NA,,,MEI; EPP; ME,Pessoa Jurídica,2c67d4b6-2cb4-3fd3-8d0d-b7ff9abef8de
10211,Movimento clean label: o rótulo que todos conseguem entender,Artigo,"Clean label, o rótulo livre para alimentos que não contêm substâncias artificiais, são feitos com produtos naturais e facilmente identificáveis pelo consumidor.",https://bibliotecas.sebrae.com.br/chronus/ARQUIVOS_CHRONUS/CAPAS_ARTIGOS_APP/251/251.jpg,0,"https://www.sebrae.com.br/sites/PortalSebrae/artigos/movimento-clean-label-o-rotulo-que-todos-conseguem-entender,a37e7bd8e8bc5810VgnVCM1000001b00320aRCRD",,,Sim,MEI; EPP; ME,Mercado e Vendas,PRODUTO,rótulo; label; clean,Comércio atacadista rural; Comércio varejista de alimentos e bebidas; Comércio atacadista de alimentos e bebidas; Indústria de alimentos e bebidas,0,NA,,,MEI; EPP; ME,Pessoa Jurídica,e39dad12-54e7-3543-bddc-8999afb7662e
10212,Museu do Amanhã é oportunidade para o setor do turismo,Artigo,Atrativos turísticos como o Museu do Amanhã é presente para empresários do entorno.,https://bibliotecas.sebrae.com.br/chronus/ARQUIVOS_CHRONUS/CAPAS_ARTIGOS_APP/252/252.jpg,0,"https://www.sebrae.com.br/sites/PortalSebrae/artigos/museu-do-amanha-e-oportunidade-para-o-setor-do-turismo,6ae8f5fe8b496810VgnVCM1000001b00320aRCRD",,,Sim,MEI; EPP; ME,Empreendedorismo,DIFERENCIAÇÃO,turismo cultural; Museu do Amanhã; Atrativos turísticos; viagem cultural,Agências de viagem; Atrativos turísticos,0,NA,,,MEI; EPP; ME,Pessoa Jurídica,69d388d0-5fd5-3d77-93b3-e4a22b03188c
10213,"Museu Nacional, um incentivo ao turismo cultural no Rio de Janeiro",Artigo,"O Brasil mantém em funcionamento mais de 3 mil museus; o Museu Nacional, no Rio de Janeiro, é um dos mais importantes.",https://bibliotecas.sebrae.com.br/chronus/ARQUIVOS_CHRONUS/CAPAS_ARTIGOS_APP/253/253.jpg,0,"https://www.sebrae.com.br/sites/PortalSebrae/artigos/museu-nacional-um-incentivo-ao-turismo-cultural-no-rio-de-janeiro,f5d88fe09c636810VgnVCM1000001b00320aRCRD",,,Sim,MEI; EPP; ME,Empreendedorismo,ADMINISTRAÇÃO PÚBLICA,turismo; museu,Agências de viagem; Atrativos turísticos,0,NA,,,MEI; EPP; ME,Pessoa Jurídica,9653ecab-530b-3bf7-b03d-040f7007385b
10214,Normas técnicas para o setor automotivo,Artigo,O acesso a normas técnicas para o setor de reparo de automóveis está disponível gratuitamente ou a grandes descontos para as pequenas empresas.,https://bibliotecas.sebrae.com.br/chronus/ARQUIVOS_CHRONUS/CAPAS_ARTIGOS_APP/255/255.jpg,0,"https://www.sebrae.com.br/sites/PortalSebrae/artigos/normas-tecnicas-para-o-setor-automotivo,466f438af1c92410VgnVCM100000b272010aRCRD",,,Sim,MEI; EPP; ME,Organização,NORMAS TÉCNICAS,automóveis; oficinas; normas técnicas,Comércio de automóveis; Indústria - Diversos,0,NA,,,MEI; EPP; ME,Pessoa Jurídica,45527352-813b-3129-ad23-8253c3898e63
10215,Noroeste do Rio de Janeiro se destaca na produção de cafés especiais,Artigo,"Região, com o apoio do Sebrae, quer se tornar conhecida pela qualidade do café.",,0,"https://www.sebrae.com.br/sites/PortalSebrae/artigos/noroeste-do-rio-de-janeiro-se-destaca-na-producao-de-cafes-especiais,eaa7d281b12a5810VgnVCM1000001b00320aRCRD",,,Sim,MEI; ME,Empreendedorismo,ATITUDE EMPREENDEDORA,cafe; produção brasileira,Cafeicultura,0,NA,,,MEI; ME,Pessoa Jurídica,de8073b0-cfd1-37fe-80ef-83de43682b4e
10216,Novas tecnologias e o futuro da educação,Artigo,"Por muitos anos, a dinâmica nas salas de aula consistia no aluno sentado em uma cadeira e o professor à frente da sala apresentando o conteúdo",https://bibliotecas.sebrae.com.br/chronus/ARQUIVOS_CHRONUS/CAPAS_ARTIGOS_APP/257/257.jpg,0,"https://www.sebrae.com.br/sites/PortalSebrae/artigos/novas-tecnologias-e-o-futuro-da-educacao,b51a425466428810VgnVCM1000001b00320aRCRD",,,Sim,MEI; EPP; ME,Inovação,INOVAÇÃO,educação; tecnologia,Ensino e Educação,0,NA,,,MEI; EPP; ME,Pessoa Jurídica,22631936-fda8-3017-a2d8-a311283e47b2
10217,Novo Emissor de NF-e Sebrae,Artigo,Conheça o novo emissor de NF-e do Sebrae e veja as vantagens para o seu negócio.,https://bibliotecas.sebrae.com.br/chronus/ARQUIVOS_CHRONUS/CAPAS_ARTIGOS_APP/258/258.png,0,"https://www.sebrae.com.br/sites/PortalSebrae/artigos/novo-emissor-de-nf-e-sebrae,952bea291af83810VgnVCM100000d701210aRCRD",,,Sim,MEI; EPP; ME,Finanças,PAGAMENTO,NF-e; CT-e; Nota Fiscal Eletrônica; Emissor,Todos,0,NA,,,MEI; EPP; ME,Pessoa Jurídica,08b11729-03d4-3722-baf1-b95b73265a26
10218,O apoio do Sebrae ao cooperativismo de crédito brasileiro,Artigo,Confira um mapeamento histórico dos resultados e das principais ações e realizações do Sebrae a favor do desenvolvimento do cooperativismo de crédito no Brasil.,https://bibliotecas.sebrae.com.br/chronus/ARQUIVOS_CHRONUS/CAPAS_ARTIGOS_APP/259/259.jpg,0,"https://www.sebrae.com.br/sites/PortalSebrae/artigos/o-apoio-do-sebrae-ao-cooperativismo-de-credito-brasileiro,01eb8059c1c26810VgnVCM1000001b00320aRCRD",,,Sim,MEI; EPP; ME,Cooperação,COOPERATIVA DE CRÉDITO,,Associações,0,NA,,,MEI; EPP; ME,Pessoa Jurídica,377f50f9-ce3a-3692-b8c3-13363e4134f5
10219,O artesanato como expressão cultural da Região Sudeste,Artigo,"A miscelânea de povos da Região Sudeste, a mais urbanizada do Brasil, e a diversidade dos materiais utilizados promovem e destacam os produtos dos artesãos.",https://bibliotecas.sebrae.com.br/chronus/ARQUIVOS_CHRONUS/CAPAS_ARTIGOS_APP/260/260.jpg,0,"https://www.sebrae.com.br/sites/PortalSebrae/artigos/o-artesanato-como-expressao-cultural-da-regiao-sudeste,c412798b33854810VgnVCM100000d701210aRCRD",,,Sim,MEI; PF,Mercado e Vendas,AMBIENTE DE VENDA,Minas Gerais; artesãos; região Sudeste; São Paulo; Espírito Santo; Rio de Janeiro; artesanato,Artesanato,0,NA,,,MEI; PF,Pessoa Física; Pessoa Jurídica,e4699e4d-c437-3e28-9a98-bd9913eb47bc
10220,"O core business dos restaurantes, além de comida, deve ser comunicação",Artigo,Veja como o ramo de alimentação pode se reinventar e fortalecer o relacionamento com os clientes.,https://bibliotecas.sebrae.com.br/chronus/ARQUIVOS_CHRONUS/CAPAS_ARTIGOS_APP/263/263.png,0,"https://www.sebrae.com.br/sites/PortalSebrae/artigos/o-core-business-dos-restaurantes-alem-de-comida-deve-ser-comunicacao,fbe7e54493471710VgnVCM1000004c00210aRCRD",,,Sim,MEI; EPP; ME,Mercado e Vendas,COMUNICAÇÃO,Restaurantes; Comunicação com cliente,Panificação; Serviços de alimentação,0,NA,,,MEI; EPP; ME,Pessoa Jurídica,35c20746-bbe2-3a29-9d61-00f59e3aad4e
10221,O que é a margem de contribuição e como utilizá-la na Black Friday?,Artigo,"Para cobrir custos, despesas e gerar lucro durante a Black Friday, é preciso calcular de forma correta a margem de contribuição unitária dos seus produtos.",https://bibliotecas.sebrae.com.br/chronus/ARQUIVOS_CHRONUS/CAPAS_ARTIGOS_APP/264/264.jpg,0,"https://www.sebrae.com.br/sites/PortalSebrae/artigos/o-que-e-a-margem-de-contribuicao-e-como-utiliza-la-na-black-friday,b8517485764b3810VgnVCM100000d701210aRCRD",,,Sim,MEI; EPP; ME,Finanças,PLANEJAMENTO  ORÇAMENTÁRIO,MEI; black friday; sebrae todo dia,Todos,1,NA,,,MEI; EPP; ME,Pessoa Jurídica,d522429e-e6f0-3f1e-9fe7-336ca0a3e64a
10222,O que é PLR no marketing digital,Artigo,Entenda o que é PLR no marketing digital e como usar essa estratégia no marketing de afiliados.,https://bibliotecas.sebrae.com.br/chronus/ARQUIVOS_CHRONUS/CAPAS_ARTIGOS_APP/265/265.jpg,0,"https://www.sebrae.com.br/sites/PortalSebrae/artigos/o-que-e-plr-no-marketing-digital,a5a0381ff2175810VgnVCM100000d701210aRCRD",,,Sim,MEI; EPP; ME,Mercado e Vendas,MARKETING ESTRATÉGICO,PLR; afiliados; Marketing Digital,Todos,0,NA,,,MEI; EPP; ME,Pessoa Jurídica,f918bfac-abfa-3b95-8a52-081d99682496
10223,O que é preciso para montar um salão de beleza,Artigo,Veja o passo a passo para começar do zero e montar um salão de beleza.,https://bibliotecas.sebrae.com.br/chronus/ARQUIVOS_CHRONUS/CAPAS_ARTIGOS_APP/266/266.jpg,0,"https://www.sebrae.com.br/sites/PortalSebrae/artigos/o-que-e-preciso-para-montar-um-salao-de-beleza,0d4e1ab384336810VgnVCM1000001b00320aRCRD",,,Sim,MEI; EPP; ME,Planejamento,PLANO DE NEGÓCIOS,beleza,Beleza,0,NA,,,MEI; EPP; ME,Pessoa Jurídica,8cfaa36b-924c-3092-981c-52a4f068a250
10224,O que é preciso saber antes de alugar um imóvel para a empresa,Artigo,Empreendedor ou pequena empresa devem ter cuidados para escolher o local ideal para o seu negócio,https://bibliotecas.sebrae.com.br/chronus/ARQUIVOS_CHRONUS/CAPAS_ARTIGOS_APP/267/267.jpg,0,"https://www.sebrae.com.br/sites/PortalSebrae/artigos/o-que-e-preciso-saber-antes-de-alugar-um-imovel-para-a-empresa,1b0856a849ff7710VgnVCM100000d701210aRCRD",,,Sim,MEI; ME,Planejamento,PLANO DE NEGÓCIOS,empreendedor; ponto comercial; imóvel; aluguel; alvará; pequena empresa,Todos,0,NA,,,MEI; ME,Pessoa Jurídica,5f02d0bb-c1da-39cf-bad8-49cdc2987614
10225,O que o varejo aprendeu com a Black Friday 2024,Artigo,Tudo o que você precisa saber sobre as mudanças de comportamento do consumidor e novas formas de venda no varejo para o Black Friday.,https://bibliotecas.sebrae.com.br/chronus/ARQUIVOS_CHRONUS/CAPAS_ARTIGOS_APP/268/268.jpg,0,"https://www.sebrae.com.br/sites/PortalSebrae/artigos/o-que-o-varejo-aprendeu-com-a-black-friday-2021,a35dad08d6044810VgnVCM100000d701210aRCRD",,,Sim,MEI; EPP; ME,Mercado e Vendas,VENDA VAREJISTA,Black Friday; Varejo,Comércio atacadista rural; Comércio varejista de alimentos e bebidas; Comércio da moda; Comércio varejista - Diversos; Comércio varejista - Diversos; Panificação; Comércio de automóveis; Comércio varejista de autopeças; Comércio varejista de informática; Comércio varejista de materiais de construção,1,NA,,,MEI; EPP; ME,Pessoa Jurídica,00aef6f4-de26-3489-b3c3-292c65b37674
10226,O que significa compliance para micro e pequenas empresas,Artigo,Conheça as diretrizes e práticas do compliance voltados para as micro e pequenas empresas.,https://bibliotecas.sebrae.com.br/chronus/ARQUIVOS_CHRONUS/CAPAS_ARTIGOS_APP/269/269.jpg,0,"https://www.sebrae.com.br/sites/PortalSebrae/artigos/o-que-significa-compliance-para-micro-e-pequenas-empresas,6ca9949fca8e4810VgnVCM100000d701210aRCRD",,,Sim,MEI; EPP; ME,Inovação,SUSTENTABILIDADE,Compliance,Todos,0,NA,,,MEI; EPP; ME,Pessoa Jurídica,524885f7-d8f2-3f55-9578-021917215d55
10227,Ofereça o Uruguai como destino turístico,Artigo,"Proximidade, preços razoáveis e ótimas opções de passeios reforçam o Uruguai como destino turístico.",https://bibliotecas.sebrae.com.br/chronus/ARQUIVOS_CHRONUS/CAPAS_ARTIGOS_APP/270/270.jpg,0,"https://www.sebrae.com.br/sites/PortalSebrae/artigos/ofereca-o-uruguai-como-destino-turistico,0b8a0d329c337810VgnVCM1000001b00320aRCRD",,,Sim,MEI; EPP; ME,Mercado e Vendas,MARKETING,,Atrativos turísticos,0,NA,,,MEI; EPP; ME,Pessoa Jurídica,102d0208-c49f-3ec3-85fa-4fe059714636
10228,Oportunidade de negócio: academia para crianças,Artigo,"A prática de atividades físicas na infância é fundamental para o desenvolvimento das crianças, tanto para o fator físico, quanto para o fator mental.",https://bibliotecas.sebrae.com.br/chronus/ARQUIVOS_CHRONUS/CAPAS_ARTIGOS_APP/271/271.jpg,0,"https://www.sebrae.com.br/sites/PortalSebrae/artigos/oportunidade-de-negocio-academia-para-criancas,de9d01a472a96810VgnVCM1000001b00320aRCRD",,,Sim,MEI; EPP; ME,Empreendedorismo,COMÉRCIO,,Academias e atividades físicas,0,NA,,,MEI; EPP; ME,Pessoa Jurídica,925b1087-355d-3abe-92b7-a3fca411a60d
10229,Oportunidade para exportar alimentos,Artigo,Crescimento da demanda mundial por alimentos indica boas oportunidades de negócios para pequenos produtores.,https://bibliotecas.sebrae.com.br/chronus/ARQUIVOS_CHRONUS/CAPAS_ARTIGOS_APP/273/273.jpg,0,"https://www.sebrae.com.br/sites/PortalSebrae/artigos/oportunidade-para-exportar-alimentos,c43fc669b34e5810VgnVCM1000001b00320aRCRD",,,Sim,EPP; ME,Mercado e Vendas,EXPORTAÇÃO,LPCO; certificação fitossanitária; exportação agrícola; Siscomsex; Sistema de Produção Integrada,Comércio de alimentos e bebidas; Indústria de alimentos e bebidas; Cultivo de cereais; Cultivo de oleaginosas,0,NA,,,EPP; ME,Pessoa Jurídica,0b51ccdb-6ad1-3214-b7b2-d9e450755b27
10230,Oportunidades e desafios do mercado turístico,Artigo,A união do trade turístico é fundamental para o setor entender as oportunidades e os desafios do mercado de turismo nos dias atuais.,https://bibliotecas.sebrae.com.br/chronus/ARQUIVOS_CHRONUS/CAPAS_ARTIGOS_APP/274/274.jpg,0,"https://www.sebrae.com.br/sites/PortalSebrae/artigos/oportunidades-e-desafios-do-mercado-turistico,f5c2f28bb77e4810VgnVCM100000d701210aRCRD",,,Sim,MEI; EPP; ME,Mercado e Vendas,ESTUDO DE MERCADO,,Atrativos turísticos,0,NA,,,MEI; EPP; ME,Pessoa Jurídica,be4d6347-d223-3ba7-b2e3-769a43ee825e
10231,OQS amplia participação e governança nas cooperativas,Artigo,Instituir a organização do quadro social (OQS) amplia o engajamento dos associados e melhora a gestão das cooperativas.,https://bibliotecas.sebrae.com.br/chronus/ARQUIVOS_CHRONUS/CAPAS_ARTIGOS_APP/275/275.jpg,0,"https://www.sebrae.com.br/sites/PortalSebrae/artigos/oqs-amplia-participacao-e-governanca-nas-cooperativas,baba4ca4458a6810VgnVCM1000001b00320aRCRD",,,Sim,MEI; EPP; ME,Cooperação,COOPERAÇÃO,,Associações,0,NA,,,MEI; EPP; ME,Pessoa Jurídica,a6581218-34a2-35f1-bfdd-d38b67862d20
10232,Os passos de uma boa contratação no salão de beleza,Artigo,O sucesso dos salões de beleza depende da contratação de bons profissionais. Este é um dos maiores desafios dos empreendedores,https://bibliotecas.sebrae.com.br/chronus/ARQUIVOS_CHRONUS/CAPAS_ARTIGOS_APP/276/276.jpg,0,"https://www.sebrae.com.br/sites/PortalSebrae/artigos/os-passos-de-uma-boa-contratacao-no-salao-de-beleza,dcd36a131b486810VgnVCM1000001b00320aRCRD",,,Sim,MEI; EPP; ME,Pessoas,FUNCIONÁRIOS,funcionário; contratação; salão de beleza; estética,Beleza,0,NA,,,MEI; EPP; ME,Pessoa Jurídica,9d2910b4-389b-3ead-a6f6-e28bb67a9114
10233,Os segredos para se tornar um barbeiro de sucesso,Artigo,"Para ser barbeiro e empresário, além de cortar cabelo, é preciso empreender, aprender a vender e se tornar uma autoridade nas redes sociais",https://bibliotecas.sebrae.com.br/chronus/ARQUIVOS_CHRONUS/CAPAS_ARTIGOS_APP/277/277.jpg,0,"https://www.sebrae.com.br/sites/PortalSebrae/artigos/os-segredos-para-se-tornar-um-barbeiro-de-sucesso,e5770899473a6810VgnVCM1000001b00320aRCRD",,,Sim,MEI,Mercado e Vendas,ESTIMATIVA DE VENDA,Empreender,Serviços pessoais,0,NA,,,MEI,Pessoa Jurídica,1b9d3d31-5051-3163-9107-84476a8ff9ca
10234,Participar de licitações ficou ainda mais fácil,Artigo,Versão móvel do compras.gov.br auxilia pequenos negócios a conhecerem e disputarem os processos de compra da Administração Pública,https://bibliotecas.sebrae.com.br/chronus/ARQUIVOS_CHRONUS/CAPAS_ARTIGOS_APP/278/278.jpg,0,"https://www.sebrae.com.br/sites/PortalSebrae/artigos/participar-de-licitacoes-ficou-ainda-mais-facil,d5dd0433253ed710VgnVCM100000d701210aRCRD",,,Sim,MEI; EPP; ME,Mercado e Vendas,COMPRAS PÚBLICAS,app; licitação; compras; aplicativo; governo; celular,Todos,0,NA,,,MEI; EPP; ME,Pessoa Jurídica,0c091380-b051-361e-ac1e-ba620f4e6b09
10235,Pequenos negócios: MEI na construção civil,Artigo,Conheça as vantagens para MEIs como prestadores de serviços da construção civil.,https://bibliotecas.sebrae.com.br/chronus/ARQUIVOS_CHRONUS/CAPAS_ARTIGOS_APP/279/279.jpg,0,"https://www.sebrae.com.br/sites/PortalSebrae/artigos/pequenos-negocios-mei-na-construcao-civil,4810149f60937810VgnVCM1000001b00320aRCRD",,,Sim,MEI,Empreendedorismo,MICROEMPREENDEDOR INDIVIDUAL,MEI,Indústria da construção,0,NA,,,MEI,Pessoa Jurídica,cdbd6f4d-6538-3a57-b411-41a0809b6c88
10236,Planejamento ajuda a aumentar as vendas na Páscoa,Artigo,"Para a Páscoa, é preciso planejar ações com antecedência para dar conta das demandas e sair na frente da sua concorrência.",https://bibliotecas.sebrae.com.br/chronus/ARQUIVOS_CHRONUS/CAPAS_ARTIGOS_APP/280/280.jpg,0,"https://www.sebrae.com.br/sites/PortalSebrae/artigos/planejamento-ajuda-a-aumentar-as-vendas-na-pascoa,352a44bbd7bc6810VgnVCM1000001b00320aRCRD",,,Sim,MEI; EPP; ME,Mercado e Vendas,CONTROLE DE VENDA,,Comércio varejista de alimentos e bebidas; Comércio varejista - Diversos; Panificação; Serviços de alimentação,1,NA,,,MEI; EPP; ME,Pessoa Jurídica,fbffe002-f182-3cf8-95f6-fe7212bfc1e2
10237,Planejamento estratégico: o que é e como fazer para sua empresa,Artigo,"Descubra o que é o planejamento estratégico, por que sua empresa precisa dele e como fazê-lo. Saiba como traçar estratégias para o sucesso do seu negócio.",https://bibliotecas.sebrae.com.br/chronus/ARQUIVOS_CHRONUS/CAPAS_ARTIGOS_APP/281/281.png,0,"https://www.sebrae.com.br/sites/PortalSebrae/artigos/planejamento-estrategico-o-que-e-e-como-fazer-para-sua-empresa,eb17af9d324bb810VgnVCM1000001b00320aRCRD",,,Sim,MEI; EPP; ME,Planejamento,PLANEJAMENTO ESTRATÉGICO,,Todos,0,NA,,,MEI; EPP; ME,Pessoa Jurídica,0a3d49ca-d8a5-3df4-bfc5-80026b0e365c
10238,"Plano de Negócios: o que é, como fazer e modelo do Sebrae",Artigo,Descubra a importância do plano de negócios e como o Sebrae pode te ajudar. Siga um modelo passo a passo para o sucesso do seu empreendimento.,https://bibliotecas.sebrae.com.br/chronus/ARQUIVOS_CHRONUS/CAPAS_ARTIGOS_APP/285/285.png,0,"https://www.sebrae.com.br/sites/PortalSebrae/artigos/plano-de-negocios-o-que-e-como-fazer-e-modelo-do-sebrae,f8fca26475abb810VgnVCM1000001b00320aRCRD",,,Sim,MEI; PF,Empreendedorismo,PLANO DE NEGÓCIOS,,Todos,0,NA,,,MEI; PF,Pessoa Física; Pessoa Jurídica,861cb626-982a-30b3-bd26-e6366b25ce1a
10239,Plataforma DET facilita a comunicação entre PMEs e o Governo Federal,Artigo,"Atualizar o cadastro no Domicílio Eletrônico Trabalhista (DET) é obrigatório para empresas do Simples Nacional, MEIs e empregados domésticos",https://bibliotecas.sebrae.com.br/chronus/ARQUIVOS_CHRONUS/CAPAS_ARTIGOS_APP/286/286.png,0,"https://www.sebrae.com.br/sites/PortalSebrae/artigos/plataforma-det-facilita-a-comunicacao-entre-pmes-e-o-governo-federal,80d48e24f4b7f810VgnVCM1000001b00320aRCRD",,,Sim,MEI; EPP; ME,Empreendedorismo,REGULAMENTAÇÃO,Domicílio Eletrônico Trabalhista; DET; Simples Nacional; MEIs; empresas; empregados domésticos; cadastro,Todos,0,NA,,,MEI; EPP; ME,Pessoa Jurídica,06545bc6-20f5-3cdc-af66-bd734a4a99e1
10240,Por que exportar artesanato?,Artigo,Portal lista as principais vantagens para o artesão que planeja exportar.,https://bibliotecas.sebrae.com.br/chronus/ARQUIVOS_CHRONUS/CAPAS_ARTIGOS_APP/287/287.jpg,0,"https://www.sebrae.com.br/sites/PortalSebrae/artigos/por-que-exportar-artesanato,b16b347ea5b13410VgnVCM100000b272010aRCRD",,,Sim,EPP; ME,Mercado e Vendas,INTERNACIONALIZAÇÃO DE EMPRESAS,exportação; negócios internacionais; artesanato,Artesanato,0,NA,,,EPP; ME,Pessoa Jurídica,f57944b1-b155-34e8-b04c-a85669617aa7
10241,Possibilidades de aplicação da realidade aumentada na educação,Artigo,Veja as possibilidades de uso da realidade aumentada na educação e na capacitação dos seus colaboradores.,https://bibliotecas.sebrae.com.br/chronus/ARQUIVOS_CHRONUS/CAPAS_ARTIGOS_APP/288/288.jpg,0,"https://www.sebrae.com.br/sites/PortalSebrae/artigos/possibilidades-de-aplicacao-da-realidade-aumentada-na-educacao,19f19b3af3fc5810VgnVCM1000001b00320aRCRD",,,Sim,EPP; ME,Inovação,TECNOLOGIA INDUSTRIAL BÁSICA,educação; Realidade aumentada,Ensino e Educação,0,NA,,,EPP; ME,Pessoa Jurídica,3fd904b8-521b-3a04-b206-e249c08ea03c
10242,Pré-moldados de concreto: fabricação e montagem,Artigo,"Conheça a nova tendência pré-moldados no setor da construção civil e como ela pode ser vantajosa para clientes, profissionais do ramo e até para o meio ambiente",https://bibliotecas.sebrae.com.br/chronus/ARQUIVOS_CHRONUS/CAPAS_ARTIGOS_APP/289/289.jpg,0,"https://www.sebrae.com.br/sites/PortalSebrae/artigos/pre-moldados-de-concreto-fabricacao-e-montagem,7be7a176bf015810VgnVCM100000d701210aRCRD",,,Sim,EPP; ME,Inovação,MELHORIA NA COMPETITIVIDADE,blocos; concreto; #montagem; montagem; obra; residuos; construcaocivil; premoldados; escalaindustrial; estruturaspremoldadas; Sebrae; construcao; custobeneficio; meioambiente,Construção Civil,0,NA,,,EPP; ME,Pessoa Jurídica,373f163b-9075-3ed9-a4a1-2bce6c2dcb93
10243,Precificação de produtos venda mais que a concorrência na Black Friday,Artigo,Entenda como precificar seus produtos de forma mais eficiente e aumente o seu faturamento na Black Friday.,https://bibliotecas.sebrae.com.br/chronus/ARQUIVOS_CHRONUS/CAPAS_ARTIGOS_APP/290/290.jpg,0,"https://www.sebrae.com.br/sites/PortalSebrae/artigos/precificacao-de-produtos-venda-mais-que-a-concorrencia-na-black-friday,847b7485764b3810VgnVCM100000d701210aRCRD",,,Sim,MEI,Mercado e Vendas,PREÇO,mei; black friday; empreendedor acesso a mercado; sebrae todo dia,Todos,1,NA,,,MEI,Pessoa Jurídica,d2566c54-80af-383e-bfc0-f19999a687b3
10244,Prepare a precificação para o carnaval e faça crescer seus lucros,Artigo,"Carnaval chegando é hora de rever os custos, os gastos e as margens de lucros, alinhando sua precificação para aumentar seu lucro antes e durante a folia.",https://bibliotecas.sebrae.com.br/chronus/ARQUIVOS_CHRONUS/CAPAS_ARTIGOS_APP/291/291.jpg,0,"https://www.sebrae.com.br/sites/PortalSebrae/artigos/prepare-a-precificacao-para-o-carnaval-e-faca-crescer-seus-lucros,d142d567844f5810VgnVCM1000001b00320aRCRD",,,Sim,MEI; PF; ME,Mercado e Vendas,PREÇO,vendas de carnaval; markup; DRE; fluxo de caixa; markup multiplicador; precificação,Todos,0,NA,,,MEI; PF; ME,Pessoa Física; Pessoa Jurídica,7150b6bb-6c3f-31c3-96e1-39b63e331bfd
10245,Dicas para lucrar com ovos de Páscoa e chocolates artesanais,Artigo,Aproveite a Páscoa! Organize-se e aumente suas vendas com planejamento e boas estratégias.,https://bibliotecas.sebrae.com.br/chronus/ARQUIVOS_CHRONUS/CAPAS_ARTIGOS_APP/292/292.png,0,"https://www.sebrae.com.br/sites/PortalSebrae/artigos/prepare-se-para-lucrar-com-as-vendas-de-ovos-de-pascoa,bc8f75b5cbf76810VgnVCM1000001b00320aRCRD",,,Sim,MEI; ME,Mercado e Vendas,ESTIMATIVA DE VENDA,Planejamento Páscoa; Precificar chocolates; Ovos de Páscoa; Lucro Páscoa; Vendas Páscoa; Marketing Páscoa; Chocolates veganos; Embalagens sustentáveis; Chocolates artesanais; Tendências 2025,Comércio varejista de alimentos e bebidas; Comércio varejista - Diversos; Panificação; Serviços de alimentação,1,NA,,,MEI; ME,Pessoa Jurídica,696754bd-4a8c-320d-89d4-5e762d92873b
10246,Prepare seu negócio para a temporada de festas juninas!,Artigo,Saiba agora como aumentar as vendas do seu negócio durante as festas juninas.,https://bibliotecas.sebrae.com.br/chronus/ARQUIVOS_CHRONUS/CAPAS_ARTIGOS_APP/293/293.png,0,"https://www.sebrae.com.br/sites/PortalSebrae/artigos/prepare-seu-negocio-para-a-temporada-de-festas-juninas,e5995c198e101810VgnVCM100000d701210aRCRD",,,Sim,Todos,Mercado e Vendas,MARKETING,comidas típicas; negócio; redes sociais; festa junina; vendas; vender mais; kits juninos; tradições juninas; festa; vender; decoração; pequenos negócios,Comércio atacadista rural; Comércio varejista de alimentos e bebidas; Comércio varejista - Diversos; Panificação; Serviços de alimentação,0,NA,,,Todos,Pessoa Física; Pessoa Jurídica,b8ab841e-f4fd-3e1f-962e-568b607f612c
10247,Prepare seu salão para bombar nas festas de fim de ano,Artigo,"Veja dicas e orientações para preparar o seu salão e faturar mais em dezembro, com as comemorações de fim de ano.",https://bibliotecas.sebrae.com.br/chronus/ARQUIVOS_CHRONUS/CAPAS_ARTIGOS_APP/294/294.jpg,0,"https://www.sebrae.com.br/sites/PortalSebrae/artigos/prepare-seu-salao-para-bombar-nas-festas-de-fim-de-ano,0df55720470a4810VgnVCM100000d701210aRCRD",,,Sim,MEI; EPP; ME,Mercado e Vendas,ATENDIMENTO AO CLIENTE,,Eventos,0,NA,,,MEI; EPP; ME,Pessoa Jurídica,491f2f5a-7f27-3624-a697-b4b10484d49f
10248,Prepare suas ações de marketing digital para o Carnaval,Artigo,Aproveite o Carnaval para conquistar mais clientes e aumentar as suas vendas.,https://bibliotecas.sebrae.com.br/chronus/ARQUIVOS_CHRONUS/CAPAS_ARTIGOS_APP/295/295.jpg,0,"https://www.sebrae.com.br/sites/PortalSebrae/artigos/prepare-suas-acoes-de-marketing-digital-para-o-carnaval,4142ce91fe706810VgnVCM1000001b00320aRCRD",,,Sim,MEI; EPP; ME,Mercado e Vendas,MARKETING,Carnaval; vendas; marketing digital,Todos,1,NA,,,MEI; EPP; ME,Pessoa Jurídica,2d46179a-17fb-394a-972f-1d0b726f301a
10249,Principais erros de uma loja de material de construção,Artigo,Lojas de materiais para construção são fundamentais para qualquer projeto de construção ou reforma.,https://bibliotecas.sebrae.com.br/chronus/ARQUIVOS_CHRONUS/CAPAS_ARTIGOS_APP/296/296.jpg,0,"https://www.sebrae.com.br/sites/PortalSebrae/artigos/principais-erros-de-uma-loja-de-material-de-construcao,1072251599008810VgnVCM1000001b00320aRCRD",,,Sim,MEI; EPP; ME,Mercado e Vendas,ESTUDO DE MERCADO,,Comércio varejista de materiais de construção,0,NA,,,MEI; EPP; ME,Pessoa Jurídica,a30e157e-1dfb-3c3d-abcc-a6017d377b92
10250,Profissão barbeiro: como se preparar,Artigo,Para ser um barbeiro profissional é preciso bem mais do que saber cortar o cabelo ou aparar o bigode. Conheça as competências esperadas para essa profissão,https://bibliotecas.sebrae.com.br/chronus/ARQUIVOS_CHRONUS/CAPAS_ARTIGOS_APP/297/297.jpg,0,"https://www.sebrae.com.br/sites/PortalSebrae/artigos/profissao-barbeiro-como-se-preparar,955cd9c2c0cf3810VgnVCM100000d701210aRCRD",,,Sim,MEI,Empreendedorismo,APRENDIZAGEM,barba; cabelo masculino; bigode; barbeiro; barbearia,Serviços pessoais,0,NA,,,MEI,Pessoa Jurídica,cb5e7c21-861e-39e8-8c33-5684aeaa4f83
10251,Promoções em lojas de material de construção,Artigo,As lojas de materiais de construção são fundamentais para quem precisa realizar reformas ou construir um imóvel. Promoções atraem clientes,https://bibliotecas.sebrae.com.br/chronus/ARQUIVOS_CHRONUS/CAPAS_ARTIGOS_APP/298/298.jpg,0,"https://www.sebrae.com.br/sites/PortalSebrae/artigos/promocoes-em-lojas-de-material-de-construcao,808a3841f02e7810VgnVCM1000001b00320aRCRD",,,Sim,MEI; EPP; ME,Mercado e Vendas,PROMOÇÃO,LOJAS DE MATERIAL DE CONSTRUÇÃO; promoção,Comércio varejista de materiais de construção,0,NA,,,MEI; EPP; ME,Pessoa Jurídica,497a04fd-a889-3d3d-a759-4f9394703f6a
10252,Quais as vantagens de utilizar tijolos ecológicos em seu negócio,Artigo,Tijolos ecológicos são opções sustentáveis que acompanham as tendências do mercado de construção e as necessidades do meio ambiente. Saiba mais!,https://bibliotecas.sebrae.com.br/chronus/ARQUIVOS_CHRONUS/CAPAS_ARTIGOS_APP/299/299.jpg,0,"https://www.sebrae.com.br/sites/PortalSebrae/artigos/quais-as-vantagens-de-utilizar-tijolos-ecologicos-em-seu-negocio,161ba0f8181a5810VgnVCM1000001b00320aRCRD",,,Sim,MEI; EPP; ME,Inovação,DIFERENCIAL,ecologia; construção civil; tijolos,"Indústria cimento, cerâmica e vidro",0,NA,,,MEI; EPP; ME,Pessoa Jurídica,b9cb81a4-ce6d-3518-8f9d-f94dcc3856d7
10253,Quando é necessário realizar o desenquadramento do MEI?,Artigo,"Quando a empresa cresce, é chegada a hora de elevar o patamar do seu negócio. Veja quais são as situações em que é preciso realizar o desenquadramento do MEI.",https://bibliotecas.sebrae.com.br/chronus/ARQUIVOS_CHRONUS/CAPAS_ARTIGOS_APP/300/300.jpg,0,"https://www.sebrae.com.br/sites/PortalSebrae/artigos/quando-e-necessario-realizar-o-desenquadramento-do-mei,8251f45f1c9f2810VgnVCM100000d701210aRCRD",,,Sim,MEI,Empreendedorismo,MICROEMPREENDEDOR INDIVIDUAL,MEI; desenquadramento; Microempreendedor,Todos,0,NA,,,MEI,Pessoa Jurídica,c7d1960f-a1f6-3cc6-a861-047233b4a990
10254,Quem não tem competência não se estabelece. Mas o que isso significa?,Artigo,"Ser competente é indispensável para empreendedores de sucesso e exige uma combinação de conhecimentos, habilidades e atitudes.",https://bibliotecas.sebrae.com.br/chronus/ARQUIVOS_CHRONUS/CAPAS_ARTIGOS_APP/301/301.jpg,0,"https://www.sebrae.com.br/sites/PortalSebrae/artigos/quem-nao-tem-competencia-nao-se-estabelece-mas-o-que-isso-significa,767de0205a462810VgnVCM100000d701210aRCRD",,,Sim,MEI; EPP; ME,Organização,GESTÃO DA QUALIDADE E PRODUTIVIDADE,skills; Gestão de talentos; Qualificação profissional; Capacitação; emocional; Treinamentos; CHA; Desempenho,Todos,0,NA,,,MEI; EPP; ME,Pessoa Jurídica,572ab477-cb38-34fa-ae83-7218217bb108
10255,Quer ser MEI? Confira o passo a passo para a formalização,Artigo,"Se tornar um Microempreendedor Individual é simples, rápido e gratuito! Faça você mesmo a regularização de seu negócio sem burocracia, através da internet.",https://bibliotecas.sebrae.com.br/chronus/ARQUIVOS_CHRONUS/CAPAS_ARTIGOS_APP/302/302.jpg,0,"https://www.sebrae.com.br/sites/PortalSebrae/artigos/quer-ser-mei-confira-o-passo-a-passo-para-a-formalizacao,78a284f40349f710VgnVCM100000d701210aRCRD",,,Sim,PF,Empreendedorismo,MICROEMPREENDEDOR INDIVIDUAL,MEI; Gratuito; Formalização; Empreendedor individual,Todos,0,NA,,,PF,Pessoa Física,b835dbe0-5b87-3811-add0-43f138862c19
10256,Quilombos se transformam em destinos turísticos,Artigo,"Turismo de base comunitária atrai visitantes do Brasil e do exterior, e os quilombos são um nicho a ser explorado.",https://bibliotecas.sebrae.com.br/chronus/ARQUIVOS_CHRONUS/CAPAS_ARTIGOS_APP/303/303.jpg,0,"https://www.sebrae.com.br/sites/PortalSebrae/artigos/quilombos-se-transformam-em-destinos-turisticos,4f0796ebc9496810VgnVCM1000001b00320aRCRD",,,Sim,MEI; EPP; ME,Empreendedorismo,DIFERENCIAÇÃO,Turismo ; Quilombos; Turismo de Base comunitária,Atrativos turísticos,0,NA,,,MEI; EPP; ME,Pessoa Jurídica,42e555b2-8aed-3f01-a03b-75709e4e59a4
10257,Saiba como fazer seu preço de venda de forma simples e lucrativa,Artigo,Definir o preço adequado do seu produto ou serviço é condição essencial para o sucesso do seu negócio. O Sebrae preparou este e-book que vai ajudar você.,https://bibliotecas.sebrae.com.br/chronus/ARQUIVOS_CHRONUS/CAPAS_ARTIGOS_APP/306/306.png,0,"https://www.sebrae.com.br/sites/PortalSebrae/artigos/saiba-como-fazer-seu-preco-de-venda-de-forma-simples-e-lucrativa,cd4037c1c4317810VgnVCM1000001b00320aRCRD",,,Sim,MEI,Mercado e Vendas,PREÇO,,Todos,0,NA,,,MEI,Pessoa Jurídica,294edfeb-b70f-3ec9-8e2b-87a1c2f38300
10258,Saiba como lucrar com as delícias juninas mesmo na crise,Artigo,Conheça os produtos certos para empreender e fazer o seu negócio aumentar nesta época do ano.,https://bibliotecas.sebrae.com.br/chronus/ARQUIVOS_CHRONUS/CAPAS_ARTIGOS_APP/307/307.jpg,0,"https://www.sebrae.com.br/sites/PortalSebrae/artigos/saiba-como-lucrar-com-as-delicias-juninas-mesmo-na-crise,74ca3e5abeba1810VgnVCM100000d701210aRCRD",,,Sim,MEI; ME,Mercado e Vendas,VENDA,,Comércio varejista de alimentos e bebidas; Comércio varejista - Diversos; Panificação; Serviços de alimentação,0,NA,,,MEI; ME,Pessoa Jurídica,c411475c-c165-39c2-b746-b928483c8cd7
10259,Saúde mental no Brasil e o impacto para as empresas,Artigo,A saúde mental dos colaboradores tem impacto direto no rendimento da organização.,https://bibliotecas.sebrae.com.br/chronus/ARQUIVOS_CHRONUS/CAPAS_ARTIGOS_APP/308/308.jpg,0,"https://www.sebrae.com.br/sites/PortalSebrae/artigos/saude-mental-no-brasil-e-o-impacto-para-as-empresas,40d1419305b15810VgnVCM100000d701210aRCRD",,,Sim,MEI; EPP; ME,Inovação,INICIATIVA SUSTENTÁVEL,Doenças mentais; Afastamento do trabalho; Estresse ocupacional; Depressão; Cultura organizacional; INSS; Qualidade de vida; Saúde mental; Clima organizacional; Liderança; Assédio no trabalho; Produtividade; Bem?estar dos colaboradores; Ansiedade; Gestão de pessoas; Transtornos psicológicos,Todos,0,NA,,,MEI; EPP; ME,Pessoa Jurídica,eb74a655-3891-3a9a-88c5-0c356b983d37
10260,Seu negócio está preparado para os pagamentos na Black Friday?,Artigo,"Empreendedor, ofereça agilidade a seus clientes no momento do pagamento na Black Friday. Sabia que oferecer meios de pagamentos digitais é até mais seguro?",https://bibliotecas.sebrae.com.br/chronus/ARQUIVOS_CHRONUS/CAPAS_ARTIGOS_APP/310/310.jpg,0,"https://www.sebrae.com.br/sites/PortalSebrae/artigos/seu-negocio-esta-preparado-para-os-pagamentos-na-black-friday,4d727485764b3810VgnVCM100000d701210aRCRD",,,Sim,MEI; EPP; ME,Finanças,PLANEJAMENTO  ORÇAMENTÁRIO,MEI; black friday,Todos,1,NA,,,MEI; EPP; ME,Pessoa Jurídica,d303a853-6e27-3648-a1d0-9fe2b0db789d
10261,Sistema Construtivo em EPS: A inovação na construção civil,Artigo,"A construção civil é uma área que passa por constantes transformações, e para acompanhar as novas técnicas e tecnologias, é preciso estar sempre atualizado.",https://bibliotecas.sebrae.com.br/chronus/ARQUIVOS_CHRONUS/CAPAS_ARTIGOS_APP/311/311.jpg,0,"https://www.sebrae.com.br/sites/PortalSebrae/artigos/sistema-construtivo-em-eps-a-inovacao-na-construcao-civil,3a658943832e7810VgnVCM1000001b00320aRCRD",,,Sim,MEI; EPP; ME,Inovação,INOVAÇÃO,,Construção Civil,0,NA,,,MEI; EPP; ME,Pessoa Jurídica,09ddc9f3-da0f-31f1-8388-31073f141ad8
10262,Startup: veja como conseguir oportunidades de investimentos,Artigo,Confira algumas dicas para conseguir o aporte necessário para o seu negócio.,https://bibliotecas.sebrae.com.br/chronus/ARQUIVOS_CHRONUS/CAPAS_ARTIGOS_APP/312/312.png,0,"https://www.sebrae.com.br/sites/PortalSebrae/artigos/startup-veja-como-conseguir-oportunidades-de-investimentos,fdba08393e9f1810VgnVCM100000d701210aRCRD",,,Sim,EPP; ME,Inovação,STARTUP,ecossistemas de inovação; Lançamento de edital; Startup,TIC,0,NA,,,EPP; ME,Pessoa Jurídica,c4d47d62-5c21-396b-98b1-1844ee99157e
10263,Startups brasileiras oferecem soluções inovadoras no mercado externo,Artigo,"Soluções tecnológicas desenvolvidas no Brasil vêm conquistando o mundo, mas é preciso fazer um bom planejamento estratégico para ter sucesso nessa empreitada",https://bibliotecas.sebrae.com.br/chronus/ARQUIVOS_CHRONUS/CAPAS_ARTIGOS_APP/313/313.jpg,0,"https://www.sebrae.com.br/sites/PortalSebrae/artigos/startups-brasileiras-oferecem-solucoes-inovadoras-no-mercado-externo,04220ac9c66b8810VgnVCM1000001b00320aRCRD",,,Sim,EPP; ME,Empreendedorismo,STARTUP,Statups; Inovação; Exportações,TIC,0,NA,,,EPP; ME,Pessoa Jurídica,f43ac4de-aa4d-3642-b8d0-f0997d2a8d00
10264,Tecelagem manual e o resgate dos saberes do artesanato brasileiro,Artigo,"Milenar, a tecelagem manual gera renda para artesãos principalmente nas áreas de moda e decoração. Doze estados brasileiros têm grupos de tecelões catalogados",https://bibliotecas.sebrae.com.br/chronus/ARQUIVOS_CHRONUS/CAPAS_ARTIGOS_APP/315/315.jpg,0,"https://www.sebrae.com.br/sites/PortalSebrae/artigos/tecelagem-manual-e-o-resgate-dos-saberes-do-artesanato-brasileiro,4e339fff7f116810VgnVCM1000001b00320aRCRD",,,Sim,MEI; PF,Empreendedorismo,EMPREENDEDOR,,Artesanato,0,NA,,,MEI; PF,Pessoa Física; Pessoa Jurídica,6eb12996-cb15-3ea6-a32b-db8ba23c4285
10265,Tendências e perspectivas da transformação digital na educação,Artigo,"Entenda as oportunidades na transformação digital na educação corporativa, com impacto de novas tecnologias e um público formado por jovens profissionais.",https://bibliotecas.sebrae.com.br/chronus/ARQUIVOS_CHRONUS/CAPAS_ARTIGOS_APP/317/317.jpg,0,"https://www.sebrae.com.br/sites/PortalSebrae/artigos/tendencias-e-perspectivas-da-transformacao-digital-na-educacao,ad4e9d7dd8fc5810VgnVCM1000001b00320aRCRD",,,Sim,EPP; ME,Inovação,INTELIGÊNCIA COMPETITIVA,,Ensino e Educação,0,NA,,,EPP; ME,Pessoa Jurídica,2e46cc36-f590-39db-b8ae-ee4020783434
10266,Tendências em educação empreendedora: aprendizado para quem sonha alto,Artigo,O Dia Internacional da Educação abre espaço para uma discussão importante: qual é o papel do ensino do empreendedorismo para os jovens?,https://bibliotecas.sebrae.com.br/chronus/ARQUIVOS_CHRONUS/CAPAS_ARTIGOS_APP/318/318.jpg,0,"https://www.sebrae.com.br/sites/PortalSebrae/artigos/tendencias-em-educacao-empreendedora-aprendizado-para-quem-sonha-alto,9fb982fdc7c8b510VgnVCM1000004c00210aRCRD",,,Sim,MEI; EPP; ME,Empreendedorismo,EDUCAÇÃO EMPREENDEDORA,,Ensino e Educação,0,NA,,,MEI; EPP; ME,Pessoa Jurídica,a05ef2a8-6d9c-3035-ba45-91feadf04849
10267,Tintas ecológicas: conheça as vantagens de usá-las na obra,Artigo,"As tintas ecológicas são feitas de pigmentos naturais e não recebem solventes, derivados do petróleo ou componentes sintéticos",https://bibliotecas.sebrae.com.br/chronus/ARQUIVOS_CHRONUS/CAPAS_ARTIGOS_APP/320/320.jpg,0,"https://www.sebrae.com.br/sites/PortalSebrae/artigos/tintas-ecologicas-conheca-as-vantagens-de-usa-las-na-obra,419fe5badbca5810VgnVCM1000001b00320aRCRD",,,Sim,MEI; EPP; ME,Inovação,DIFERENCIAL,,Comércio varejista de materiais de construção; Energia; Indústria de base tecnológica,0,NA,,,MEI; EPP; ME,Pessoa Jurídica,df568fcb-6c00-3d59-958b-f1932d6241ae
10268,Tire suas dúvidas sobre o MEI (Microempreendedor Individual),Artigo,"Saiba mais sobre nota fiscal, impostos, previdência, aposentadoria, contratação de empregados e mais.",https://bibliotecas.sebrae.com.br/chronus/ARQUIVOS_CHRONUS/CAPAS_ARTIGOS_APP/321/321.jpg,0,"https://www.sebrae.com.br/sites/PortalSebrae/artigos/tire-suas-duvidas-sobre-o-mei-microempreendedor-individual,e31c13074c0a3410VgnVCM1000003b74010aRCRD",,,Sim,MEI,Empreendedorismo,MICROEMPREENDEDOR INDIVIDUAL,MEI; empregado; formalizar; nota fiscal; Microempreendedor Individual,Todos,0,NA,,,MEI,Pessoa Jurídica,b60a907a-af73-30fd-9c51-8b6038a6cd05
10269,Turismo emissivo internacional está no foco de agências de viagem,Artigo,"Ao lado do turismo receptivo e do doméstico, o turismo emissivo internacional gera excelentes oportunidades para agências de viagem.",https://bibliotecas.sebrae.com.br/chronus/ARQUIVOS_CHRONUS/CAPAS_ARTIGOS_APP/322/322.jpg,0,"https://www.sebrae.com.br/sites/PortalSebrae/artigos/turismo-emissivo-internacional-esta-no-foco-de-agencias-de-viagem,89d796ebc9496810VgnVCM1000001b00320aRCRD",,,Sim,MEI; EPP; ME,Empreendedorismo,DIFERENCIAÇÃO,,Agências de viagem,0,NA,,,MEI; EPP; ME,Pessoa Jurídica,b7499c88-27c0-35b0-baf0-28a4f2b6eb4b
10270,Turismo no inverno: aproveite o charme da estação para ter renda extra,Artigo,"A estação mais fria do ano aquece as vendas em toda a cadeia produtiva do turismo, de norte a sul do país, fomentando o empreendedorismo regional.",https://bibliotecas.sebrae.com.br/chronus/ARQUIVOS_CHRONUS/CAPAS_ARTIGOS_APP/324/324.jpg,0,"https://www.sebrae.com.br/sites/PortalSebrae/artigos/turismo-no-inverno-aproveite-o-charme-da-estacao-para-ter-renda-extra,606ec2a9a15b1810VgnVCM100000d701210aRCRD",,,Sim,MEI; ME,Mercado e Vendas,ANÁLISE DE TENDÊNCIA,empreendedorismo; turismo e vendas; negócios no inverno; cidades turísticas; frio e lucros em alta,Agências de viagem,0,NA,,,MEI; ME,Pessoa Jurídica,a4fd7705-e461-34fe-b54d-2fe523f0436e
10271,Turismo rural oferece roteiros com história das fazendas de café,Artigo,"Visitantes se deleitam com degustação de café em meio a histórias e costumes do campo, longe do estresse da cidade. Explore o turismo rural.",https://bibliotecas.sebrae.com.br/chronus/ARQUIVOS_CHRONUS/CAPAS_ARTIGOS_APP/326/326.jpg,0,"https://www.sebrae.com.br/sites/PortalSebrae/artigos/turismo-rural-oferece-roteiros-com-historia-das-fazendas-de-cafe,b0e5ac941b896810VgnVCM1000001b00320aRCRD",,,Sim,MEI; EPP; ME,Empreendedorismo,COMPETITIVIDADE,,Agências de viagem,0,NA,,,MEI; EPP; ME,Pessoa Jurídica,5fc51e2c-25de-3537-8ce0-d9d31769dc6f
10272,Um mercado que não para de crescer: produtos naturais,Artigo,O crescimento do mercado de produtos naturais no Brasil parece ter se transformado em uma constante.,https://bibliotecas.sebrae.com.br/chronus/ARQUIVOS_CHRONUS/CAPAS_ARTIGOS_APP/327/327.jpg,0,"https://www.sebrae.com.br/sites/PortalSebrae/artigos/um-mercado-que-nao-para-de-crescer-produtos-naturais,9fee85ed24a76810VgnVCM1000001b00320aRCRD",,,Sim,MEI; EPP; ME,Mercado e Vendas,ANÁLISE DE TENDÊNCIA,,Comércio de alimentos e bebidas; Indústria de alimentos e bebidas; Cultivo de cereais; Cultivo de oleaginosas,0,NA,,,MEI; EPP; ME,Pessoa Jurídica,b6bdcde9-4d0c-32d7-aa4b-9390d4887bea
10273,Uma boa fachada para seu salão de beleza,Artigo,"A fim de atrair mais clientes para o negócio, a doutora em administração e consultora de negócios de beleza, Dani Venâncio, detalha os cuidados a serem tomados",https://bibliotecas.sebrae.com.br/chronus/ARQUIVOS_CHRONUS/CAPAS_ARTIGOS_APP/328/328.jpg,0,"https://www.sebrae.com.br/sites/PortalSebrae/artigos/uma-boa-fachada-para-seu-salao-de-beleza,2566ba6f37f86810VgnVCM1000001b00320aRCRD",,,Sim,MEI; EPP; ME,Empreendedorismo,EMPREENDEDOR,Beleza; empreendedorismo,Beleza,0,NA,,,MEI; EPP; ME,Pessoa Jurídica,ff26caec-b282-3eb6-8a34-b215c47959bd
10274,Uma parceria de sucesso: cervejas artesanais e agricultura familiar,Artigo,As economias locais podem favorecer-se com o incentivo à parceria entre a agricultura familiar e a produção de cervejas artesanais.,https://bibliotecas.sebrae.com.br/chronus/ARQUIVOS_CHRONUS/CAPAS_ARTIGOS_APP/329/329.jpg,0,"https://www.sebrae.com.br/sites/PortalSebrae/artigos/uma-parceria-de-sucesso-cervejas-artesanais-e-agricultura-familiar,2849c7c5a21d5810VgnVCM1000001b00320aRCRD",,,Sim,MEI; EPP; ME,Cooperação,PARCERIA,,Associações; Cultivo de cereais; Indústria de alimentos e bebidas,0,NA,,,MEI; EPP; ME,Pessoa Jurídica,3a045df5-20f8-3d62-bcfd-4fa01dd6b075
10275,Uniformes de segurança para eletricistas NR10,Artigo,"Os profissionais que trabalham com eletricidade estão expostos a riscos graves de acidentes, como choques elétricos, arcos elétricos e explosões",https://bibliotecas.sebrae.com.br/chronus/ARQUIVOS_CHRONUS/CAPAS_ARTIGOS_APP/330/330.jpg,0,"https://www.sebrae.com.br/sites/PortalSebrae/artigos/uniformes-de-seguranca-para-eletricistas-nr10,3892781563028810VgnVCM1000001b00320aRCRD",,,Sim,MEI; EPP; ME,Planejamento,SOBREVIVÊNCIA,,Energia,0,NA,,,MEI; EPP; ME,Pessoa Jurídica,d63c028b-77d7-398c-a692-142812dc75bc
10276,Use a Black Friday para melhorar o faturamento do seu salão,Artigo,"A Black Friday pode render um bom faturamento, garantir o giro de estoques e fidelizar clientes, então não deixe de se programar para essa data.",https://bibliotecas.sebrae.com.br/chronus/ARQUIVOS_CHRONUS/CAPAS_ARTIGOS_APP/331/331.jpg,0,"https://www.sebrae.com.br/sites/PortalSebrae/artigos/use-a-black-friday-para-melhorar-o-faturamento-do-seu-salao,683a61edc2f34810VgnVCM100000d701210aRCRD",,,Sim,MEI; EPP; ME,Mercado e Vendas,PROMOÇÃO,Black Friday; Planejamento; Salões de Beleza; Promoções,Todos,1,NA,,,MEI; EPP; ME,Pessoa Jurídica,e1c8db83-04e7-3600-a50e-6c2cf1e632de
10277,Use as redes sociais para lotar a agenda do seu salão de beleza,Artigo,Os profissionais e salões de beleza podem usar as redes sociais para atrair clientes e aumentar o faturamento dos seus negócios,https://bibliotecas.sebrae.com.br/chronus/ARQUIVOS_CHRONUS/CAPAS_ARTIGOS_APP/332/332.jpg,0,"https://www.sebrae.com.br/sites/PortalSebrae/artigos/use-as-redes-sociais-para-lotar-a-agenda-do-seu-salao-de-beleza,1993cc6150e47810VgnVCM1000001b00320aRCRD",,,Sim,MEI; EPP; ME,Mercado e Vendas,MIDIAS SOCIAIS,,Beleza,0,NA,,,MEI; EPP; ME,Pessoa Jurídica,4ff9fac4-adaf-3cbd-8db5-6d2ea2e6d578
10278,Veja algumas dicas para a decoração do seu restaurante,Artigo,Conheça neste artigo algumas dicas de como decorar seu restaurante de acordo com as características do seu produto e do seu público-alvo.,https://bibliotecas.sebrae.com.br/chronus/ARQUIVOS_CHRONUS/CAPAS_ARTIGOS_APP/333/333.jpg,0,"https://www.sebrae.com.br/sites/PortalSebrae/artigos/veja-algumas-dicas-para-a-decoracao-do-seu-restaurante,81ab1cf4a30e5810VgnVCM1000001b00320aRCRD",,,Sim,MEI; EPP; ME,Empreendedorismo,EDUCAÇÃO EMPREENDEDORA,restaurante; Decoração,Móveis,0,NA,,,MEI; EPP; ME,Pessoa Jurídica,ef419980-875b-39f6-bede-25e5003e14de
10279,Veja como aplicar suas estratégias de marketing digital no Tik Tok,Artigo,Tik Tok é uma plataforma de entretenimento que pode conquistar mais clientes para o seu negócio e aumentar suas vendas.,https://bibliotecas.sebrae.com.br/chronus/ARQUIVOS_CHRONUS/CAPAS_ARTIGOS_APP/334/334.jpg,0,"https://www.sebrae.com.br/sites/PortalSebrae/artigos/veja-como-aplicar-suas-estrategias-de-marketing-digital-no-tik-tok,d39cb6ca7f5e3810VgnVCM100000d701210aRCRD",,,Sim,MEI; EPP; ME,Mercado e Vendas,MARKETING,marketing; tiktok; vendas,Todos,0,NA,,,MEI; EPP; ME,Pessoa Jurídica,658d799e-c798-3d30-a7eb-85c27e17cdb8
10280,Vinho: conheça a linguagem do universo de Baco,Artigo,O vocabulário do vinho é complexo. Veja neste artigo os conceitos básicos para ter uma carta de vinhos em seu estabelecimento.,https://bibliotecas.sebrae.com.br/chronus/ARQUIVOS_CHRONUS/CAPAS_ARTIGOS_APP/335/335.jpg,0,"https://www.sebrae.com.br/sites/PortalSebrae/artigos/vinho-conheca-a-linguagem-do-universo-de-baco,1ae2bea3cf066810VgnVCM1000001b00320aRCRD",,,Sim,MEI; EPP; ME,Empreendedorismo,EDUCAÇÃO EMPREENDEDORA,vinho,Vitivinicultura,0,NA,,,MEI; EPP; ME,Pessoa Jurídica,ff353b87-03a4-39e8-a6da-be1e3a5f7d22
10281,Você está preparado para as oportunidades da Black Friday?,Artigo,Prepare sua empresa com técnicas de planejamento e estratégias que apresentamos neste post para aumentar suas vendas no final do ano.,https://bibliotecas.sebrae.com.br/chronus/ARQUIVOS_CHRONUS/CAPAS_ARTIGOS_APP/336/336.jpg,0,"https://www.sebrae.com.br/sites/PortalSebrae/artigos/voce-esta-preparado-para-a-black-friday-2020,459bb5161d155710VgnVCM1000004c00210aRCRD",,,Sim,MEI; ME,Mercado e Vendas,VENDA,black friday; dicas; black friday 2024,Todos,1,NA,,,MEI; ME,Pessoa Jurídica,76a5c2b9-31d9-337c-8a1d-b9499bf74d09
10282,Como produzir vídeo marketing com orçamento limitado,Artigo,Veja opções para investir pouco dinheiro em uma estratégia de vídeo marketing sem perder a qualidade do conteúdo.,https://bibliotecas.sebrae.com.br/chronus/ARQUIVOS_CHRONUS/CAPAS_ARTIGOS_APP/337/337.jpg,0,"https://www.sebrae.com.br/sites/PortalSebrae/como-produzir-video-marketing-com-orcamento-limitado,eba46ae54f417810VgnVCM1000001b00320aRCRD",,,Sim,MEI; EPP; ME,Mercado e Vendas,MARKETING,Finanças; Orçamento; Marketing,Todos,0,NA,,,MEI; EPP; ME,Pessoa Jurídica,e068e71e-7548-3400-a238-aa5f4f3ccbc5
10283,Influenciadores digitais,Artigo,"Mercado, desafios, conhecimentos e qualificações",,0,"https://www.sebrae.com.br/sites/PortalSebrae/criadoresdeconteudo/influenciadores-digitais,b7a49ccf4a293910VgnVCM1000001b00320aRCRD",,,Sim,MEI; PF,Empreendedorismo,INICIATIVA EMPREENDEDORA,,Todos,0,NA,,,MEI; PF,Pessoa Física; Pessoa Jurídica,fcbf0e11-d0b9-3393-9708-2b33c8989fb0
10284,10 características de uma empreendedora de sucesso,Artigo,"Quer saber se está no caminho certo, investindo nos pensamentos e condutas necessários para que seu negócio seja cada vez mais bem-sucedido?",https://bibliotecas.sebrae.com.br/chronus/ARQUIVOS_CHRONUS/CAPAS_ARTIGOS_APP/341/341.png,0,"https://www.sebrae.com.br/sites/PortalSebrae/empreendedorismofeminino/artigoempreededorismofeminino/10-caracteristicas-de-uma-empreendedora-de-sucesso,042b4f9e53bd7710VgnVCM100000d701210aRCRD",,,Sim,MEI; ME,Empreendedorismo,COMPORTAMENTO EMPREENDEDOR,MULHERES DE NEGÓCIO; EMPREENDEDORISMO; EMPREENDEDORISMO FEMININO,Todos,0,NA,,,MEI; ME,Pessoa Jurídica,063756d6-796d-3774-a494-15e0e1053307
10285,Marketing digital: ferramentas que você precisa conhecer,Artigo,Descubra como construir uma presença digital marcante para o seu negócio e turbinar seu e-commerce.,https://bibliotecas.sebrae.com.br/chronus/ARQUIVOS_CHRONUS/CAPAS_ARTIGOS_APP/342/342.png,0,"https://www.sebrae.com.br/sites/PortalSebrae/empreendedorismofeminino/artigoempreededorismofeminino/marketing-digital-ferramentas-que-voce-precisa-conhecer,68dd4c2a9978a710VgnVCM100000d701210aRCRD",,,Sim,MEI; ME,Empreendedorismo,COMPORTAMENTO EMPREENDEDOR,MULHERES DE NEGÓCIO; EMPREENDEDORISMO; EMPREENDEDORISMO FEMININO,Todos,0,NA,,,MEI; ME,Pessoa Jurídica,e0b8c5b0-cefb-3f33-9d0e-08723a727c5a
10286,15 ideias de conteúdo para redes sociais,Artigo,Aproveite o digital: veja ideias de posts para o MEI atrair clientes e fortalecer a marca.,https://bibliotecas.sebrae.com.br/chronus/ARQUIVOS_CHRONUS/CAPAS_ARTIGOS_APP/344/344.png,0,"https://www.sebrae.com.br/sites/PortalSebrae/mei/jornadamei/15-ideias-de-conteudo-para-redes-sociais,edb7a196139e6910VgnVCM1000001b00320aRCRD",,,Sim,MEI,Mercado e Vendas,MIDIAS SOCIAIS,Como montar um calendário de postagens eficaz; Ideias de conteúdo para atrair e engajar clientes; Formas simples de divulgar seus produtos e serviços; Dicas para MEI se destacar nas redes sociais; Como vender mais usando o Instagram; Aumente o engajamento com posts planejados; Estratégias de marketing digital para pequenos negócios; O que postar nas redes sociais como MEI,Todos,0,NA,,,MEI,Pessoa Jurídica,580d3ff3-1bd1-30da-9684-e24826af0c3c
10287,Controle as finanças e tenha mais dinheiro,Artigo,"Com uma boa administração dos recursos, é mais fácil evitar dívidas e investir nos lugares certos para crescer e ter bastante lucro.",https://bibliotecas.sebrae.com.br/chronus/ARQUIVOS_CHRONUS/CAPAS_ARTIGOS_APP/345/345.png,0,"https://www.sebrae.com.br/sites/PortalSebrae/semanadomei2019/conteudos/controle-as-financas-e-tenha-mais-dinheiro,1430103bc7d1b610VgnVCM1000004c00210aRCRD",,,Sim,MEI; EPP; ME,Finanças,CONTROLE FINANCEIRO,Finanças; Caixa; Controle as finanças,Todos,0,NA,,,MEI; EPP; ME,Pessoa Jurídica,98b7ab7e-f377-3693-97e3-8f6efa8093d8
10288,Inscrição Estadual para MEI,Artigo,"Entenda o que é, como funciona e como manter-se regularizado.",,0,"https://www.sebrae.com.br/sites/PortalSebrae/ufs/ac/artigos/inscricao-estadual-para-mei,37f1b87579937710VgnVCM1000004c00210aRCRD",,,Sim,MEI,Leis,LEGISLAÇÃO,,Todos,0,AC,,,MEI,Pessoa Jurídica,b016a767-d670-368a-b2dc-d5965fb7e464
10289,Veja algumas dicas para fidelizar o cliente,Artigo,A fidelização do cliente é importante para manter o empreendimento ativo,,0,"https://www.sebrae.com.br/sites/PortalSebrae/ufs/ac/artigos/veja-algumas-dicas-para-fidelizar-o-cliente,377e6c20ca54c810VgnVCM1000001b00320aRCRD",,,Sim,MEI; EPP; ME,Inovação,MIDIAS ONLINE,Empresário; WhatsApp; Business,Todos,0,AC,,,MEI; EPP; ME,Pessoa Jurídica,b49d7f5b-af28-3c82-acbc-842143e2573c
10290,10 aplicativos para destacar as suas publicações nas redes sociais,Artigo,Saiba quais são os aplicativos mais usados na produção de conteúdo digital das empresas,https://bibliotecas.sebrae.com.br/chronus/ARQUIVOS_CHRONUS/CAPAS_ARTIGOS_APP/348/348.png,0,"https://www.sebrae.com.br/sites/PortalSebrae/ufs/al/artigos/10-aplicativos-para-destacar-as-suas-publicacoes-nas-redes-sociais,93520c95b3d68510VgnVCM1000004c00210aRCRD",,,Sim,MEI; EPP; ME,Mercado e Vendas,COMÉRCIO ELETRÔNICO,whatsapp; snapseed; pipcamera; hashtags; facebook; visualhunt; whatsapp web; marketing digital; instagram; vendas online; funil de vendas; blogueira; boomerang; filmorago; marketing; enlightapp; prisma; adobepost; conversão; picmonkey; lista de transmissão; canva,Todos,0,AL,,,MEI; EPP; ME,Pessoa Jurídica,7dbc1dd0-4bd1-31a8-bc0a-aabe338199b0
10291,5 dicas de como criar conteúdo para o seu supermercado,Artigo,Entenda como alavancar seu negócio por meio do Instagram,https://bibliotecas.sebrae.com.br/chronus/ARQUIVOS_CHRONUS/CAPAS_ARTIGOS_APP/349/349.png,0,"https://www.sebrae.com.br/sites/PortalSebrae/ufs/al/artigos/5-dicas-de-como-criar-conteudo-para-o-seu-supermercado,59efa90a3e971910VgnVCM1000001b00320aRCRD",,,Sim,MEI; EPP; ME,Inovação,CAPACITAÇÃO PARA INOVAÇÃO,marketing; supermercado; rede social; dica; inovação,Comércio varejista de alimentos e bebidas; Serviços de alimentação,0,AL,,,MEI; EPP; ME,Pessoa Jurídica,5d0653ae-0625-3dd7-b78c-91876a89a26f
10292,5 dicas para o bom funcionamento do home office,Artigo,Conheça um pouco mais sobre o home office e veja algumas dicas que podem te ajudar com esse modelo de trabalho.,,0,"https://www.sebrae.com.br/sites/PortalSebrae/ufs/al/artigos/5-dicas-para-o-bom-funcionamento-do-home-office,9435fec7eb6e0710VgnVCM1000004c00210aRCRD",,,Sim,MEI; ME,Empreendedorismo,COMPORTAMENTO EMPREENDEDOR,empreendedorismo; home office; negócio; trabalho; sebrae,Todos,0,AL,,,MEI; ME,Pessoa Jurídica,a1d7755d-e23e-3152-8997-f8bc63777827
10293,5 estratégias para impulsionar seu comércio de papelaria no mercado,Artigo,"Com o crescimento do setor, o Sebrae aponta as melhores práticas para empreendedores que buscam se destacar e garantir o sucesso.",https://bibliotecas.sebrae.com.br/chronus/ARQUIVOS_CHRONUS/CAPAS_ARTIGOS_APP/351/351.jpg,0,"https://www.sebrae.com.br/sites/PortalSebrae/ufs/al/artigos/5-estrategias-para-impulsionar-seu-comercio-de-papelaria-no-mercado,b4eb526410b85910VgnVCM1000001b00320aRCRD",,,Sim,MEI; EPP; ME,Empreendedorismo,COMÉRCIO,,Comércio varejista - Diversos,0,AL,,,MEI; EPP; ME,Pessoa Jurídica,7fb1fa11-3b97-3ca7-b778-96c33f58860d
10294,5 passos para uma rotina de autocuidado no empreendedorismo feminino,Artigo,"O empreendedorismo feminino é repleto de desafios que podem abalar o bem-estar das empreendedoras, saiba como ter uma rotina de autocuidado.",https://bibliotecas.sebrae.com.br/chronus/ARQUIVOS_CHRONUS/CAPAS_ARTIGOS_APP/352/352.png,0,"https://www.sebrae.com.br/sites/PortalSebrae/ufs/al/artigos/5-passos-para-uma-rotina-de-autocuidado-no-empreendedorismo-feminino,cb8b7026f2ecb810VgnVCM1000001b00320aRCRD",,,Sim,MEI; ME,Pessoas,SAÚDE OCUPACIONAL,empreendedorismo feminino,Todos,0,AL,,,MEI; ME,Pessoa Jurídica,e34ae624-bf13-3b4f-8a5e-36e6da11b6ee
10295,6 dicas práticas para prevenção de perdas nos hortifrutis,Artigo,"No mercado de hortifrutis a perca de produtos é algo que por vezes se torna recorrente, saiba dicas para prevenir prejuízos no seu negócio",https://bibliotecas.sebrae.com.br/chronus/ARQUIVOS_CHRONUS/CAPAS_ARTIGOS_APP/354/354.png,0,"https://www.sebrae.com.br/sites/PortalSebrae/ufs/al/artigos/6-dicas-praticas-para-prevencao-de-perdas-nos-hortifrutis,243de798fd290910VgnVCM1000001b00320aRCRD",,,Sim,MEI; EPP; ME,Empreendedorismo,APRENDIZAGEM,Processos; Planejamento; Gestão; Qualidade,Comércio varejista de alimentos e bebidas; Comércio atacadista de alimentos e bebidas; Serviços de alimentação; Cultivos diversos; Fruticultura; Horticultura,0,AL,,,MEI; EPP; ME,Pessoa Jurídica,eadebd91-20dc-37d1-957f-50120376aed9
10296,A importância do Lean Manufacturing no seu empreendimento.,Artigo,"Aprenda a melhorar a produtividade e a reduzir custos com uma ferramenta poderosa, focada na eliminação de desperdícios.",https://bibliotecas.sebrae.com.br/chronus/ARQUIVOS_CHRONUS/CAPAS_ARTIGOS_APP/355/355.jpg,0,"https://www.sebrae.com.br/sites/PortalSebrae/ufs/al/artigos/a-importancia-do-lean-manufacturing-no-seu-empreendimento,6b8694a70ea57910VgnVCM1000001b00320aRCRD",,,Sim,MEI; EPP; ME,Empreendedorismo,SUCESSO,Produtividade; Ferramenta; Lean Manufacturing,Todos,0,AL,,,MEI; EPP; ME,Pessoa Jurídica,1f833fef-34a1-356e-99fc-61d66cf17767
10297,Aplicativo Nota Fiscal Fácil (NFF) para produtores rurais,Artigo,O aplicativo tem como objetivo oferecer praticidade para o agricultor.,https://bibliotecas.sebrae.com.br/chronus/ARQUIVOS_CHRONUS/CAPAS_ARTIGOS_APP/356/356.png,0,"https://www.sebrae.com.br/sites/PortalSebrae/ufs/al/artigos/aplicativo-nota-fiscal-facil-nff-para-produtores-rurais,60afbe8ba2b8b810VgnVCM1000001b00320aRCRD",,,Sim,MEI; EPP; ME,Inovação,APLICATIVO,nota fiscal; aplicativo; agricultor,Comércio atacadista rural,0,AL,,,MEI; EPP; ME,Pessoa Jurídica,78561b34-02b9-378f-be54-909d5c0244b8
10298,Aprenda a aplicar um canvas de modelo de negócio,Artigo,Tire sua ideia de negócio do papel e aprenda a utilizar o Canvas Business nesse pontapé inicial.,,0,"https://www.sebrae.com.br/sites/PortalSebrae/ufs/al/artigos/aprenda-a-aplicar-um-canvas-de-modelo-de-negocio,dce12acf8c428810VgnVCM1000001b00320aRCRD",,,Sim,MEI; ME,Planejamento,PLANO DE NEGÓCIOS,metodologias ágeis; estratégia,Todos,0,AL,,,MEI; ME,Pessoa Jurídica,35890d5d-3e48-37e0-bb1b-8c52a538f63d
10299,Aprenda a separar as finanças pessoais das finanças da empresa,Artigo,Você sabia que separar as finanças pessoais das finanças do seu negócio é imprescindível para o crescimento da sua empresa?,https://bibliotecas.sebrae.com.br/chronus/ARQUIVOS_CHRONUS/CAPAS_ARTIGOS_APP/358/358.jpg,0,"https://www.sebrae.com.br/sites/PortalSebrae/ufs/al/artigos/aprenda-a-separar-as-financas-pessoais-das-financas-da-empresa,2d3523e747eae810VgnVCM1000001b00320aRCRD",,,Sim,MEI; EPP; ME,Finanças,PLANEJAMENTO  ORÇAMENTÁRIO,empreendedorismo; organização financeira; finanças,Todos,0,AL,,,MEI; EPP; ME,Pessoa Jurídica,65f4fbab-b85a-38aa-9cfb-e1e672961f28
10300,Aprenda a tomar decisões assertivas baseadas em dados,Artigo,Com o data driven você consegue tomar decisões de sucesso voltadas especificamente ao objetivo da sua empresa.,,0,"https://www.sebrae.com.br/sites/PortalSebrae/ufs/al/artigos/aprenda-a-tomar-decisoes-assertivas-baseadas-em-dados,80ad39f2ba12a810VgnVCM1000001b00320aRCRD",,,Sim,EPP; ME,Inovação,TECNOLOGIA DA INFORMAÇÃO,data driven; análise de dados,Todos,0,AL,,,EPP; ME,Pessoa Jurídica,814aaee0-e71d-3835-a39d-e21ba8adf618
10301,Boas práticas na produção de alimentos: necessárias ou obsoletas?,Artigo,Oferecer produtos de qualidade para os clientes é uma das obrigações básicas dos estabelecimentos alimentícios.,,0,"https://www.sebrae.com.br/sites/PortalSebrae/ufs/al/artigos/boas-praticas-na-producao-de-alimentos-necessarias-ou-obsoletas,eb3ab09439fbe710VgnVCM100000d701210aRCRD",,,Sim,MEI; EPP; ME,Organização,GESTÃO DA QUALIDADE E PRODUTIVIDADE,Restaurante; Boas Praticas; Legislação; Alimento,Comércio atacadista rural; Comércio varejista de alimentos e bebidas; Comércio atacadista de alimentos e bebidas; Fruticultura; Indústria de alimentos e bebidas; Fruticultura; Horticultura,0,AL,,,MEI; EPP; ME,Pessoa Jurídica,f3e43b9f-57b5-3bcb-8e52-845284c74700
10302,Como conferir credibilidade ao seu negócio através de um blog,Artigo,"Estar presente na internet é essencial, e muito além das redes sociais, um blog pode ser a escolha ideal para conferir credibilidade ao seu negócio.",,0,"https://www.sebrae.com.br/sites/PortalSebrae/ufs/al/artigos/como-conferir-credibilidade-ao-seu-negocio-atraves-de-um-blog,725e93f99a879810VgnVCM1000001b00320aRCRD",,,Sim,MEI; EPP; ME,Inovação,MIDIAS ONLINE,marketing digital; blog,Todos,0,AL,,,MEI; EPP; ME,Pessoa Jurídica,2902ce10-18fa-3826-899d-95078c7724ca
10303,Como construir uma marca forte?,Artigo,"A construção de uma marca memorável nem sempre requer grandes fortunas e investimentos pesados, saiba como direcionar a construção da sua imagem.",,0,"https://www.sebrae.com.br/sites/PortalSebrae/ufs/al/artigos/como-construir-uma-marca-forte,db32a1993f4b8810VgnVCM1000001b00320aRCRD",,,Sim,MEI; EPP; ME,Inovação,DIFERENCIAL,marca; marketing,Todos,0,AL,,,MEI; EPP; ME,Pessoa Jurídica,aa726e5a-665c-355a-8736-4220ae88abd3
10304,Como definir o seu público-alvo,Artigo,Saiba como delimitar o seu público-alvo vai te ajudar a implantar estratégias assertivas voltadas aos resultados pretendidos.,https://bibliotecas.sebrae.com.br/chronus/ARQUIVOS_CHRONUS/CAPAS_ARTIGOS_APP/365/365.jpg,0,"https://www.sebrae.com.br/sites/PortalSebrae/ufs/al/artigos/como-definir-o-seu-publico-alvo,5b860c345a6ba810VgnVCM1000001b00320aRCRD",,,Sim,MEI,Planejamento,DIRECIONAMENTO ESTRATÉGICO,público-alvo,Todos,0,AL,,,MEI,Pessoa Jurídica,6ba5452f-368e-3381-8020-1b593f77cdde
10305,Como fazer Declaração Anual de Faturamento (DASN),Artigo,"A DASN é uma obrigação anual de todo MEI e deve ser entregue até o dia 31 de maio, saiba como declarar.",,0,"https://www.sebrae.com.br/sites/PortalSebrae/ufs/al/artigos/como-fazer-declaracao-anual-de-faturamento-dasn,8f7d17ee2d6e7810VgnVCM1000001b00320aRCRD",,,Sim,MEI,Leis,DEVERES E OBRIGAÇÕES,MEI; passo; documento; declaração; microempreendedor,Todos,0,AL,,,MEI,Pessoa Jurídica,65458515-7816-3489-a67f-e480cac3b623
10306,Como garantir uma renda extra no São João?,Artigo,"O São João é uma das épocas mais tradicionais e esperadas do ano, se prepare para atender a expectativa do consumidor.",https://bibliotecas.sebrae.com.br/chronus/ARQUIVOS_CHRONUS/CAPAS_ARTIGOS_APP/367/367.jpg,0,"https://www.sebrae.com.br/sites/PortalSebrae/ufs/al/artigos/como-garantir-uma-renda-extra-no-sao-joao,0d91e1bc60698810VgnVCM1000001b00320aRCRD",,,Sim,MEI; ME,Mercado e Vendas,DEMANDA DE CONSUMO,estratégia de produto e venda; experiência do cliente,Todos,1,AL,,,MEI; ME,Pessoa Jurídica,cc7e5c59-b9fc-3391-8861-06033d3aed58
10307,Como gerenciar suas vendas para alcançar melhores resultados,Artigo,"Estruturar bem os processos de vendas prepara não só seu time, mas também auxilia a alcançar seus resultados.",https://bibliotecas.sebrae.com.br/chronus/ARQUIVOS_CHRONUS/CAPAS_ARTIGOS_APP/368/368.jpg,0,"https://www.sebrae.com.br/sites/PortalSebrae/ufs/al/artigos/como-gerenciar-suas-vendas-para-alcancar-melhores-resultados,c31e2935db419710VgnVCM100000d701210aRCRD",,,Sim,MEI; ME,Mercado e Vendas,VENDA,mei; venda; negócio; funil; planejamento; lucro,Todos,0,AL,,,MEI; ME,Pessoa Jurídica,0ab80276-87a5-3e70-9772-8cf1bf1a630f
10308,Como inovar nos pequenos negócios,Artigo,Dicas de inovação para pequenas empresas,,0,"https://www.sebrae.com.br/sites/PortalSebrae/ufs/al/artigos/como-inovar-nos-pequenos-negocios,44330edf67bef510VgnVCM1000004c00210aRCRD",,,Sim,MEI; EPP; ME,GESTÃO DE PRODUTO (INOVAÇÃO),NA,Liderança; gestão do conhecimento,Todos,0,AL,,,MEI; EPP; ME,Pessoa Jurídica,9c8094a6-b66a-36c3-bace-dfe8aed16699
10309,Como manter a fidelidade dos clientes,Artigo,No embalo da semana do consumidor saiba como adotar novas práticas para conquistar seus clientes.,https://bibliotecas.sebrae.com.br/chronus/ARQUIVOS_CHRONUS/CAPAS_ARTIGOS_APP/370/370.jpg,0,"https://www.sebrae.com.br/sites/PortalSebrae/ufs/al/artigos/como-manter-a-fidelidade-dos-clientes,4663840d26bd6810VgnVCM1000001b00320aRCRD",,,Sim,MEI; EPP; ME,Mercado e Vendas,ATENDIMENTO AO CLIENTE,,Todos,0,AL,,,MEI; EPP; ME,Pessoa Jurídica,e526f7b4-8cbe-3bf4-b396-67313b8dab9c
10310,Como organizar seu estoque e impulsionar sua produção,Artigo,"Saiba como evitar desperdícios, garantir qualidade e ter o controle necessário para se destacar no mercado.",https://bibliotecas.sebrae.com.br/chronus/ARQUIVOS_CHRONUS/CAPAS_ARTIGOS_APP/371/371.jpg,0,"https://www.sebrae.com.br/sites/PortalSebrae/ufs/al/artigos/como-organizar-seu-estoque-e-impulsionar-sua-producao,01fada0006c17910VgnVCM1000001b00320aRCRD",,,Sim,MEI; EPP; ME,Organização,ESTOQUE,Organização; Estoque; PEPS,Academias e atividades físicas; Artesanato; Beleza; Comércio varejista da moda; Comércio varejista de autopeças; Comércio atacadista rural; Comércio varejista de alimentos e bebidas; Comércio varejista de informática; Comércio varejista de materiais de construção; Comércio varejista - Diversos,0,AL,,,MEI; EPP; ME,Pessoa Jurídica,08b96a67-afe5-3573-a0da-6581ad42abe0
10311,Como utilizar o marketing de influência na sua empresa,Artigo,"O marketing de influência pode ser um grande aliado para o sucesso do seu negócio, leia e saiba mais.",https://bibliotecas.sebrae.com.br/chronus/ARQUIVOS_CHRONUS/CAPAS_ARTIGOS_APP/373/373.jpg,0,"https://www.sebrae.com.br/sites/PortalSebrae/ufs/al/artigos/como-utilizar-o-marketing-de-influencia-na-sua-empresa,92cc30135c6cd810VgnVCM1000001b00320aRCRD",,,Sim,MEI; EPP; ME,Mercado e Vendas,MARKETING,empreendedor; marketing; me; microempreendedor,Todos,0,AL,,,MEI; EPP; ME,Pessoa Jurídica,d38cd9f8-c89c-31b9-88be-25399750d511
10312,Conforto inteligente: use energia com eficiência na hospedagem,Artigo,"Em hotéis e pousadas, oferecer conforto é essencial — mas isso não precisa significar desperdício.",https://bibliotecas.sebrae.com.br/chronus/ARQUIVOS_CHRONUS/CAPAS_ARTIGOS_APP/374/374.jpg,0,"https://www.sebrae.com.br/sites/PortalSebrae/ufs/al/artigos/conforto-inteligente-use-energia-com-eficiencia-na-hospedagem,c322bfc13efe7910VgnVCM1000001b00320aRCRD",,,Sim,MEI; EPP; ME,Empreendedorismo,COMPORTAMENTO EMPREENDEDOR,,Meios de hospedagem,0,AL,,,MEI; EPP; ME,Pessoa Jurídica,2ca86e90-0da2-32f7-adcc-9ece8c7566d1
10313,Conheça 5 obrigações do setor de alimentação fora do lar,Artigo,Para estar dentro da legislação vigente existem algumas regras essenciais que seu estabelecimento precisa seguir.,https://bibliotecas.sebrae.com.br/chronus/ARQUIVOS_CHRONUS/CAPAS_ARTIGOS_APP/375/375.jpg,0,"https://www.sebrae.com.br/sites/PortalSebrae/ufs/al/artigos/conheca-5-obrigacoes-do-setor-de-alimentacao-fora-do-lar,cd74869ca2e69810VgnVCM1000001b00320aRCRD",,,Sim,MEI; EPP; ME,Leis,DEVERES E OBRIGAÇÕES,alimentação fora do lar,Serviços de alimentação,0,AL,,,MEI; EPP; ME,Pessoa Jurídica,a3b22c12-d880-35d0-be75-d0cc507df05e
10314,Conheça os 3 principais erros na gestão financeira empresarial,Artigo,"A gestão financeira é um dos pilares do empreendedorismo, por isso é preciso estar atento aos erros e acertos da gestão.",https://bibliotecas.sebrae.com.br/chronus/ARQUIVOS_CHRONUS/CAPAS_ARTIGOS_APP/376/376.jpg,0,"https://www.sebrae.com.br/sites/PortalSebrae/ufs/al/artigos/conheca-os-3-principais-erros-na-gestao-financeira-empresarial,522f391ce65cd810VgnVCM1000001b00320aRCRD",,,Sim,MEI; EPP; ME,Finanças,GESTÃO FINANCEIRA,empreendedorismo; finanças; gestão financeira,Todos,0,AL,,,MEI; EPP; ME,Pessoa Jurídica,609fa017-8aec-3480-ba18-12e238d2327f
10315,Cultivando no Calor: estratégias para proteger suas plantas,Artigo,Saiba como cuidar das suas plantas no verão e como protegê-las do calor.,https://bibliotecas.sebrae.com.br/chronus/ARQUIVOS_CHRONUS/CAPAS_ARTIGOS_APP/378/378.jpg,0,"https://www.sebrae.com.br/sites/PortalSebrae/ufs/al/artigos/cultivando-no-calor-estrategias-para-proteger-suas-plantas,6158ac8c9f73e810VgnVCM1000001b00320aRCRD",,,Sim,MEI; PF,Organização,AGROECOLOGIA,floricultura; flores,Cultivos diversos; Serviços de apoio à agricultura,0,AL,,,MEI; PF,Pessoa Física; Pessoa Jurídica,7744e333-0049-3542-b700-da83a79e468e
10316,Descubra como inovar na sua empresa,Artigo,Saiba como inovar e alcançar melhores resultados para sua empresa.,https://bibliotecas.sebrae.com.br/chronus/ARQUIVOS_CHRONUS/CAPAS_ARTIGOS_APP/379/379.jpg,0,"https://www.sebrae.com.br/sites/PortalSebrae/ufs/al/artigos/descubra-como-inovar-na-sua-empresa,ec87c539d30cd810VgnVCM1000001b00320aRCRD",,,Sim,MEI; EPP; ME,Inovação,DIFERENCIAL,empreendedorismo; sebraetec; inovação,Todos,0,AL,,,MEI; EPP; ME,Pessoa Jurídica,912acc38-b285-3028-a754-bff69746c82d
10317,Descubra quais são as 5 macrotendências do turismo em 2025,Artigo,Saiba sobre um dos setores mais importantes da economia.,https://bibliotecas.sebrae.com.br/chronus/ARQUIVOS_CHRONUS/CAPAS_ARTIGOS_APP/380/380.png,0,"https://www.sebrae.com.br/sites/PortalSebrae/ufs/al/artigos/descubra-quais-sao-as-5-macrotendencias-do-turismo-em-2025,2f0c637a83c65910VgnVCM1000001b00320aRCRD",,,Sim,MEI; EPP; ME,Inovação,DIFERENCIAL,macrotendência; sustentabilidade; turismo,Agências de viagem,0,AL,,,MEI; EPP; ME,Pessoa Jurídica,fcb23515-52d2-3f77-8e33-cf61e01f9a42
10318,Dia Internacional da Mulher Negra Afro-Latina Americana e Caribenha,Artigo,"Segundo dados do relatório técnico de empreendedorismo feminino 2023, feito pelo Sebrae DF, 52,4% dos empreendedores no Brasil são negros.",https://bibliotecas.sebrae.com.br/chronus/ARQUIVOS_CHRONUS/CAPAS_ARTIGOS_APP/381/381.png,0,"https://www.sebrae.com.br/sites/PortalSebrae/ufs/al/artigos/dia-internacional-da-mulher-negra-afro-latina-americana-e-caribenha,faf7bbcfeb8e0910VgnVCM1000001b00320aRCRD",,,Sim,MEI; EPP; ME,Empreendedorismo,DESENVOLVIMENTO SOCIAL,sucesso - qualidade - microempreendedorindividual - participaçãoindividual,Todos,0,AL,,,MEI; EPP; ME,Pessoa Jurídica,fb7ab6ce-1490-3405-9334-34badd8327c1
10319,Dicas Essenciais para Começar um Negócio em Casa,Artigo,"Abrir um negócio em casa é mais difícil do que parece ser, por isso, separamos algumas dicas para você que está planejando embarcar nessa jornada.",https://bibliotecas.sebrae.com.br/chronus/ARQUIVOS_CHRONUS/CAPAS_ARTIGOS_APP/382/382.jpg,0,"https://www.sebrae.com.br/sites/PortalSebrae/ufs/al/artigos/dicas-essenciais-para-comecar-um-negocio-em-casa,2c324c975a57e810VgnVCM1000001b00320aRCRD",,,Sim,MEI; PF,Empreendedorismo,NEGÓCIO,empreendedorismo; planejamento,Todos,0,AL,,,MEI; PF,Pessoa Física; Pessoa Jurídica,b067a995-d8a8-3e22-8ea2-58d17bf64263
10320,Dicas para estimular a criatividade na empresa,Artigo,A criatividade é essencial para se diferenciar no mercado e ampliar a visão da sua empresa.,,0,"https://www.sebrae.com.br/sites/PortalSebrae/ufs/al/artigos/dicas-para-estimular-a-criatividade-na-empresa,e03d9890b214a810VgnVCM1000001b00320aRCRD",,,Sim,MEI; EPP; ME,Inovação,INOVAÇÃO,criatividade,Todos,0,AL,,,MEI; EPP; ME,Pessoa Jurídica,f42bf4ea-c86b-3334-a73c-c2b66f3c811c
10321,Dicas para gerir suas vendas,Artigo,"Para gerir bem suas vendas, é preciso gerir adequadamente seu negócio, para isso preparamos um material especial que vai lhe auxiliar.",https://bibliotecas.sebrae.com.br/chronus/ARQUIVOS_CHRONUS/CAPAS_ARTIGOS_APP/384/384.jpg,0,"https://www.sebrae.com.br/sites/PortalSebrae/ufs/al/artigos/dicas-para-gerir-suas-vendas,df5c28c152419710VgnVCM100000d701210aRCRD",,,Sim,MEI; ME,Mercado e Vendas,VENDA,mei; empreendedorismo; venda; negócio; empresa; vender; lucro,Todos,0,AL,,,MEI; ME,Pessoa Jurídica,cf8a84ce-719b-3a23-b85e-ae6bca8b7f37
10322,Do balcão à estratégia: transforme seu varejo com gestão,Artigo,Entenda como o planejamento estratégico pode impulsionar o crescimento e transformar o varejo em Alagoas,https://bibliotecas.sebrae.com.br/chronus/ARQUIVOS_CHRONUS/CAPAS_ARTIGOS_APP/385/385.jpg,0,"https://www.sebrae.com.br/sites/PortalSebrae/ufs/al/artigos/do-balcao-a-estrategia-transforme-seu-varejo-com-gestao,7dd0da22a2668910VgnVCM1000001b00320aRCRD",,,Sim,MEI; EPP; ME,Planejamento,GESTÃO ESTRATÉGICA DE EMPRESAS,,Comércio atacadista rural; Comércio varejista de alimentos e bebidas; Comércio da moda; Comércio varejista - Diversos; Comércio varejista - Diversos; Panificação; Comércio de automóveis; Comércio varejista de autopeças; Comércio varejista de informática; Comércio varejista de materiais de construção,0,AL,,,MEI; EPP; ME,Pessoa Jurídica,3f6cebcc-33f1-321b-b042-08e3e23a7f05
10323,Economia circular na indústria: do conceito à prática,Artigo,"A economia circular, entendida como uma ferramenta para reduzir desperdícios e otimizar o uso de recursos, vem transformando a indústria.",https://bibliotecas.sebrae.com.br/chronus/ARQUIVOS_CHRONUS/CAPAS_ARTIGOS_APP/386/386.jpg,0,"https://www.sebrae.com.br/sites/PortalSebrae/ufs/al/artigos/economia-circular-na-industria-do-conceito-a-pratica,986f6fb1569f7910VgnVCM1000001b00320aRCRD",,,Sim,MEI; EPP; ME,Inovação,INOVAÇÃO,fortalecimento; indústria; economia circular,Indústria - Diversos,0,AL,,,MEI; EPP; ME,Pessoa Jurídica,9d0f286c-29e4-3c90-9276-74899f8b549f
10324,Eleições: saiba como o empreendedorismo impacta nos municípios,Artigo,Entenda como aliar seu plano de governo a força do empreendedorismo,https://bibliotecas.sebrae.com.br/chronus/ARQUIVOS_CHRONUS/CAPAS_ARTIGOS_APP/387/387.png,0,"https://www.sebrae.com.br/sites/PortalSebrae/ufs/al/artigos/eleicoes-saiba-como-o-empreendedorismo-impacta-nos-municipios,4150b9bc3dd12910VgnVCM1000001b00320aRCRD",,,Sim,MEI; EPP; ME,Inovação,DIFERENCIAL,plano de governo; eleição; Empreendedorismo; inovação,Todos,0,AL,,,MEI; EPP; ME,Pessoa Jurídica,8a24260e-3092-3890-89a9-6883df186517
10325,Empreendendo na Páscoa,Artigo,Algumas dicas para aproveitar a páscoa e dar uma alavancada nas vendas do seu serviço ou produto,https://bibliotecas.sebrae.com.br/chronus/ARQUIVOS_CHRONUS/CAPAS_ARTIGOS_APP/388/388.jpg,0,"https://www.sebrae.com.br/sites/PortalSebrae/ufs/al/artigos/empreendendo-na-pascoa,963c1bffab237810VgnVCM1000001b00320aRCRD",,,Sim,MEI; EPP; ME,Planejamento,ESTRATÉGIA DE PRODUTO E VENDA,,Comércio varejista de alimentos e bebidas; Comércio varejista - Diversos; Panificação; Serviços de alimentação,1,AL,,,MEI; EPP; ME,Pessoa Jurídica,df4d6a83-0de8-3eeb-90b2-170c7f193fbc
10326,Eventos gastronômicos como estratégia para ampliação de mercado,Artigo,"Os eventos e festivais têm sido uma tendência para o marketing dentro do segmento de alimentação fora do lar, gerando lucro e aprendizado para os empresários.",https://bibliotecas.sebrae.com.br/chronus/ARQUIVOS_CHRONUS/CAPAS_ARTIGOS_APP/391/391.jpg,0,"https://www.sebrae.com.br/sites/PortalSebrae/ufs/al/artigos/eventos-gastronomicos-como-estrategia-para-ampliacao-de-mercado,378c70e968e69810VgnVCM1000001b00320aRCRD",,,Sim,MEI; EPP; ME,Empreendedorismo,DIFERENCIAÇÃO,alimentação fora do lar,Comércio varejista de alimentos e bebidas; Comércio varejista - Diversos; Panificação; Serviços de alimentação,0,AL,,,MEI; EPP; ME,Pessoa Jurídica,01bfac4e-8831-3f89-8af3-a45bbfaf2549
10327,Gatilhos mentais: 6 dicas que podem aumentar as vendas,Artigo,"Despertar a atenção do cliente é fundamental para conseguir boas vendas, inclusive no ambiente digital.",,0,"https://www.sebrae.com.br/sites/PortalSebrae/ufs/al/artigos/gatilhos-mentais-6-dicas-que-podem-aumentar-as-vendas,36bc0fd17ef41710VgnVCM1000004c00210aRCRD",,,Sim,Todos,Mercado e Vendas,NEGÓCIOS DIGITAIS,whatsapp; vendas; instagram; estratégia; gatilho; Marketing,Todos,0,AL,,,Todos,Pessoa Física; Pessoa Jurídica,a73cd181-a09c-3b21-a674-0d5b766b2246
10328,Gestão de qualidade é a chave para ganhar mais mercado.,Artigo,"Com o Sebrae, sua empresa é direcionada rumo à qualidade que o cliente espera.",https://bibliotecas.sebrae.com.br/chronus/ARQUIVOS_CHRONUS/CAPAS_ARTIGOS_APP/394/394.jpg,0,"https://www.sebrae.com.br/sites/PortalSebrae/ufs/al/artigos/gestao-de-qualidade-e-a-chave-para-ganhar-mais-mercado,4d3fb5e8a2557910VgnVCM1000001b00320aRCRD",,,Sim,MEI; EPP; ME,Empreendedorismo,GESTÃO,ISO; qualidade; indústria,Todos,0,AL,,,MEI; EPP; ME,Pessoa Jurídica,e73ccbce-db15-3c13-8fee-f18b0646dca1
10329,Missão Empresarial: leve sua empresa além das fronteiras,Artigo,"Expandir mercados, fazer novas parcerias e conhecer as últimas tendências do seu setor é possível — e o Sebrae pode ajudar você a chegar lá!",https://bibliotecas.sebrae.com.br/chronus/ARQUIVOS_CHRONUS/CAPAS_ARTIGOS_APP/398/398.jpg,0,"https://www.sebrae.com.br/sites/PortalSebrae/ufs/al/artigos/missao-empresarial-leve-sua-empresa-alem-das-fronteiras,2dc2ac7aca5b6910VgnVCM1000001b00320aRCRD",,,Sim,MEI; ME,Empreendedorismo,COMPORTAMENTO EMPREENDEDOR,,Todos,0,AL,,,MEI; ME,Pessoa Jurídica,8df4b9b9-77a4-35c5-aaa8-56ba1da63693
10330,Modelo de negócio x modelo de receita: entenda a diferença,Artigo,"Embora sejam muito confundidos, os dois modelos são independentes e peculiares, mas complementares.",,0,"https://www.sebrae.com.br/sites/PortalSebrae/ufs/al/artigos/modelo-de-negocio-x-modelo-de-receita-entenda-a-diferenca,cce5e0f766b88810VgnVCM1000001b00320aRCRD",,,Sim,MEI; PF,Empreendedorismo,PLANO DE NEGÓCIOS,Modelo de negócio; estratégia,Todos,0,AL,,,MEI; PF,Pessoa Física; Pessoa Jurídica,578badfb-abd2-39d3-bc8b-ed833a34c99d
10331,Mudanças de hábito para melhorar a gestão da sua empresa,Artigo,"Mudar hábitos é necessário progredir com a gestão de toda e qualquer empresa, se a forma de gestão não está dando resultados, talvez seja a hora de mudar.",,0,"https://www.sebrae.com.br/sites/PortalSebrae/ufs/al/artigos/mudancas-de-habito-para-melhorar-a-gestao-da-sua-empresa,2f6b68b8edbee610VgnVCM1000004c00210aRCRD",,,Sim,Todos,Mercado e Vendas,MARKETING,empreendedorismo; empresário; gestão; hábito; negócio; mude; empresa; sucesso; mudança; inovação,Todos,0,AL,,,Todos,Pessoa Física; Pessoa Jurídica,db492130-21cd-362b-9d80-ba64d9e50317
10332,Nova Lei de Licitações -  conheça as principais mudanças,Artigo,Conheça os principais impactos e mudanças da Nova Lei de Licitações para os Pequenos Negócios e para a Administração Pública,https://bibliotecas.sebrae.com.br/chronus/ARQUIVOS_CHRONUS/CAPAS_ARTIGOS_APP/401/401.png,0,"https://www.sebrae.com.br/sites/PortalSebrae/ufs/al/artigos/nova-lei-de-licitacoes-conheca-as-principais-mudancas,f566866f6448c710VgnVCM100000d701210aRCRD",,,Sim,MEI; EPP; ME,Leis,POLÍTICAS PÚBLICAS,Lei; Licitação; Venda; Negócio; Empreendedorismo; Governo,Todos,0,AL,,,MEI; EPP; ME,Pessoa Jurídica,4d049152-0214-3bc1-8331-24d1c7c1345d
10333,O que acontece se ultrapassar o limite MEI?,Artigo,Entenda o que acontece se você ultrapassar o valor de R$ 81 mil do faturamento MEI.,https://bibliotecas.sebrae.com.br/chronus/ARQUIVOS_CHRONUS/CAPAS_ARTIGOS_APP/404/404.jpg,0,"https://www.sebrae.com.br/sites/PortalSebrae/ufs/al/artigos/o-que-acontece-se-ultrapassar-o-limite-mei,c4bfffe667039810VgnVCM1000001b00320aRCRD",,,Sim,MEI,Finanças,CONTROLE FINANCEIRO,Finanças; MEI; faturamento; Empreendedorismo,Todos,0,AL,,,MEI,Pessoa Jurídica,de2d3d27-46fa-368e-817d-97b7ec8d91b1
10334,O que você precisa saber se tem uma ME ou EPP?,Artigo,Se você tem uma ME ou EPP é importante estar atento aos deveres e obrigações das categorias.,https://bibliotecas.sebrae.com.br/chronus/ARQUIVOS_CHRONUS/CAPAS_ARTIGOS_APP/405/405.jpg,0,"https://www.sebrae.com.br/sites/PortalSebrae/ufs/al/artigos/o-que-voce-precisa-saber-se-tem-uma-me-ou-epp,3aaa81bfd846d810VgnVCM1000001b00320aRCRD",,,Sim,EPP; ME,Leis,DEVERES E OBRIGAÇÕES,empreendedorismo; EPP; negócio; ME; empresa,Todos,0,AL,,,EPP; ME,Pessoa Jurídica,30f5fd94-85f8-311f-97ee-476a437ec977
10335,Por que definir uma cultura organizacional para sua empresa?,Artigo,A cultura organizacional norteia a atuação interna da empresa proporcionado resultados externos e internos para a organização.,https://bibliotecas.sebrae.com.br/chronus/ARQUIVOS_CHRONUS/CAPAS_ARTIGOS_APP/407/407.jpg,0,"https://www.sebrae.com.br/sites/PortalSebrae/ufs/al/artigos/por-que-definir-uma-cultura-organizacional-para-sua-empresa,82a065a9b6768810VgnVCM1000001b00320aRCRD",,,Sim,MEI; EPP; ME,Pessoas,CLIMA ORGANIZACIONAL,gestão; cultura organizacional,Todos,0,AL,,,MEI; EPP; ME,Pessoa Jurídica,83d4eda6-deed-323b-9d55-e0ef04895642
10336,Por que é importante ter um time diverso?,Artigo,A diversidade no ambiente de trabalho é essencial para uma empresa ser bem-informada e menos propensa aos erros.,https://bibliotecas.sebrae.com.br/chronus/ARQUIVOS_CHRONUS/CAPAS_ARTIGOS_APP/408/408.jpg,0,"https://www.sebrae.com.br/sites/PortalSebrae/ufs/al/artigos/por-que-e-importante-ter-um-time-diverso,a03573b9fb008810VgnVCM1000001b00320aRCRD",,,Sim,MEI; EPP; ME,Pessoas,RECRUTAMENTO DE PESSOAL,diversidade; gestão de pessoas; pluralidade; recursos humanos,Todos,0,AL,,,MEI; EPP; ME,Pessoa Jurídica,14a74637-f666-3289-833c-504f52eeacdc
10337,Por que fazer um planejamento de vendas?,Artigo,"Definir onde quer chegar é crucial para acompanhar o volume das vendas de um negócio, para isso é preciso um bom planejamento",https://bibliotecas.sebrae.com.br/chronus/ARQUIVOS_CHRONUS/CAPAS_ARTIGOS_APP/409/409.jpg,0,"https://www.sebrae.com.br/sites/PortalSebrae/ufs/al/artigos/por-que-fazer-um-planejamento-de-vendas,73182935db419710VgnVCM100000d701210aRCRD",,,Sim,MEI; ME,Mercado e Vendas,VENDA,atendimento ao cliente; estratégia de produto e venda,Todos,0,AL,,,MEI; ME,Pessoa Jurídica,26463400-55f5-3ce2-b84f-bfe63379a574
10338,Quais são as características de um empreendedor de sucesso?,Artigo,Algumas características são essenciais para que o empreendedor consiga trilhar um caminho de sucesso.,https://bibliotecas.sebrae.com.br/chronus/ARQUIVOS_CHRONUS/CAPAS_ARTIGOS_APP/413/413.jpg,0,"https://www.sebrae.com.br/sites/PortalSebrae/ufs/al/artigos/quais-sao-as-caracteristicas-de-um-empreendedor-de-sucesso,94e843bba6629810VgnVCM1000001b00320aRCRD",,,Sim,MEI; ME,Empreendedorismo,ATITUDE EMPREENDEDORA,gestão; sucesso,Todos,0,AL,,,MEI; ME,Pessoa Jurídica,eab67f86-00c9-3177-9452-c424fa8b920d
10339,Quer abrir um negócio? Confira o que você precisa,Artigo,"Desejo de empreender é um dos primeiros passos para abrir um negócio, aqui você pode conferir quais outros pontos são necessários para a validação.",https://bibliotecas.sebrae.com.br/chronus/ARQUIVOS_CHRONUS/CAPAS_ARTIGOS_APP/414/414.jpg,0,"https://www.sebrae.com.br/sites/PortalSebrae/ufs/al/artigos/quer-abrir-um-negocio-confira-o-que-voce-precisa,384a358b02f6f710VgnVCM100000d701210aRCRD",,,Sim,PF,Empreendedorismo,EMPREENDEDOR,Empresa; EPP; Inovação; ME; Serviços; Abertura de empresa; Empreendedorismo; Negócios; Micro empresa; Porte,Todos,0,AL,,,PF,Pessoa Física,b6140620-b2ea-3528-8776-421b72df3ad9
10340,Reforma Tributária: entenda como ela afeta o seu negócio,Artigo,"Fique por dentro das mudanças que podem afetar seu negócio, mesmo no Simples Nacional.",https://bibliotecas.sebrae.com.br/chronus/ARQUIVOS_CHRONUS/CAPAS_ARTIGOS_APP/415/415.jpg,0,"https://www.sebrae.com.br/sites/PortalSebrae/ufs/al/artigos/reforma-tributaria-entenda-como-ela-afeta-o-seu-negocio,aeec64c98e588910VgnVCM1000001b00320aRCRD",,,Sim,MEI; EPP; ME,Leis,LEGISLAÇÃO,,Todos,0,AL,,,MEI; EPP; ME,Pessoa Jurídica,92d7af06-d084-3913-acfa-b86164bceb40
10341,Saiba como a previsão de demanda vai fazer sua empresa decolar,Artigo,"Estar preparado para todas as ocasiões do ano é essencial para manter o bom funcionamento do negócio, a isso se dá o nome de projeção de demanda.",https://bibliotecas.sebrae.com.br/chronus/ARQUIVOS_CHRONUS/CAPAS_ARTIGOS_APP/416/416.jpg,0,"https://www.sebrae.com.br/sites/PortalSebrae/ufs/al/artigos/saiba-como-a-previsao-de-demanda-vai-fazer-sua-empresa-decolar,3f940d596072a810VgnVCM1000001b00320aRCRD",,,Sim,MEI; EPP; ME,Planejamento,PLANEJAMENTO ESTRATÉGICO,planejamento,Todos,0,AL,,,MEI; EPP; ME,Pessoa Jurídica,0ace7d1f-e65f-3ce6-9463-9056045d3fb9
10342,Saiba como aumentar o nível da conta GOV.BR e quais os benefícios,Artigo,"A conta gov.br veio para facilitar o acesso dos cidadãos aos serviços digitais do governo, entenda como subir de nível e ter acesso a mais vantagens.",,0,"https://www.sebrae.com.br/sites/PortalSebrae/ufs/al/artigos/saiba-como-aumentar-o-nivel-da-conta-govbr-e-quais-os-beneficios,86832def4084b810VgnVCM1000001b00320aRCRD",,,Sim,MEI; EPP; ME,Empreendedorismo,EMPREENDEDOR,empreendedor; conta gov,Todos,0,AL,,,MEI; EPP; ME,Pessoa Jurídica,b9cc47bf-f423-313c-94bd-07bf0cbb4a58
10343,Saiba como vender mais no Dia dos Namorados,Artigo,"O Dia dos Namorados é a terceira data mais rentável do ano, por isso você precisa estar preparado para alavancar as vendas no período.",,0,"https://www.sebrae.com.br/sites/PortalSebrae/ufs/al/artigos/saiba-como-vender-mais-no-dia-dos-namorados,495c8aaf90198810VgnVCM1000001b00320aRCRD",,,Sim,MEI; EPP; ME,Mercado e Vendas,DEMANDA DE CONSUMO,estratégia de produto e venda; experiência do cliente,Todos,1,AL,,,MEI; EPP; ME,Pessoa Jurídica,1723abee-6559-3062-8613-48566b635aec
10344,Saiba mais sobre o mercado pet,Artigo,"Um dos mercados mais promissores do país, ganha força com novas tendências para atender às exigências dos consumidores",https://bibliotecas.sebrae.com.br/chronus/ARQUIVOS_CHRONUS/CAPAS_ARTIGOS_APP/421/421.jpg,0,"https://www.sebrae.com.br/sites/PortalSebrae/ufs/al/artigos/saiba-mais-sobre-o-mercado-pet,491716ba3f862810VgnVCM100000d701210aRCRD",,,Sim,MEI; ME,Mercado e Vendas,VENDA,Tendencias de Mercado; Veterinarios; Caderno de Tendencias; Pet Shop; Empreendedorismo,Pet,0,AL,,,MEI; ME,Pessoa Jurídica,00e9ac68-035a-3825-a8c7-883e6430b3ac
10345,Sebrae na sua empresa/AL: atendimento sob medida para seu negócio,Artigo,"Por meio do projeto Sebrae na Sua Empresa, levamos atendimento presencial até o empreendedor, direto no local onde o negócio acontece.",,0,"https://www.sebrae.com.br/sites/PortalSebrae/ufs/al/artigos/sebrae-na-sua-empresaal-atendimento-sob-medida-para-seu-negocio,fb82041345af7910VgnVCM1000001b00320aRCRD",,,Sim,MEI; EPP; ME,Empreendedorismo,DESENVOLVIMENTO ECONÔMICO,Empresa; diagnóstico; atendimento,Todos,0,AL,,,MEI; EPP; ME,Pessoa Jurídica,ee08ca69-6a27-3cdf-91cb-5661e3ee732d
10346,Será que MEI precisa de Inscrição Estadual?,Artigo,"Com a formalização, os MEI's precisam estar atentos a algumas obrigações, para alguns, é necessário fazer a Inscrição Estadual.",https://bibliotecas.sebrae.com.br/chronus/ARQUIVOS_CHRONUS/CAPAS_ARTIGOS_APP/424/424.jpg,0,"https://www.sebrae.com.br/sites/PortalSebrae/ufs/al/artigos/sera-que-mei-precisa-de-inscricao-estadual,e8fb50aa423ce810VgnVCM1000001b00320aRCRD",,,Sim,MEI,Leis,MICROEMPREENDEDOR INDIVIDUAL,leis; obrigações; microempreendedor,Todos,0,AL,,,MEI,Pessoa Jurídica,cb9c96a9-97e5-3553-9e6d-343519ff9602
10347,Utilize o WhatsApp a favor do seu negócio,Artigo,"Aprenda como utilizar o WhatsApp para otimizar o tempo, aumentar a produtividade e vender mais",https://bibliotecas.sebrae.com.br/chronus/ARQUIVOS_CHRONUS/CAPAS_ARTIGOS_APP/427/427.jpg,0,"https://www.sebrae.com.br/sites/PortalSebrae/ufs/al/artigos/utilize-o-whatsapp-a-favor-do-seu-negocio,9b0a37a267747810VgnVCM1000001b00320aRCRD",,,Sim,MEI; EPP; ME,Mercado e Vendas,AMBIENTE DE VENDA,venda on-line; mídias sociais,Todos,0,AL,,,MEI; EPP; ME,Pessoa Jurídica,9c74c22f-6fd7-3a09-8c48-3ecc9dff5e07
10348,Veja o que você precisa saber antes de abrir um MEI,Artigo,Antes de abrir o MEI você precisa saber dessas condições para não ser surpreendido negativamente.,https://bibliotecas.sebrae.com.br/chronus/ARQUIVOS_CHRONUS/CAPAS_ARTIGOS_APP/429/429.jpg,0,"https://www.sebrae.com.br/sites/PortalSebrae/ufs/al/artigos/veja-o-que-voce-precisa-saber-antes-de-abrir-um-mei,688c519334459810VgnVCM1000001b00320aRCRD",,,Sim,PF,Empreendedorismo,FORMALIZAÇÃO,MEI,Todos,0,AL,,,PF,Pessoa Física,9509ec46-fb6d-3fcb-b056-f7373fd96c38
10349,Você conhece o Avança+ Indústria?,Artigo,É um projeto que visa aumentar a produtividade e gerar mais competitividade para a sua indústria,,0,"https://www.sebrae.com.br/sites/PortalSebrae/ufs/al/artigos/voce-conhece-o-avanca-industria,c2f92212d2a3b710VgnVCM100000d701210aRCRD",,,Sim,MEI; EPP; ME,Inovação,CAPACITAÇÃO PARA INOVAÇÃO,empreendedorismo; gestão; negócio; indústria; capacitação; inovação,Indústria - Diversos,0,AL,,,MEI; EPP; ME,Pessoa Jurídica,9542dadc-f93e-3073-baeb-2a06ab0fc7c3
10350,5 perguntas para entender a importância da jornada do cliente,Artigo,"Sem mapear a jornada do cliente, o marketing de conteúdo é uma estratégia bem menos eficiente e desfocada. Entenda.",https://bibliotecas.sebrae.com.br/chronus/ARQUIVOS_CHRONUS/CAPAS_ARTIGOS_APP/436/436.png,0,"https://www.sebrae.com.br/sites/PortalSebrae/ufs/am/artigos/5-perguntas-para-entender-a-importancia-da-jornada-do-cliente,cbef1e0089522910VgnVCM1000001b00320aRCRD",,,Sim,MEI; EPP; ME,Mercado e Vendas,MARKETING,cliente; Jornada,Todos,0,AM,,,MEI; EPP; ME,Pessoa Jurídica,58aa14a7-dc50-37f9-abde-064a4d1c7089
10351,A embalagem é um investimento no sucesso do seu negócio,Artigo,"Em um mercado cheio de produtos similares, a embalagem é o diferencial que faz com que o seu produto se destaque da concorrência.",https://bibliotecas.sebrae.com.br/chronus/ARQUIVOS_CHRONUS/CAPAS_ARTIGOS_APP/440/440.jpg,0,"https://www.sebrae.com.br/sites/PortalSebrae/ufs/am/artigos/a-embalagem-e-um-investimento-no-sucesso-do-seu-negocio,89bb5ee1f32ee810VgnVCM1000001b00320aRCRD",,,Sim,MEI; EPP; ME,Inovação,EMBALAGEM,embalagem; desing de embalagem; inovação,Todos,0,AM,,,MEI; EPP; ME,Pessoa Jurídica,e48ebbfd-eeaa-3584-844f-2f769943dc77
10352,Aprenda a atrair e fidelizar clientes da sua comunidade,Artigo,"Descubra estratégias eficazes para pequenos negócios conquistarem clientes locais, fortalecendo vínculos e aumentando a visibilidade na própria comunidade.",https://bibliotecas.sebrae.com.br/chronus/ARQUIVOS_CHRONUS/CAPAS_ARTIGOS_APP/442/442.jpg,0,"https://www.sebrae.com.br/sites/PortalSebrae/ufs/am/artigos/aprenda-a-atrair-e-fidelizar-clientes-da-sua-comunidade,9349f1310e672910VgnVCM1000001b00320aRCRD",,,Sim,MEI; ME,Empreendedorismo,ATITUDE EMPREENDEDORA,,Todos,0,AM,,,MEI; ME,Pessoa Jurídica,064026b5-8d5f-37c9-9171-be443f00a795
10353,Aproveite o poder do networking,Artigo,Cultivar uma boa rede de contatos ajuda a desenvolver os negócios e enriquecer sua experiência profissional. Veja como explorar as oportunidades.,https://bibliotecas.sebrae.com.br/chronus/ARQUIVOS_CHRONUS/CAPAS_ARTIGOS_APP/444/444.jpg,0,"https://www.sebrae.com.br/sites/PortalSebrae/ufs/am/artigos/aproveite-o-poder-do-networking,2765fae0275af810VgnVCM1000001b00320aRCRD",,,Sim,MEI; EPP; ME,Cooperação,REDE DE NEGÓCIO,,Todos,0,AM,,,MEI; EPP; ME,Pessoa Jurídica,095b5d0f-1e35-36a7-9e74-516b532df748
10354,As 10 maiores características do empreendedor,Artigo,Não basta apenas gerenciar os negócios – o sucesso empresarial depende muito de comportamento e atitude.,https://bibliotecas.sebrae.com.br/chronus/ARQUIVOS_CHRONUS/CAPAS_ARTIGOS_APP/446/446.png,0,"https://www.sebrae.com.br/sites/PortalSebrae/ufs/am/artigos/as-10-maiores-caracteristicas-do-empreendedor,e7d4d2391f45f710VgnVCM100000d701210aRCRD",,,Sim,MEI; ME,Empreendedorismo,COMPORTAMENTO EMPREENDEDOR,empreendedor; negócios; Empretec; comportamento,Todos,0,AM,,,MEI; ME,Pessoa Jurídica,6970c488-228b-3dba-b353-a59be1895428
10355,As habilidades especiais do empreendedorismo feminino,Artigo,As empresas dirigidas por mulheres são mais saudáveis devido ao hard skills e soft skills femininos. Entenda.,https://bibliotecas.sebrae.com.br/chronus/ARQUIVOS_CHRONUS/CAPAS_ARTIGOS_APP/447/447.jpg,0,"https://www.sebrae.com.br/sites/PortalSebrae/ufs/am/artigos/as-habilidades-especiais-do-empreendedorismo-feminino,b32428a68516e810VgnVCM1000001b00320aRCRD",,,Sim,MEI; ME,Empreendedorismo,ATITUDE EMPREENDEDORA,empreendedorismo; feminino,Todos,0,AM,,,MEI; ME,Pessoa Jurídica,a12521d2-358e-39ea-b7c8-46bfacda71f7
10356,Aumente suas vendas recebendo por cartão de crédito e débito,Artigo,Um guia para o empresário que tem um pequeno negócio aceitar pagamentos de clientes que preferem pagar com cartão de crédito e débito.,https://bibliotecas.sebrae.com.br/chronus/ARQUIVOS_CHRONUS/CAPAS_ARTIGOS_APP/449/449.jpg,0,"https://www.sebrae.com.br/sites/PortalSebrae/ufs/am/artigos/aumente-suas-vendas-recebendo-por-cartao-de-credito-e-debito,63c198b31e6cd810VgnVCM1000001b00320aRCRD",,,Sim,MEI; ME,Mercado e Vendas,VENDA,empreendedorismo; vendas; sebrae,Todos,0,AM,,,MEI; ME,Pessoa Jurídica,5bf72bb7-6b06-3e7e-a0e1-17b75420f1db
10357,Capital de giro para o equilíbrio dos negócios do MEI,Artigo,Entenda melhor o que é capital de giro e saiba calcular os recursos que você precisa para manter o seu negócio lucrativo e longe dos imprevistos.,https://bibliotecas.sebrae.com.br/chronus/ARQUIVOS_CHRONUS/CAPAS_ARTIGOS_APP/452/452.jpg,0,"https://www.sebrae.com.br/sites/PortalSebrae/ufs/am/artigos/capital-de-giro-para-o-equilibrio-dos-negocios-do-mei,316422b90222d810VgnVCM1000001b00320aRCRD",,,Sim,MEI,Finanças,CAPITAL DE GIRO,MEI; finanças; capital de giro,Todos,0,AM,,,MEI,Pessoa Jurídica,a34273f0-aba0-32d2-8ea8-fbfb48e70501
10358,Cashback traz o seu cliente de volta,Artigo,O cashback é ótima estratégia para fidelizar clientes. Os pequenos negócios também podem utilizar o conceito sem contratar plataformas especializadas.,https://bibliotecas.sebrae.com.br/chronus/ARQUIVOS_CHRONUS/CAPAS_ARTIGOS_APP/453/453.jpg,0,"https://www.sebrae.com.br/sites/PortalSebrae/ufs/am/artigos/cashback-traz-o-seu-cliente-de-volta,985a581d984cf810VgnVCM1000001b00320aRCRD",,,Sim,MEI; ME,Empreendedorismo,ATITUDE EMPREENDEDORA,Cashback; Empreendedorismo; estratégia,Todos,0,AM,,,MEI; ME,Pessoa Jurídica,eb5cf2e7-fe84-3f22-9d01-d27816b61503
10359,Chamada para adesão ao programa Cidade Empreendedora,Artigo,"O SEBRAE/AM torna pública a oferta do Programa Cidade Empreendedora 2024, iniciativa destinada a atender municípios do Estado do Amazonas",https://bibliotecas.sebrae.com.br/chronus/ARQUIVOS_CHRONUS/CAPAS_ARTIGOS_APP/455/455.png,0,"https://www.sebrae.com.br/sites/PortalSebrae/ufs/am/artigos/chamada-para-adesao-ao-programa-cidade-empreendedora,cf52affab27fb810VgnVCM1000001b00320aRCRD",,,Sim,MEI; ME,Empreendedorismo,ATITUDE EMPREENDEDORA,empreendedorismo; Cidade empreendedora,Todos,0,AM,,,MEI; ME,Pessoa Jurídica,37bfa78c-57d2-3dfe-91e5-0806c017d556
10360,Como agradar e fidelizar clientes no cenário digital,Artigo,"Fidelizar clientes e fazer com que o seu negócio cresça, requer dedicação e uma compreensão profunda do seu público-alvo.",https://bibliotecas.sebrae.com.br/chronus/ARQUIVOS_CHRONUS/CAPAS_ARTIGOS_APP/457/457.jpg,0,"https://www.sebrae.com.br/sites/PortalSebrae/ufs/am/artigos/como-agradar-e-fidelizar-clientes-no-cenario-digital,d5e09cafbc363910VgnVCM1000001b00320aRCRD",,,Sim,MEI,Empreendedorismo,SERVIÇO,EMPREENDER; FIDELIZAÇÃO; EXPERIÊNCIA DO CLIENTE; DIGITAL; CLIENTE,Todos,0,AM,,,MEI,Pessoa Jurídica,4be3fcfa-6f75-3021-9abd-a8f8f8931a8c
10361,Como criar comunidades e ser líder no seu segmento,Artigo,"Construa comunidades em torno do seu negócio para fortalecer sua marca, engajar clientes e tornar-se uma referência no mercado.",https://bibliotecas.sebrae.com.br/chronus/ARQUIVOS_CHRONUS/CAPAS_ARTIGOS_APP/460/460.jpeg,0,"https://www.sebrae.com.br/sites/PortalSebrae/ufs/am/artigos/como-criar-comunidades-e-ser-lider-no-seu-segmento,c1887c4769da4910VgnVCM1000001b00320aRCRD",,,Sim,MEI; ME,Empreendedorismo,ATITUDE EMPREENDEDORA,empreendedorismo; gestão de pessoas; liderança,Todos,0,AM,,,MEI; ME,Pessoa Jurídica,71fb3f2d-0ae0-3826-baf2-92b9aee743f1
10362,Como expandir seu pequeno negócio de forma segura e sustentável,Artigo,Descubra os sinais de que seu negócio está pronto para crescer e os passos práticos para uma expansão segura e sustentável.,https://bibliotecas.sebrae.com.br/chronus/ARQUIVOS_CHRONUS/CAPAS_ARTIGOS_APP/463/463.jpg,0,"https://www.sebrae.com.br/sites/PortalSebrae/ufs/am/artigos/como-expandir-seu-pequeno-negocio-de-forma-segura-e-sustentavel,3ac2988cbd9b2910VgnVCM1000001b00320aRCRD",,,Sim,MEI; ME,Empreendedorismo,ATITUDE EMPREENDEDORA,demanda consistente; Planejamento financeiro; produção; atendimento; sustentável,Todos,0,AM,,,MEI; ME,Pessoa Jurídica,641c4328-5ece-38f1-82f9-50217f8f1bc0
10363,Como fotografar produtos com o celular,Artigo,"Mesmo com um celular simples, você estará pronto para criar fotos profissionais que atraem a atenção dos seus clientes e aumentam as vendas online.",,0,"https://www.sebrae.com.br/sites/PortalSebrae/ufs/am/artigos/como-fotografar-produtos-com-o-celular,ab483447d92fe810VgnVCM1000001b00320aRCRD",,,Sim,Todos,Mercado e Vendas,MARKETING,fotografia,Todos,0,AM,,,Todos,Pessoa Física; Pessoa Jurídica,9c4d2871-0e4e-3f99-9d1b-b79cb2ee9f4f
10364,Como negociar com fornecedores,Artigo,"Pesquise o mercado, tenha estratégia e bom relacionamento. Esteja preparado e obtenha melhores preços e condições.",https://bibliotecas.sebrae.com.br/chronus/ARQUIVOS_CHRONUS/CAPAS_ARTIGOS_APP/466/466.jpg,0,"https://www.sebrae.com.br/sites/PortalSebrae/ufs/am/artigos/como-negociar-com-fornecedores,db18197231b30910VgnVCM1000001b00320aRCRD",,,Sim,MEI; EPP; ME,Mercado e Vendas,FORNECEDOR,,Todos,0,AM,,,MEI; EPP; ME,Pessoa Jurídica,fe42d8c1-93c5-3cd1-b9d2-81a54c238333
10365,Como negociar melhor,Artigo,O empreendedor usa técnicas de negociação o tempo todo. Veja algumas delas e faça bom uso você também.,,0,"https://www.sebrae.com.br/sites/PortalSebrae/ufs/am/artigos/como-negociar-melhor,2dff9b4d4cb51910VgnVCM1000001b00320aRCRD",,,Sim,MEI; EPP; ME,Empreendedorismo,NEGOCIAÇÃO,negócios; Negociar; técnicas,Todos,0,AM,,,MEI; EPP; ME,Pessoa Jurídica,c724555d-00d2-39ad-918d-3a2e3738faf2
10366,Empreendedorismo não tem idade,Artigo,"Por necessidade ou realização pessoal, pessoas mais maduras empreendem nessa fase da vida usando as vantagens da sabedoria e experiência.",https://bibliotecas.sebrae.com.br/chronus/ARQUIVOS_CHRONUS/CAPAS_ARTIGOS_APP/485/485.jpg,0,"https://www.sebrae.com.br/sites/PortalSebrae/ufs/am/artigos/empreendedorismo-nao-tem-idade,35bf09f039d45910VgnVCM1000001b00320aRCRD",,,Sim,MEI; EPP; ME,Empreendedorismo,DIFERENCIAÇÃO,finanças; Empreendedorismo; microempreendedor,Todos,0,AM,,,MEI; EPP; ME,Pessoa Jurídica,ea12883d-ee09-3ffc-82b3-f52c1984bd17
10367,Ferramentas de inteligência artificial para o MEI,Artigo,O MEI tem agora no bolso uma grande opção de ferramentas com soluções que não existiam há poucos anos.,https://bibliotecas.sebrae.com.br/chronus/ARQUIVOS_CHRONUS/CAPAS_ARTIGOS_APP/490/490.jpg,0,"https://www.sebrae.com.br/sites/PortalSebrae/ufs/am/artigos/ferramentas-de-inteligencia-artificial-para-o-mei,3ac0fb8c9e9e0910VgnVCM1000001b00320aRCRD",,,Sim,MEI,Inovação,DIFERENCIAL,MEI; Ferramentas; Inovação; Inteligência Artificial; IA,Todos,0,AM,,,MEI,Pessoa Jurídica,ac03da71-3176-3df9-bddc-e06be85147ef
10368,Gestão de tempo para quem faz tudo sozinho,Artigo,"O segredo não é fazer mais, mas fazer o que importa – com foco, energia e as ferramentas certas. Veja estas sugestões.",https://bibliotecas.sebrae.com.br/chronus/ARQUIVOS_CHRONUS/CAPAS_ARTIGOS_APP/494/494.png,0,"https://www.sebrae.com.br/sites/PortalSebrae/ufs/am/artigos/gestao-de-tempo-para-quem-faz-tudo-sozinho,61438f33ab8d5910VgnVCM1000001b00320aRCRD",,,Sim,MEI; ME,Organização,GESTÃO,,Todos,0,AM,,,MEI; ME,Pessoa Jurídica,ebe1006b-d6de-3834-bbe3-affd4e5f3354
10369,IA nas pequenas empresas: ferramentas inteligentes,Artigo,"IA automatiza tarefas, personaliza vendas e otimiza o marketing. Meta Ads e chatbots podem revolucionar o dia a dia dos pequenos negócios.",https://bibliotecas.sebrae.com.br/chronus/ARQUIVOS_CHRONUS/CAPAS_ARTIGOS_APP/495/495.png,0,"https://www.sebrae.com.br/sites/PortalSebrae/ufs/am/artigos/ia-nas-pequenas-empresas-ferramentas-inteligentes,28d5b840c93d5910VgnVCM1000001b00320aRCRD",,,Sim,MEI; EPP; ME,Inovação,INOVAÇÃO,Inteligência artificial; IA; Eficiência; Automação de tarefas,Todos,0,AM,,,MEI; EPP; ME,Pessoa Jurídica,8f8785b0-8a34-3d79-b540-8775790177ed
10370,Liderança nos pequenos negócios: inspire a sua equipe,Artigo,A liderança do empreendedor motiva e engaja a equipe - e traz melhores resultados para o negócio. Veja como fortalecer a sua.,https://bibliotecas.sebrae.com.br/chronus/ARQUIVOS_CHRONUS/CAPAS_ARTIGOS_APP/497/497.jpg,0,"https://www.sebrae.com.br/sites/PortalSebrae/ufs/am/artigos/lideranca-nos-pequenos-negocios-inspire-a-sua-equipe,85820175eae84910VgnVCM1000001b00320aRCRD",,,Sim,MEI; EPP; ME,Organização,GESTÃO,,Todos,0,AM,,,MEI; EPP; ME,Pessoa Jurídica,00944ac6-3476-345b-b7e9-3ba6fcfca527
10371,Marketing de afiliados remunera produtores de conteúdo,Artigo,Entenda a modalidade de marketing digital onde se cria conteúdo para promover produtos e serviços de terceiros e receber comissão pelas vendas,https://bibliotecas.sebrae.com.br/chronus/ARQUIVOS_CHRONUS/CAPAS_ARTIGOS_APP/498/498.jpg,0,"https://www.sebrae.com.br/sites/PortalSebrae/ufs/am/artigos/marketing-de-afiliados-remunera-produtores-de-conteudo,2e92dd38d334e810VgnVCM1000001b00320aRCRD",,,Sim,MEI; EPP; ME,Mercado e Vendas,MARKETING,,Todos,0,AM,,,MEI; EPP; ME,Pessoa Jurídica,22552b17-7d02-3b7f-ad43-7e5dbe3d6c2a
10372,Marketplace: o que saber antes de começar a vender,Artigo,Vender seu produto em um marketplace pode ser uma ótima estratégia. Mas atenção nesta escolha. Entenda os prós e contras.,https://bibliotecas.sebrae.com.br/chronus/ARQUIVOS_CHRONUS/CAPAS_ARTIGOS_APP/500/500.png,0,"https://www.sebrae.com.br/sites/PortalSebrae/ufs/am/artigos/marketplace-o-que-saber-antes-de-comecar-a-vender,866376e088623910VgnVCM1000001b00320aRCRD",,,Sim,MEI; EPP; ME,Mercado e Vendas,MÉTODO DE VENDA,Marketplace; Vendas; Estratégia; Empreendedor,Todos,0,AM,,,MEI; EPP; ME,Pessoa Jurídica,e80a3232-a3d4-34e0-bb0d-25a98eb6f445
10373,O que acontece quando o MEI excede o faturamento anual,Artigo,"O MEI deve ficar atento ao faturamento anual, pois se exceder o valor limite ele será enquadrado como ME e terá diferentes deveres e direitos.",https://bibliotecas.sebrae.com.br/chronus/ARQUIVOS_CHRONUS/CAPAS_ARTIGOS_APP/502/502.jpg,0,"https://www.sebrae.com.br/sites/PortalSebrae/ufs/am/artigos/o-que-acontece-quando-o-mei-excede-o-faturamento-anual,c49f9cb575886910VgnVCM1000001b00320aRCRD",,,Sim,MEI,Finanças,ATIVIDADE DE RISCO FINANCEIRO,,Todos,0,AM,,,MEI,Pessoa Jurídica,02499f45-5a03-3018-874c-ebd1caef5891
10374,O que é proposta de valor e por que definir a sua,Artigo,Os seus clientes preferem comprar de você e não de um concorrente porque a sua proposta de valor faz sentido para eles. O sucesso de seu negócio está nesta esco,,0,"https://www.sebrae.com.br/sites/PortalSebrae/ufs/am/artigos/o-que-e-proposta-de-valor-e-por-que-definir-a-sua,eba81e831522d810VgnVCM1000001b00320aRCRD",,,Sim,MEI; ME,Empreendedorismo,ATITUDE EMPREENDEDORA,,Todos,0,AM,,,MEI; ME,Pessoa Jurídica,003eddbe-6dcf-3199-b16f-c8f1154beee6
10375,O que você precisa saber sobre internacionalização,Artigo,"Produtos do Amazonas podem alcançar mercados internacionais com pesquisa, adaptação cultural e uso de plataformas globais como caminho para expandir.",https://bibliotecas.sebrae.com.br/chronus/ARQUIVOS_CHRONUS/CAPAS_ARTIGOS_APP/506/506.jpeg,0,"https://www.sebrae.com.br/sites/PortalSebrae/ufs/am/artigos/o-que-voce-precisa-saber-sobre-internacionalizacao,c38b129b6b678910VgnVCM1000001b00320aRCRD",,,Sim,EPP; ME,Empreendedorismo,NEGÓCIO,Amazonas; Internacionalização; Pesquisa; Mercado; Plataformas,Produção florestal; Serviços de apoio à agricultura,0,AM,,,EPP; ME,Pessoa Jurídica,686eb646-6045-3375-bf11-f183eca24e15
10376,Passo a passo para abrir uma empresa,Artigo,Saiba como abrir uma Microempresa (ME) ou Empresa de Pequeno Porte (EPP) no Amazonas. Consulte um contador e legalize o seu negócio.,https://bibliotecas.sebrae.com.br/chronus/ARQUIVOS_CHRONUS/CAPAS_ARTIGOS_APP/510/510.jpg,0,"https://www.sebrae.com.br/sites/PortalSebrae/ufs/am/artigos/passo-a-passo-para-abrir-uma-empresa,3ede77c34a4fd810VgnVCM1000001b00320aRCRD",,,Sim,PF,Empreendedorismo,APRENDIZAGEM,empresa ,Todos,0,AM,,,PF,Pessoa Física,77a652a2-dd06-31cf-81ce-65e41832158f
10377,Prepare-se para a declaração anual do MEI,Artigo,De 2 de janeiro a 31 de maio: não perca o prazo da sua declaração anual de MEI: É fácil: veja como fazer a sua.,https://bibliotecas.sebrae.com.br/chronus/ARQUIVOS_CHRONUS/CAPAS_ARTIGOS_APP/512/512.jpeg,0,"https://www.sebrae.com.br/sites/PortalSebrae/ufs/am/artigos/prepare-se-para-a-declaracao-anual-do-mei,b75aedaca5fd3910VgnVCM1000001b00320aRCRD",,,Sim,MEI,Leis,DEVERES E OBRIGAÇÕES,,Todos,0,AM,,,MEI,Pessoa Jurídica,014d4cb3-2eb2-311a-baf8-82a59771e754
10378,Sucessão familiar em pequenos negócios,Artigo,"Veja como planejar a transição da empresa para os herdeiros, evitando conflitos e assegurando a continuidade.",https://bibliotecas.sebrae.com.br/chronus/ARQUIVOS_CHRONUS/CAPAS_ARTIGOS_APP/517/517.jpg,0,"https://www.sebrae.com.br/sites/PortalSebrae/ufs/am/artigos/sucessao-familiar-em-pequenos-negocios,c9051f8d7c0a6910VgnVCM1000001b00320aRCRD",,,Sim,MEI; EPP; ME,Empreendedorismo,NEGÓCIO,Planejamento; Empreendedorismo; Sucessão Familiar,Todos,0,AM,,,MEI; EPP; ME,Pessoa Jurídica,ac9ee62f-a403-309d-bb79-10d2fe1ad7f3
10379,Vantagens e desafios na gestão das empresas familiares,Artigo,"Boa parte da economia no Brasil está apoiada em empresas familiares, onde a gestão apresenta desafios únicos, com pessoais e profissionais misturados.",https://bibliotecas.sebrae.com.br/chronus/ARQUIVOS_CHRONUS/CAPAS_ARTIGOS_APP/521/521.jpg,0,"https://www.sebrae.com.br/sites/PortalSebrae/ufs/am/artigos/vantagens-e-desafios-na-gestao-das-empresas-familiares,5d776f10703bd810VgnVCM1000001b00320aRCRD",,,Sim,EPP; ME,Empreendedorismo,GESTÃO,gestão; liderança; sebrae; Empreendedorismo,Todos,0,AM,,,EPP; ME,Pessoa Jurídica,21408530-f169-37f8-a1f8-b9598deff8c4
10380,Você conhece o Golden Circle?,Artigo,"É um modelo conceitual simples e poderoso, criado para levar o seu negócio a escolhas muito mais assertivas.",,0,"https://www.sebrae.com.br/sites/PortalSebrae/ufs/am/artigos/voce-conhece-o-golden-circle,c29510c35524e810VgnVCM1000001b00320aRCRD",,,Sim,MEI; EPP; ME,Empreendedorismo,APRENDIZAGEM,Golden Circle,Todos,0,AM,,,MEI; EPP; ME,Pessoa Jurídica,0e08cb62-38ad-3cbf-9674-503b0deb56ee
10381,03 formas diferentes de obter informações em uma entrevista de emprego,Artigo,Aprenda estratégias para obter informações dos candidatos à vaga de emprego ofertada pela sua empresa e como consegui-las.,https://bibliotecas.sebrae.com.br/chronus/ARQUIVOS_CHRONUS/CAPAS_ARTIGOS_APP/529/529.png,0,"https://www.sebrae.com.br/sites/PortalSebrae/ufs/ap/artigos/03-formas-diferentes-de-obter-informacoes-em-uma-entrevista-de-emprego,5e551984f843f510VgnVCM1000004c00210aRCRD",,,Sim,Todos,Pessoas,ENTREVISTA DE RH,,Todos,0,AP,,,Todos,Pessoa Física; Pessoa Jurídica,544a3353-8844-3c77-9f45-3fe0057e17ff
10382,4 benefícios de uma consultoria digital para o seu negócio,Artigo,Veja 4 benefícios que uma consultoria digital pode gerar para seu negócio e a melhoraria dela na sua estratégia de marketing.,https://bibliotecas.sebrae.com.br/chronus/ARQUIVOS_CHRONUS/CAPAS_ARTIGOS_APP/530/530.png,0,"https://www.sebrae.com.br/sites/PortalSebrae/ufs/ap/artigos/4-beneficios-de-uma-consultoria-digital-para-o-seu-negocio,6c41c51b14713610VgnVCM1000004c00210aRCRD",,,Sim,MEI; EPP; ME,Empreendedorismo,DIFERENCIAÇÃO,4 benefícios de uma consultoria digital para o seu negócio,Todos,0,AP,,,MEI; EPP; ME,Pessoa Jurídica,ce7e920d-4770-30f3-b2fc-872b092b7465
10383,4 dicas para otimizar o tempo no trabalho,Artigo,"O empreendedor saber aproveitar bem o tempo é um grande diferencial competitivo para o sucesso, então veja 4 dicas  para ter o sucesso da empresa.",https://bibliotecas.sebrae.com.br/chronus/ARQUIVOS_CHRONUS/CAPAS_ARTIGOS_APP/531/531.png,0,"https://www.sebrae.com.br/sites/PortalSebrae/ufs/ap/artigos/4-dicas-para-otimizar-o-tempo-no-trabalho,d412c51b14713610VgnVCM1000004c00210aRCRD",,,Sim,MEI; EPP; ME,Planejamento,SOBREVIVÊNCIA,Otimizar. Tempo. Trabalho.,Todos,0,AP,,,MEI; EPP; ME,Pessoa Jurídica,57153f5a-337f-3320-824b-a0dc046922fe
10384,5 ideias de negócio para mães,Artigo,É mãe e sonha em ter o seu próprio negócio? Conheça as dicas e alternativas de empreendimentos que podem ser conciliados com a maternidade.,https://bibliotecas.sebrae.com.br/chronus/ARQUIVOS_CHRONUS/CAPAS_ARTIGOS_APP/532/532.png,0,"https://www.sebrae.com.br/sites/PortalSebrae/ufs/ap/artigos/5-ideias-de-negocio-para-maes,083b91b055e6f510VgnVCM1000004c00210aRCRD",,,Sim,PF,Empreendedorismo,IDEIA DE NEGÓCIO,,Todos,0,AP,,,PF,Pessoa Física,4530110a-4e15-3614-a540-ac0451e26be0
10385,5 passos para identificar cliente insatisfeito e reconquistá-los,Artigo,Confira cinco dicas que podem ajudar sua empresa a satisfazer seus clientes e manter seu negócio nos trilhos do crescimento.,https://bibliotecas.sebrae.com.br/chronus/ARQUIVOS_CHRONUS/CAPAS_ARTIGOS_APP/533/533.png,0,"https://www.sebrae.com.br/sites/PortalSebrae/ufs/ap/artigos/5-passos-para-identificar-cliente-insatisfeito-e-reconquista-los,a0818178de8c5610VgnVCM1000004c00210aRCRD",,,Sim,MEI; EPP; ME,Mercado e Vendas,CONSUMO,5 passos para identificar cliente insatisfeito e reconquistá-los,Todos,0,AP,,,MEI; EPP; ME,Pessoa Jurídica,636b0262-8230-31e9-95d6-335b178d6a97
10386,6 dicas para escolher a melhor divulgação para sua empresa,Artigo,"Dicas para você divulgar sua empresa, aumentar as chances de novos negócios e alavancar as vendas!",https://bibliotecas.sebrae.com.br/chronus/ARQUIVOS_CHRONUS/CAPAS_ARTIGOS_APP/534/534.png,0,"https://www.sebrae.com.br/sites/PortalSebrae/ufs/ap/artigos/6-dicas-para-escolher-a-melhor-divulgacao-para-sua-empresa,b9b9c9bc81fce510VgnVCM1000004c00210aRCRD",,,Sim,MEI; ME,Mercado e Vendas,VENDA,divulgar; negócio; vendas; empresa,Todos,0,AP,,,MEI; ME,Pessoa Jurídica,85781d25-574c-3573-8837-988b823f8d35
10387,6 Passos para trabalhar com carrinho de Açaí,Artigo,Veja como trabalhar com carrinho de Açaí pode te levar ao sucesso.,https://bibliotecas.sebrae.com.br/chronus/ARQUIVOS_CHRONUS/CAPAS_ARTIGOS_APP/535/535.png,0,"https://www.sebrae.com.br/sites/PortalSebrae/ufs/ap/artigos/6-passos-para-trabalhar-com-carrinho-de-acai,235cc9bc81fce510VgnVCM1000004c00210aRCRD",,,Sim,MEI,Empreendedorismo,OPORTUNIDADE DE NEGÓCIO,6 Passos para trabalhar com carrinho de Açaí,Comércio atacadista rural; Comércio varejista de alimentos e bebidas; Comércio varejista - Diversos; Panificação; Fruticultura; Serviços de alimentação; Fruticultura; Horticultura,0,AP,,,MEI,Pessoa Jurídica,43a4983e-197b-31fd-bd86-3876a13b3461
10388,7 dicas úteis para montar uma oficina mecânica,Artigo,Atuar no mercado automotivo pode ser a sua grande oportunidade de negócio.,https://bibliotecas.sebrae.com.br/chronus/ARQUIVOS_CHRONUS/CAPAS_ARTIGOS_APP/536/536.png,0,"https://www.sebrae.com.br/sites/PortalSebrae/ufs/ap/artigos/7-dicas-de-como-montar-uma-oficina-mecanica,afeac9bc81fce510VgnVCM1000004c00210aRCRD",,,Sim,MEI; EPP; ME,Planejamento,MODELO DO NEGÓCIO,7 Dicas de como montar uma oficina mecânica.,Serviços automotivos,0,AP,,,MEI; EPP; ME,Pessoa Jurídica,14d1d611-3e7d-317f-a1e3-e96418a2dcc7
10389,A Decisão de Exportar e a Elaboração do Projeto de Internacionalização,Artigo,A decisão pela internacionalização deve compreender as dificuldades do processo de “exposição” da empresa ao mercado internacional e usas exigências.,https://bibliotecas.sebrae.com.br/chronus/ARQUIVOS_CHRONUS/CAPAS_ARTIGOS_APP/537/537.jpg,0,"https://www.sebrae.com.br/sites/PortalSebrae/ufs/ap/artigos/a-decisao-de-exportar-e-a-elaboracao-do-projeto-de-internacionalizacao,d43d10f0fc10f510VgnVCM1000004c00210aRCRD",,,Sim,EPP; ME,Empreendedorismo,INTERNACIONALIZAÇÃO,,Todos,0,AP,,,EPP; ME,Pessoa Jurídica,4a26b7ad-2d06-3ac6-a2a5-b6619a95a616
10390,A importância do contrato de franquias,Artigo,Saiba porque é importante estar atento e ciente dos itens do contrato e quais cuidados devem ser tomados.,https://bibliotecas.sebrae.com.br/chronus/ARQUIVOS_CHRONUS/CAPAS_ARTIGOS_APP/538/538.png,0,"https://www.sebrae.com.br/sites/PortalSebrae/ufs/ap/artigos/a-importancia-do-contrato-de-franquias,7ea1b319e3070610VgnVCM1000004c00210aRCRD",,,Sim,MEI; EPP,Leis,DEVERES E OBRIGAÇÕES,A importância do contrato de franquias,Todos,0,AP,,,MEI; EPP,Pessoa Jurídica,a9872976-b9a8-3db7-9f13-c561a647f95d
10391,A Importância do Registro de Marca para os Pequenos Negócios,Artigo,A utilização da marca como diferencial de competitividade precisa se objeto e decisão de registro e proteção.,https://bibliotecas.sebrae.com.br/chronus/ARQUIVOS_CHRONUS/CAPAS_ARTIGOS_APP/540/540.png,0,"https://www.sebrae.com.br/sites/PortalSebrae/ufs/ap/artigos/a-importancia-do-registro-de-marca-para-os-pequenos-negocios,956e517d36bcf510VgnVCM1000004c00210aRCRD",,,Sim,MEI; EPP; ME,Organização,CERTIFICAÇÃO,,Todos,0,AP,,,MEI; EPP; ME,Pessoa Jurídica,bca3669d-c0d9-3574-985c-823b7e82453b
10392,A influência da carga tributária nos preços de venda,Artigo,Saiba do que se trata este tipo de imposto e como ele altera o valor final do seu serviço ou produto.,https://bibliotecas.sebrae.com.br/chronus/ARQUIVOS_CHRONUS/CAPAS_ARTIGOS_APP/541/541.png,0,"https://www.sebrae.com.br/sites/PortalSebrae/ufs/ap/artigos/a-influencia-da-carga-tributaria-nos-precos-de-venda,af6ec39e167eb410VgnVCM1000003b74010aRCRD",,,Sim,MEI; EPP; ME,Finanças,IMPOSTOS,carga tributária nos preços de venda,Serviços automotivos,0,AP,,,MEI; EPP; ME,Pessoa Jurídica,30da04e6-de26-310b-adc4-25486d920043
10393,Ambiente inovador: oportunidade de melhoria e competitividade para MPE,Artigo,Uma estratégia voltada para inovação torna possível a percepção de oportunidades no mercado que nunca eram vistas por nenhuma outra empresa.,https://bibliotecas.sebrae.com.br/chronus/ARQUIVOS_CHRONUS/CAPAS_ARTIGOS_APP/542/542.png,0,"https://www.sebrae.com.br/sites/PortalSebrae/ufs/ap/artigos/ambiente-inovador-oportunidade-de-melhoria-e-competitividade-para-mpe,5ecbe4ecfa6f0610VgnVCM1000004c00210aRCRD",,,Sim,MEI; EPP; ME,Inovação,INICIATIVA SUSTENTÁVEL,Oportunidade; Especialização; Competitividade; Inovação; Estratégia,Todos,0,AP,,,MEI; EPP; ME,Pessoa Jurídica,574e1476-d122-3a0a-9dfe-e414a3491ab0
10394,Aprenda a fazer a avaliação financeira de sua microfranquia,Artigo,Conheça os principais itens que você deve considerar na vida financeira de sua microfranquia na hora de decidir a entrada para o negócio.,https://bibliotecas.sebrae.com.br/chronus/ARQUIVOS_CHRONUS/CAPAS_ARTIGOS_APP/543/543.png,0,"https://www.sebrae.com.br/sites/PortalSebrae/ufs/ap/artigos/aprenda-a-fazer-a-avaliacao-financeira-de-sua-microfranquia,ef2fb319e3070610VgnVCM1000004c00210aRCRD",,,Sim,MEI; EPP; ME,Finanças,CONTROLE FINANCEIRO,,Todos,0,AP,,,MEI; EPP; ME,Pessoa Jurídica,b088b042-c5c3-30df-963c-12f1b607cae3
10395,Aprenda as melhores estratégias para recrutar colaboradores,Artigo,Utilize essas três estratégias e aprenda a recrutar os melhores profissionais do mercado.,https://bibliotecas.sebrae.com.br/chronus/ARQUIVOS_CHRONUS/CAPAS_ARTIGOS_APP/544/544.png,0,"https://www.sebrae.com.br/sites/PortalSebrae/ufs/ap/artigos/aprenda-as-melhores-estrategias-para-recrutar-colaboradores,a2e6ad026673f510VgnVCM1000004c00210aRCRD",,,Sim,MEI; EPP; ME,Pessoas,RECRUTAMENTO DE PESSOAL,Recrutamento; Seleção,Todos,0,AP,,,MEI; EPP; ME,Pessoa Jurídica,a6cc0dd5-8bc3-3f1f-b7cb-73314f3f9e9f
10396,Arranjo produtivo local na fruticultura do açaí,Artigo,Fatores críticos envolvidos nas dinâmicas do Arranjo produtivo local na fruticultura do açaí.,https://bibliotecas.sebrae.com.br/chronus/ARQUIVOS_CHRONUS/CAPAS_ARTIGOS_APP/546/546.png,0,"https://www.sebrae.com.br/sites/PortalSebrae/ufs/ap/artigos/arranjo-produtivo-local-na-fruticultura-do-acai,881bdd52aa611510VgnVCM2000004d00210aRCRD",,,Sim,MEI; EPP; ME,Cooperação,ARRANJO PRODUTIVO LOCAL,,Fruticultura,0,AP,,,MEI; EPP; ME,Pessoa Jurídica,89c5593b-52ca-384b-b9ee-16185436be8a
10397,Aumente o desempenho da sua empresa: motivando por meio da comunicação,Artigo,Saiba como a comunicação tem grande importância em sua liderança e como ela ajuda no relacionamento com seus colaboradores em sua empresa.,https://bibliotecas.sebrae.com.br/chronus/ARQUIVOS_CHRONUS/CAPAS_ARTIGOS_APP/547/547.png,0,"https://www.sebrae.com.br/sites/PortalSebrae/ufs/ap/artigos/aumente-o-desempenho-da-sua-empresa-motivando-por-meio-da-comunicacao,9738a36382b3f510VgnVCM1000004c00210aRCRD",,,Sim,MEI; EPP; ME,Pessoas,COMUNICAÇÃO INTERNA,,Todos,0,AP,,,MEI; EPP; ME,Pessoa Jurídica,6961f2db-7b65-3ffb-8e5f-3a5a0445854e
10398,Avalie a solução para o problema de sua empresa,Artigo,Dicas para resolver problemas na sua empresa e como aproveitar a criatividade dos colaboradores para encontrar soluções.,https://bibliotecas.sebrae.com.br/chronus/ARQUIVOS_CHRONUS/CAPAS_ARTIGOS_APP/548/548.png,0,"https://www.sebrae.com.br/sites/PortalSebrae/ufs/ap/artigos/avalie-a-solucao-para-o-problema-de-sua-empresa,5cb9c51b14713610VgnVCM1000004c00210aRCRD",,,Sim,MEI; ME,Planejamento,PLANEJAMENTO ESTRATÉGICO,Solução. Problema. Dicas,Todos,0,AP,,,MEI; ME,Pessoa Jurídica,c00a1d78-ba54-3995-af80-a733dcfc9a7e
10399,Benefícios do marketing digital para as redes sociais da sua empresa,Artigo,"Agregue o conhecimento amplo e especializado, foque nas necessidades dos clientes, e impulsione sua empresa nas redes sociais.",https://bibliotecas.sebrae.com.br/chronus/ARQUIVOS_CHRONUS/CAPAS_ARTIGOS_APP/549/549.png,0,"https://www.sebrae.com.br/sites/PortalSebrae/ufs/ap/artigos/beneficios-do-marketing-digital-para-as-redes-sociais-da-sua-empresa,d6d31219dcf2f510VgnVCM1000004c00210aRCRD",,,Sim,EPP; ME,Inovação,INTELIGÊNCIA COMPETITIVA,Redes sociais. Agência de marketing. Especialista,Todos,0,AP,,,EPP; ME,Pessoa Jurídica,a3af6305-c539-326d-99dc-1af64ccde0bb
10400,Conheças as principais formas jurídicas das empresas,Artigo,"Saiba o que é forma jurídica, fique por dentro das mais conhecidas e suas principais características.",https://bibliotecas.sebrae.com.br/chronus/ARQUIVOS_CHRONUS/CAPAS_ARTIGOS_APP/551/551.png,0,"https://www.sebrae.com.br/sites/PortalSebrae/ufs/ap/artigos/caracteristicas-das-empresas-pela-forma-juridica,813ae3ae7d316410VgnVCM1000003b74010aRCRD",,,Sim,PF,Empreendedorismo,ABERTURA DE EMPRESA,Classificação empresa; Formas jurídicas; Tipos de empresas; Enquadrar empresa; Porte empresa,Todos,0,AP,,,PF,Pessoa Física,081f774e-339b-3086-969c-18ebb057d282
10401,Características de funcionários indispensáveis para sua empresa,Artigo,Saiba como identificar algumas características para ter em sua equipe funcionários indispensáveis para o crescimento do negócio.,https://bibliotecas.sebrae.com.br/chronus/ARQUIVOS_CHRONUS/CAPAS_ARTIGOS_APP/552/552.png,0,"https://www.sebrae.com.br/sites/PortalSebrae/ufs/ap/artigos/caracteristicas-de-funcionarios-indispensaveis-para-sua-empresa,4e33850c4d8f2610VgnVCM1000004c00210aRCRD",,,Sim,MEI; ME,Empreendedorismo,ATITUDE EMPREENDEDORA,Funcionários. Indispensáveis. Equipe.,Todos,0,AP,,,MEI; ME,Pessoa Jurídica,11ca37c0-65d2-3457-ae96-d660a3e23093
10402,Certidão Conjunta Negativa de Débitos Relativos,Artigo,"Saiba o que é, como e onde emitir sua certidão e Tributos Federais e à Dívida Ativa da União, custo e quem pode tirar uma.",https://bibliotecas.sebrae.com.br/chronus/ARQUIVOS_CHRONUS/CAPAS_ARTIGOS_APP/554/554.png,0,"https://www.sebrae.com.br/sites/PortalSebrae/ufs/ap/artigos/certidao-conjunta-negativa-de-debitos-relativos,ecd304f99f103610VgnVCM1000004c00210aRCRD",,,Sim,MEI; EPP; ME,Finanças,ACESSO A SERVICOS FINANCEIROS,Tributos Federais; Certidão; Receita Federal,Todos,0,AP,,,MEI; EPP; ME,Pessoa Jurídica,56efc2e1-3f35-3006-9c59-94949ca43493
10403,Como abrir um estúdio de música,Artigo,Conheça os meios legais para abertura de uma empresa especializada em produção e gravação de músicas.,https://bibliotecas.sebrae.com.br/chronus/ARQUIVOS_CHRONUS/CAPAS_ARTIGOS_APP/555/555.png,0,"https://www.sebrae.com.br/sites/PortalSebrae/ufs/ap/artigos/como-abrir-um-estudio-de-musica,b52a7ad8d4570610VgnVCM1000004c00210aRCRD",,,Sim,PF,Empreendedorismo,ABERTURA DE EMPRESA,Legislação; Estúdio; Projeto; Música; Imposto,Todos,0,AP,,,PF,Pessoa Física,cc466e10-04b2-3e63-9a92-35e28002c82e
10404,Como conceder férias ao seu empregado,Artigo,Saiba o período e como conceder o direito de descanso anual para os funcionários de sua empresa.,https://bibliotecas.sebrae.com.br/chronus/ARQUIVOS_CHRONUS/CAPAS_ARTIGOS_APP/556/556.png,0,"https://www.sebrae.com.br/sites/PortalSebrae/ufs/ap/artigos/como-conceder-ferias-ao-seu-empregado,bc3b21aa2245c410VgnVCM1000003b74010aRCRD",,,Sim,MEI; EPP; ME,Leis,DIREITO DO TRABALHO,,Todos,0,AP,,,MEI; EPP; ME,Pessoa Jurídica,f5f085ca-5275-398e-bb06-bc149fc8fc60
10405,Como conceder férias ao seus colaboradores,Artigo,Saiba o período e como conceder o direito de descanso anual para os funcionários de sua empresa.,https://bibliotecas.sebrae.com.br/chronus/ARQUIVOS_CHRONUS/CAPAS_ARTIGOS_APP/557/557.png,0,"https://www.sebrae.com.br/sites/PortalSebrae/ufs/ap/artigos/como-conceder-ferias-ao-seus-colaboradores,77040d36ecfa1610VgnVCM1000004c00210aRCRD",,,Sim,MEI; EPP; ME,Leis,DIREITO DO TRABALHO,Aviso.; Cálculo; Pagamento; Via,Todos,0,AP,,,MEI; EPP; ME,Pessoa Jurídica,ef6b3bd9-21c7-36d5-a610-eccd74ceb3df
10406,Como contratar pessoal para um salão de beleza,Artigo,"Conheça as melhoras formas de contratar profissionais para um salão de beleza, conforme consta na legislação trabalhista brasileira.",https://bibliotecas.sebrae.com.br/chronus/ARQUIVOS_CHRONUS/CAPAS_ARTIGOS_APP/558/558.jpg,0,"https://www.sebrae.com.br/sites/PortalSebrae/ufs/ap/artigos/como-contratar-pessoal-para-um-salao-de-beleza-no-amapa,776e56a7b5e0c410VgnVCM1000003b74010aRCRD",,,Sim,MEI; EPP; ME,Pessoas,CONTRATOS,pessoal; salão; contratar; beleza,Beleza,0,AP,,,MEI; EPP; ME,Pessoa Jurídica,c751dcbd-e165-33f2-840f-b504e9cee838
10407,Como contratar temporariamente um funcionário,Artigo,Saiba quais procedimentos devem ser tomados na hora de contratar funcionários temporários.,https://bibliotecas.sebrae.com.br/chronus/ARQUIVOS_CHRONUS/CAPAS_ARTIGOS_APP/559/559.png,0,"https://www.sebrae.com.br/sites/PortalSebrae/ufs/ap/artigos/como-contratar-temporariamente-um-funcionario-no-estado-do-amapa,a0a4d8052245c410VgnVCM2000003c74010aRCRD",,,Sim,MEI; EPP; ME,Pessoas,CONTRATOS,Contrato temporário; Contratar Temporariamente; Contrato no Amapá,Todos,0,AP,,,MEI; EPP; ME,Pessoa Jurídica,ec390212-03c1-33b9-bb3f-b334bddf7e7f
10408,Como contratar um advogado para sua empresa,Artigo,"Saiba como escolher, de que forma contratar uma assessoria jurídica e quais os custos que envolvem.",https://bibliotecas.sebrae.com.br/chronus/ARQUIVOS_CHRONUS/CAPAS_ARTIGOS_APP/560/560.png,0,"https://www.sebrae.com.br/sites/PortalSebrae/ufs/ap/artigos/como-contratar-um-advogado-para-sua-empresa,096aa36382b3f510VgnVCM1000004c00210aRCRD",,,Sim,MEI; EPP; ME,Leis,DIREITO,Saiba como escolher; de que forma contratar uma assessoria jurídica e quais os custos que envolvem.,Todos,0,AP,,,MEI; EPP; ME,Pessoa Jurídica,f679062b-ee0d-39a3-8c64-c865662fafb2
10409,Como detectar um boleto fraudado?,Artigo,"Em 4 passos simples, saiba como detectar fraudes em um boleto bancário.",https://bibliotecas.sebrae.com.br/chronus/ARQUIVOS_CHRONUS/CAPAS_ARTIGOS_APP/561/561.png,0,"https://www.sebrae.com.br/sites/PortalSebrae/ufs/ap/artigos/como-detectar-um-boleto-fraudado,88eee28bcd1f4610VgnVCM1000004c00210aRCRD",,,Sim,MEI,Empreendedorismo,SERVIÇO,Como detectar um boleto fraudado?,Todos,0,AP,,,MEI,Pessoa Jurídica,54e6caf7-65a2-3caf-9424-bab379f687a7
10410,Como elaborar um cadastro de clientes,Artigo,Aprenda a elaborar um cadastro que contenha as informações pessoais e de compra de seus clientes.,https://bibliotecas.sebrae.com.br/chronus/ARQUIVOS_CHRONUS/CAPAS_ARTIGOS_APP/562/562.png,0,"https://www.sebrae.com.br/sites/PortalSebrae/ufs/ap/artigos/como-elaborar-um-cadastro-de-clientes,d1440d36ecfa1610VgnVCM1000004c00210aRCRD",,,Sim,MEI; EPP; ME,Mercado e Vendas,CONSUMIDOR,Grupo.; Perfil; Cadastro; Modelo; Cliente,Todos,0,AP,,,MEI; EPP; ME,Pessoa Jurídica,8c555be9-9241-3368-9246-5f993a97a3e2
10411,Como escolher o melhor regime tributário para a sua empresa?,Artigo,Tenha informações de como escolher o melhor regime tributário para o seu negócio.,https://bibliotecas.sebrae.com.br/chronus/ARQUIVOS_CHRONUS/CAPAS_ARTIGOS_APP/563/563.png,0,"https://www.sebrae.com.br/sites/PortalSebrae/ufs/ap/artigos/como-escolher-o-melhor-regime-tributario-para-a-sua-empresa,62fbcc19e6223610VgnVCM1000004c00210aRCRD",,,Sim,MEI; EPP; ME,Leis,LEGISLAÇÃO TRIBUTÁRIA,Regime tributário. Empresa. Negócio.,Todos,0,AP,,,MEI; EPP; ME,Pessoa Jurídica,de93f751-dd64-318a-8e3e-cf55554283a9
10412,Como escolher um bom contador para sua empresa,Artigo,Saiba a importância de escolher um bom contador e bom escritório de contabilidade para auxiliar na gestão econômica e financeira de sua empresa.,https://bibliotecas.sebrae.com.br/chronus/ARQUIVOS_CHRONUS/CAPAS_ARTIGOS_APP/564/564.png,0,"https://www.sebrae.com.br/sites/PortalSebrae/ufs/ap/artigos/como-escolher-um-bom-contador-para-sua-empresa,650bb024a8b7c410VgnVCM1000003b74010aRCRD",,,Sim,MEI; EPP; ME,Finanças,SERVIÇO CONTÁBIL,,Todos,0,AP,,,MEI; EPP; ME,Pessoa Jurídica,b7e1f6a1-1496-31c8-b377-a06e312612b9
10413,Como escrever conteúdo para o site de sua empresa,Artigo,Aprenda a escrever e alimentar seu site empresarial com conteúdo original constantemente.,https://bibliotecas.sebrae.com.br/chronus/ARQUIVOS_CHRONUS/CAPAS_ARTIGOS_APP/565/565.png,0,"https://www.sebrae.com.br/sites/PortalSebrae/ufs/ap/artigos/como-escrever-conteudo-para-o-site-de-sua-empresa,e8e2598b99dde510VgnVCM1000004c00210aRCRD",,,Sim,MEI; EPP; ME,Inovação,DIFERENCIAL,Como escrever conteúdo para o site de sua empresa,Todos,0,AP,,,MEI; EPP; ME,Pessoa Jurídica,213ba108-5de2-38a4-bf68-7949ad7e88f1
10414,Aprenda como fazer a declaração anual do MEI,Artigo,Confira informações sobre os procedimentos para realização da declaração anual do MEI passo a passo.,https://bibliotecas.sebrae.com.br/chronus/ARQUIVOS_CHRONUS/CAPAS_ARTIGOS_APP/566/566.png,0,"https://www.sebrae.com.br/sites/PortalSebrae/ufs/ap/artigos/como-fazer-a-declaracao-anual-do-mei,944c95f326b66410VgnVCM1000003b74010aRCRD",,,Sim,MEI,Leis,MICROEMPREENDEDOR INDIVIDUAL,como fazer a declaração anual do mei gratuito; declaração anual de microempreendedor individual; qual o valor da declaração anual do mei; como reimprimir a declaração anual do mei; declaração anual mei 2023 como fazer; declaração anual mei gratuita; Declaração anual do MEI,Todos,0,AP,,,MEI,Pessoa Jurídica,9efb0c18-b644-3e99-b7c4-3a79b5dee766
10415,Como fazer um demonstrativo de resultados,Artigo,O que é DRE – Demonstrativo de Resultados do Exercício. A DRE é uma ferramenta que permite apurar o resultado financeiro da empresa em um período.,https://bibliotecas.sebrae.com.br/chronus/ARQUIVOS_CHRONUS/CAPAS_ARTIGOS_APP/568/568.png,0,"https://www.sebrae.com.br/sites/PortalSebrae/ufs/ap/artigos/como-fazer-um-demonstrativo-de-resultados,48f3ace85e4ef510VgnVCM1000004c00210aRCRD",,,Sim,MEI; EPP; ME,Finanças,CONTROLE FINANCEIRO,,Todos,0,AP,,,MEI; EPP; ME,Pessoa Jurídica,bfc7aa37-1149-3a8e-9e51-94a9931f3fe6
10416,Como funciona o Empate Ficto nas Licitações do Sebrae,Artigo,Como funciona o empate ficto nas licitações promovidas pelo Sistema Sebrae com base na Resolução do CDN nº 294/2018.,https://bibliotecas.sebrae.com.br/chronus/ARQUIVOS_CHRONUS/CAPAS_ARTIGOS_APP/569/569.jpg,0,"https://www.sebrae.com.br/sites/PortalSebrae/ufs/ap/artigos/como-funciona-o-empate-ficto-nas-licitacoes-do-sebrae,4d199206bb6e8610VgnVCM1000004c00210aRCRD",,,Sim,MEI; EPP; ME,Leis,DIREITO ADMINISTRATIVO,Tratamento Diferenciado e Favorecido. Empate Ficto. Licitação.  Desempate,Todos,0,AP,,,MEI; EPP; ME,Pessoa Jurídica,ac52a768-a859-335b-9885-cc8d5ba6a77b
10417,Como montar um espaço de convivência na sua empresa,Artigo,"Saiba o que é necessário para montar um espaço de convivência, e aumente a produtividade da sua empresa.",https://bibliotecas.sebrae.com.br/chronus/ARQUIVOS_CHRONUS/CAPAS_ARTIGOS_APP/570/570.png,0,"https://www.sebrae.com.br/sites/PortalSebrae/ufs/ap/artigos/como-montar-um-espaco-de-convivencia-na-sua-empresa,a8e752590aa2f510VgnVCM1000004c00210aRCRD",,,Sim,MEI; EPP; ME,Pessoas,FUNCIONÁRIOS,Espaço; Convivência; Empresa.,Todos,0,AP,,,MEI; EPP; ME,Pessoa Jurídica,e9a89a86-5dbc-3798-b9e8-158e487f25a5
10418,Como montar uma empresa de assessoria e limpeza doméstica,Artigo,"Saiba como fazer um plano de negócios, a estruturação, o recrutamento de equipe e a divulgação de uma empresa de assessoria e limpeza doméstica.",https://bibliotecas.sebrae.com.br/chronus/ARQUIVOS_CHRONUS/CAPAS_ARTIGOS_APP/571/571.png,0,"https://www.sebrae.com.br/sites/PortalSebrae/ufs/ap/artigos/como-montar-uma-empresa-de-assessoria-domestica-e-pessoal,1fb63ea344900610VgnVCM1000004c00210aRCRD",,,Sim,MEI; EPP; ME,Planejamento,MODELO DO NEGÓCIO,,Serviços pessoais,0,AP,,,MEI; EPP; ME,Pessoa Jurídica,d29967b6-c375-3d81-8705-073dd75d45b7
10419,Como o planejamento tem impacto sobre o seu sucesso,Artigo,"Saiba como se planejar e obter sucesso em seu negócio, conhecendo a natureza do seu negócio e desenvolvendo habilidades dentro da empresa.",https://bibliotecas.sebrae.com.br/chronus/ARQUIVOS_CHRONUS/CAPAS_ARTIGOS_APP/572/572.png,0,"https://www.sebrae.com.br/sites/PortalSebrae/ufs/ap/artigos/como-o-planejamento-tem-impacto-sobre-o-seu-sucesso,09f93fc94ee6f510VgnVCM1000004c00210aRCRD",,,Sim,MEI; EPP; ME,Planejamento,PLANEJAMENTO ESTRATÉGICO,habilidade. Planejamento. Empreendedor.,Todos,0,AP,,,MEI; EPP; ME,Pessoa Jurídica,b571dc28-69f7-332c-8058-6779c014ac46
10420,Saiba o que é e como fazer o cartão de produtor rural,Artigo,O cartão de produtor rural é um serviço disponível e indispensável a todos os produtores do agronegócio.,https://bibliotecas.sebrae.com.br/chronus/ARQUIVOS_CHRONUS/CAPAS_ARTIGOS_APP/573/573.png,0,"https://www.sebrae.com.br/sites/PortalSebrae/ufs/ap/artigos/como-obter-o-cartao-de-produtor-rural,c16a5ce5deb2f510VgnVCM1000004c00210aRCRD",,,Sim,EPP; PF; ME,Empreendedorismo,RURAL,,Apicultura; Aquicultura; Cafeicultura; Comércio atacadista rural; Criação de animais (exceto para corte e leite); Cultivo de algodão e outras fibras; Cultivo de cereais; Cultivo de oleaginosas; Cultivos diversos; Fruticultura; Horticultura; Pecuária de corte; Pecuária de leite; Serviços de apoio à agricultura; Serviços de apoio à pecuária,0,AP,,,EPP; PF; ME,Pessoa Física; Pessoa Jurídica,4dba4821-4109-3ef4-bcef-b24f2ed28d49
10421,Como planejar serviços pela internet,Artigo,Saiba investir na estratégia de atuação na internet para aumentar seus lucros.,https://bibliotecas.sebrae.com.br/chronus/ARQUIVOS_CHRONUS/CAPAS_ARTIGOS_APP/574/574.png,0,"https://www.sebrae.com.br/sites/PortalSebrae/ufs/ap/artigos/como-planejar-servicos-pela-internet,7d62b319e3070610VgnVCM1000004c00210aRCRD",,,Sim,MEI; EPP; ME,Inovação,INOVAÇÃO EM COMÉRCIO ELETRÔNICO,Serviços; Internet; Planejar,Todos,0,AP,,,MEI; EPP; ME,Pessoa Jurídica,4b525623-f55e-340f-99ef-af797c48d29a
10422,Como saber qual enquadramento tributário ideal para a minha empresa,Artigo,Confira a análise dos três tipos de regimes utilizados no Brasil e saiba como consultar o enquadramento tributário.,https://bibliotecas.sebrae.com.br/chronus/ARQUIVOS_CHRONUS/CAPAS_ARTIGOS_APP/575/575.png,0,"https://www.sebrae.com.br/sites/PortalSebrae/ufs/ap/artigos/como-saber-qual-o-enquadramento-tributario-para-minha-empresa,2ae2ace85e4ef510VgnVCM1000004c00210aRCRD",,,Sim,PF,Empreendedorismo,ABERTURA DE EMPRESA,,Todos,0,AP,,,PF,Pessoa Física,29f313c2-f092-3a22-a5b2-60ca0d782de3
10423,Como saber se a empresa é viável financeiramente,Artigo,Aprenda métodos que lhe confirmarão se vale a pena financiar seu projeto.,https://bibliotecas.sebrae.com.br/chronus/ARQUIVOS_CHRONUS/CAPAS_ARTIGOS_APP/576/576.png,0,"https://www.sebrae.com.br/sites/PortalSebrae/ufs/ap/artigos/como-saber-se-a-empresa-e-viavel-financeiramente,89a7ddd2cf092610VgnVCM1000004c00210aRCRD",,,Sim,MEI; PF,Finanças,VIABILIDADE  FINANCEIRA,Como saber se a empresa é viável financeiramente,Todos,0,AP,,,MEI; PF,Pessoa Física; Pessoa Jurídica,e811bc82-400c-3462-a935-30c89b50d43d
10424,Como saber se o seu negócio é viável,Artigo,Entenda quais são os principais indicadores para saber se o seu negócio é viável e dê um passo à frente para gerar lucro para a sua empresa.,https://bibliotecas.sebrae.com.br/chronus/ARQUIVOS_CHRONUS/CAPAS_ARTIGOS_APP/577/577.jpg,0,"https://www.sebrae.com.br/sites/PortalSebrae/ufs/ap/artigos/como-saber-se-um-negocio-e-viavel,fb902eb935bcb410VgnVCM1000003b74010aRCRD",,,Sim,PF,Empreendedorismo,ABERTURA DE EMPRESA,,Todos,0,AP,,,PF,Pessoa Física,af3350e2-9308-3112-87cf-cc7bb7de99e1
10425,Saiba tudo sobre como ser um produtor rural legalizado,Artigo,"Veja como você pode se regularizar como produtor rural, para desempenhar suas funções e atividades profissionais com mais tranquilidade.",https://bibliotecas.sebrae.com.br/chronus/ARQUIVOS_CHRONUS/CAPAS_ARTIGOS_APP/579/579.png,0,"https://www.sebrae.com.br/sites/PortalSebrae/ufs/ap/artigos/como-ser-um-produtor-rural-legalizado,77bad665675c9410VgnVCM1000003b74010aRCRD",,,Sim,PF,Empreendedorismo,RURAL,,Todos,0,AP,,,PF,Pessoa Física,43898d6e-282c-31e5-8f16-48ed1650c9e9
10426,Como ter Vantagens com Ações na Bolsa de Valores,Artigo,Neste artigo trataremos da forma de captação de recursos financeiros na bolsa de valores e seu mercado de ações para empresas já consolidadas.,https://bibliotecas.sebrae.com.br/chronus/ARQUIVOS_CHRONUS/CAPAS_ARTIGOS_APP/580/580.png,0,"https://www.sebrae.com.br/sites/PortalSebrae/ufs/ap/artigos/como-ter-vantagens-com-acoes-na-bolsa-de-valores,1c982e6832335610VgnVCM1000004c00210aRCRD",,,Sim,EPP; ME,Finanças,APORTE FINANCEIRO,Acionista; Financiamento ;  Investimento ; Mercado de Ações; Capital; Ações,Todos,0,AP,,,EPP; ME,Pessoa Jurídica,8ffe794b-95a4-3a09-b913-c8a5fc3b5ddb
10427,Como ter vantagens com empréstimos e serviços financeiros dos bancos.,Artigo,Neste artigo serão apresentados os serviços financeiros disponíveis nos bancos e cooperativas de crédito bem como sua utilidade.,https://bibliotecas.sebrae.com.br/chronus/ARQUIVOS_CHRONUS/CAPAS_ARTIGOS_APP/581/581.png,0,"https://www.sebrae.com.br/sites/PortalSebrae/ufs/ap/artigos/como-ter-vantagens-com-emprestimos-e-servicos-financeiros-dos-bancos,b577c06dcef15610VgnVCM1000004c00210aRCRD",,,Sim,MEI; EPP; ME,Finanças,ACESSO A SERVICOS FINANCEIROS,empréstimo; financiamento; finanças; crédito; bancos,Todos,0,AP,,,MEI; EPP; ME,Pessoa Jurídica,1eecd086-188a-3996-8043-071c6d83f49f
10428,Como tornar seus eventos mais sustentáveis,Artigo,Veja algumas medidas que podem ajudar os eventos da sua empresa a serem mais sustentáveis.,https://bibliotecas.sebrae.com.br/chronus/ARQUIVOS_CHRONUS/CAPAS_ARTIGOS_APP/583/583.png,0,"https://www.sebrae.com.br/sites/PortalSebrae/ufs/ap/artigos/como-tornar-seus-eventos-mais-sustentaveis,6f98d3cec7310610VgnVCM1000004c00210aRCRD",,,Sim,EPP; ME,Planejamento,SUSTENTABILIDADE,sustentáveis; eventos; medidas; ajudar,Eventos,0,AP,,,EPP; ME,Pessoa Jurídica,f51e7162-e1bb-3900-a614-e3a666c16b48
10429,Como tornar sua indústria cerâmica mais sustentável,Artigo,Dicas de como tornar sua empresa indústria cerâmica mais sustentável.,https://bibliotecas.sebrae.com.br/chronus/ARQUIVOS_CHRONUS/CAPAS_ARTIGOS_APP/584/584.png,0,"https://www.sebrae.com.br/sites/PortalSebrae/ufs/ap/artigos/como-tornar-sua-industria-ceramica-mais-sustentavel,8965f17bd3a43610VgnVCM1000004c00210aRCRD",,,Sim,EPP; ME,Planejamento,SUSTENTABILIDADE,Sustentabilidade. Empresa. Indústria Cerâmica,Indústria - Diversos,0,AP,,,EPP; ME,Pessoa Jurídica,1329966e-684b-3365-8aab-28502c6e5021
10430,Como tornar sua indústria de calçados mais sustentável,Artigo,Existem ótimas formas da indústria de calçados atuar de maneira mais sustentável no mercado. Veja algumas dicas.,https://bibliotecas.sebrae.com.br/chronus/ARQUIVOS_CHRONUS/CAPAS_ARTIGOS_APP/585/585.png,0,"https://www.sebrae.com.br/sites/PortalSebrae/ufs/ap/artigos/como-tornar-sua-industria-de-calcados-mais-sustentavel,fde9b3656dc20610VgnVCM1000004c00210aRCRD",,,Sim,EPP; ME,Planejamento,SUSTENTABILIDADE,dicas; indústria de calçados; mercado; sustentável,Comércio varejista da moda; Indústria - Diversos; Indústria da moda,0,AP,,,EPP; ME,Pessoa Jurídica,bb1e148b-5c55-3f62-b3cc-6514903d0133
10431,Como treinar e motivar sua equipe em 5 passos,Artigo,Montar e treinar uma equipe com visão de futuro embasada no conceito da empresa são pontos chaves para dar andamento ao fluxo do seu negócio.,https://bibliotecas.sebrae.com.br/chronus/ARQUIVOS_CHRONUS/CAPAS_ARTIGOS_APP/587/587.png,0,"https://www.sebrae.com.br/sites/PortalSebrae/ufs/ap/artigos/como-treinar-e-motivar-sua-equipe-em-5-passos,278dc9bc81fce510VgnVCM1000004c00210aRCRD",,,Sim,EPP; ME,Pessoas,GESTÃO DE PESSOAS,negócios; treinar equipe; capacitação; planejamento,Todos,0,AP,,,EPP; ME,Pessoa Jurídica,8a46d2ea-3454-3378-acf7-4e9146f38fde
10432,Como usar a inovação quanto estratégia de planejamento,Artigo,Saiba usar a inovação como estratégia de manutenção de seu potencial de mercado.,https://bibliotecas.sebrae.com.br/chronus/ARQUIVOS_CHRONUS/CAPAS_ARTIGOS_APP/588/588.png,0,"https://www.sebrae.com.br/sites/PortalSebrae/ufs/ap/artigos/como-usar-a-inovacao-quanto-estrategia-de-planejamento,9832b319e3070610VgnVCM1000004c00210aRCRD",,,Sim,MEI; EPP; ME,Inovação,AUMENTO DA EFICIÊNCIA PRODUTIVA,Inovação; Desenvolvimento; Qualidade; Administração; Suporte Técnico,Todos,0,AP,,,MEI; EPP; ME,Pessoa Jurídica,8c3a9543-9204-3026-a0ec-c079cb595734
10433,Como vender e comprar no mercado global,Artigo,"Entenda como atuar no mercado global, utilizando produtos, marcas e materiais estrangeiros.",https://bibliotecas.sebrae.com.br/chronus/ARQUIVOS_CHRONUS/CAPAS_ARTIGOS_APP/589/589.png,0,"https://www.sebrae.com.br/sites/PortalSebrae/ufs/ap/artigos/como-vender-e-comprar-no-mercado-global,83f1643ce145f510VgnVCM1000004c00210aRCRD",,,Sim,EPP; ME,Empreendedorismo,MERCADO GLOBAL,Como vender e comprar no mercado global,Todos,0,AP,,,EPP; ME,Pessoa Jurídica,470f1187-5a93-3b0f-80f3-5b1f7f5eb7b7
10434,Comportamento empreendedor,Artigo,"Superação de desafios e nas oportunidades que pode abraçar no mercado ou na carreira profissional, impulsionando as ações para que realmente se concretizem.",https://bibliotecas.sebrae.com.br/chronus/ARQUIVOS_CHRONUS/CAPAS_ARTIGOS_APP/590/590.png,0,"https://www.sebrae.com.br/sites/PortalSebrae/ufs/ap/artigos/comportamento-empreendedor,5181948d5dce8610VgnVCM1000004c00210aRCRD",,,Sim,MEI; ME,Pessoas,COMPORTAMENTO ORGANIZACIONAL,Comportamento empreendedor; próprio negócio; qualidades comportamentais,Todos,0,AP,,,MEI; ME,Pessoa Jurídica,c9fced8d-0f72-3d0e-83a8-cb7a2cda2e9f
10435,Conheça 3 benefícios ao terceirizar o marketing digital na sua empresa,Artigo,Empreendedorismo exige atenção com as finanças e terceirizar o marketing digital pode trazer mais resultados para o seu negócio,https://bibliotecas.sebrae.com.br/chronus/ARQUIVOS_CHRONUS/CAPAS_ARTIGOS_APP/591/591.jpg,0,"https://www.sebrae.com.br/sites/PortalSebrae/ufs/ap/artigos/conheca-3-beneficios-ao-terceirizar-o-marketing-digital-na-sua-empresa,3170c51b14713610VgnVCM1000004c00210aRCRD",,,Sim,MEI; EPP; ME,Empreendedorismo,DIFERENCIAÇÃO,Marketing digital.; Terceirização; Dicas,Todos,0,AP,,,MEI; EPP; ME,Pessoa Jurídica,53e682cc-e51e-39f5-a93a-2b7a0e1229c2
10436,Conheça a Consultoria de Recomendação,Artigo,"Obtenha a recomendação certa para sua empresa, saiba  identificar oportunidades de melhoria e receba as recomendações de especialistas para o sucesso.",https://bibliotecas.sebrae.com.br/chronus/ARQUIVOS_CHRONUS/CAPAS_ARTIGOS_APP/599/599.png,0,"https://www.sebrae.com.br/sites/PortalSebrae/ufs/ap/artigos/conheca-a-consultoria-de-recomendacao,2a393fc94ee6f510VgnVCM1000004c00210aRCRD",,,Sim,MEI; ME,Leis,ORGANIZAÇÃO EMPRESARIAL,consultoria; consultoria de recomendação; empresa,Todos,0,AP,,,MEI; ME,Pessoa Jurídica,c47cfd3e-22c8-3546-bd19-36d3631ebba4
10437,Conheça a importância das ferramentas de automação comercial,Artigo,Saiba como as empresas podem ganhar velocidade e eficiência implantando processos automáticos.,https://bibliotecas.sebrae.com.br/chronus/ARQUIVOS_CHRONUS/CAPAS_ARTIGOS_APP/600/600.png,0,"https://www.sebrae.com.br/sites/PortalSebrae/ufs/ap/artigos/conheca-a-importancia-das-ferramentas-de-automacao-comercial,c058105e03380610VgnVCM1000004c00210aRCRD",,,Sim,MEI; EPP; ME,Inovação,AUTOMAÇÃO COMERCIAL,Funcionalidade; Informatização; ferramentas de automação comercial; automação comercial,Todos,0,AP,,,MEI; EPP; ME,Pessoa Jurídica,017a8ab9-e712-333d-b3f5-8b49a56c0980
10438,Conheça a Tribuna Empresarial,Artigo,"Na Tribuna Empresarial microempresas, empresas de pequeno porte e microempreendedores individuais podem ajuizar e até solucionar demandas.",https://bibliotecas.sebrae.com.br/chronus/ARQUIVOS_CHRONUS/CAPAS_ARTIGOS_APP/601/601.png,0,"https://www.sebrae.com.br/sites/PortalSebrae/ufs/ap/artigos/conheca-a-tribuna-empresarial,5fcf92099b220610VgnVCM1000004c00210aRCRD",,,Sim,MEI; EPP; ME,Leis,JUSTIÇA,,Todos,0,AP,,,MEI; EPP; ME,Pessoa Jurídica,58b04ab8-32e3-344b-8628-63f3abf8352e
10439,Consultoria de Automação do processo produtivo do Sebraetec,Artigo,"Saiba do que se trata, os campos em que atua, serviços adequados, além do valor do investimento na consultoria de Automação do processo produtivo do Sebraetec.",https://bibliotecas.sebrae.com.br/chronus/ARQUIVOS_CHRONUS/CAPAS_ARTIGOS_APP/604/604.png,0,"https://www.sebrae.com.br/sites/PortalSebrae/ufs/ap/artigos/consultoria-de-automacao-do-processo-produtivo-do-sebaretec,f8617ad8d4570610VgnVCM1000004c00210aRCRD",,,Sim,EPP; ME,Inovação,TECNOLOGIA DA INFORMAÇÃO,automação; consultoria; processo produtivo; sebraetec,Todos,0,AP,,,EPP; ME,Pessoa Jurídica,92fa7cda-dde2-38b0-b535-cbd32dedd83f
10440,Consultoria de Diagnóstico de Franqueabilidade,Artigo,"Antes de se tornar franqueador, saiba o que deve ser feito para multiplicar os negócios mantendo os mesmos padrões de produção, serviços e motivação.",https://bibliotecas.sebrae.com.br/chronus/ARQUIVOS_CHRONUS/CAPAS_ARTIGOS_APP/605/605.png,0,"https://www.sebrae.com.br/sites/PortalSebrae/ufs/ap/artigos/consultoria-de-diagnostico-de-franqueabilidade,70cd54843636b510VgnVCM1000004c00210aRCRD",,,Sim,EPP; ME,Mercado e Vendas,FRANQUIA,Consultoria de Diagnóstico de Franqueabilidade,Todos,0,AP,,,EPP; ME,Pessoa Jurídica,026ce3ae-735e-371f-9d2d-26a6d937d968
10441,Consultoria em Gestão de Mercado,Artigo,A consultoria auxiliará você no planejamento de estratégias comerciais e mercadológicas da empresa a fim de aumentar as relações comerciais.,https://bibliotecas.sebrae.com.br/chronus/ARQUIVOS_CHRONUS/CAPAS_ARTIGOS_APP/606/606.png,0,"https://www.sebrae.com.br/sites/PortalSebrae/ufs/ap/artigos/consultoria-em-gestao-de-mercado,e95999a5a995b510VgnVCM1000004c00210aRCRD",,,Sim,EPP; ME,Mercado e Vendas,ESTRATÉGIA DE MERCADO,gestão de mercado; Consultoria de gestão; mercado,Todos,0,AP,,,EPP; ME,Pessoa Jurídica,ddeccbd7-4d69-3a45-8b21-c2138638687a
10442,Consultoria em Gestão de Operações e Processos,Artigo,"Compreenda os conceitos e o funcionamento de um sistema baseado em processos, visando implementá-lo para atingir a excelência da sua empresa.",https://bibliotecas.sebrae.com.br/chronus/ARQUIVOS_CHRONUS/CAPAS_ARTIGOS_APP/607/607.png,0,"https://www.sebrae.com.br/sites/PortalSebrae/ufs/ap/artigos/consultoria-em-gestao-de-operacoes-e-processos,c960d1dea7d5b510VgnVCM1000004c00210aRCRD",,,Sim,MEI; ME,Organização,GESTÃO DO PROCESSO PRODUTIVO,Análise Operacional; operações e processos; Processos operacionais,Todos,0,AP,,,MEI; ME,Pessoa Jurídica,9f7a928b-305f-3ebf-9acd-1249fddf8023
10443,Consultoria em Gestão Financeira e Econômica,Artigo,"Você vai aprender que controlar o dinheiro não é apenas economizar, mas aprender a medir o seu sucesso, a entender como funciona a sua empresa e o mercado.",https://bibliotecas.sebrae.com.br/chronus/ARQUIVOS_CHRONUS/CAPAS_ARTIGOS_APP/608/608.png,0,"https://www.sebrae.com.br/sites/PortalSebrae/ufs/ap/artigos/consultoria-em-gestao-financeira-e-economica,a37e388a3be5b510VgnVCM1000004c00210aRCRD",,,Sim,MEI; EPP; ME,Finanças,GESTÃO FINANCEIRA,,Todos,0,AP,,,MEI; EPP; ME,Pessoa Jurídica,96e33f6e-edf3-3339-b8a0-5f6e1efd3704
10444,Consultoria em Implantação de Métodos e Controles Financeiros,Artigo,"Controle os resultados financeiros da sua empresa, avalie sua situação e realize um planejamento visando sua sustentabilidade e lucratividade.",https://bibliotecas.sebrae.com.br/chronus/ARQUIVOS_CHRONUS/CAPAS_ARTIGOS_APP/609/609.jpg,0,"https://www.sebrae.com.br/sites/PortalSebrae/ufs/ap/artigos/consultoria-em-implantacao-de-metodos-e-controles-financeiros,9d31d1dea7d5b510VgnVCM1000004c00210aRCRD",,,Sim,MEI; EPP; ME,Finanças,CONTROLE FINANCEIRO,,Todos,0,AP,,,MEI; EPP; ME,Pessoa Jurídica,02530902-6964-3f97-9cea-1718fab28972
10445,Consultoria em Pesquisa de Mercado,Artigo,"Conheça a definição e aplicação da pesquisa, como definir seu público-alvo e analisar o mercado em que se vai atuar.",https://bibliotecas.sebrae.com.br/chronus/ARQUIVOS_CHRONUS/CAPAS_ARTIGOS_APP/610/610.png,0,"https://www.sebrae.com.br/sites/PortalSebrae/ufs/ap/artigos/consultoria-em-pesquisa-de-mercado,cb763011c626b510VgnVCM1000004c00210aRCRD",,,Sim,EPP; ME,Mercado e Vendas,PESQUISA DE MERCADO,Consultoria empresarial; Pesquisa de mercado; Identificação de oportunidades,Todos,0,AP,,,EPP; ME,Pessoa Jurídica,58870227-89d8-39f5-8a18-b47ede652044
10446,Consultoria em Plano de Negócio e Estudo de Viabilidade,Artigo,Planeje e analise a viabilidade de novos negócios ou de sua expansão.,https://bibliotecas.sebrae.com.br/chronus/ARQUIVOS_CHRONUS/CAPAS_ARTIGOS_APP/612/612.png,0,"https://www.sebrae.com.br/sites/PortalSebrae/ufs/ap/artigos/consultoria-em-plano-de-negocio-e-estudo-de-viabilidade,2a40f69df585b510VgnVCM1000004c00210aRCRD",,,Sim,MEI; ME,Planejamento,PLANO DE NEGÓCIOS,Plano de Negócio e Estudo de Viabilidade; Consultoria Gerencial,Todos,0,AP,,,MEI; ME,Pessoa Jurídica,d6eb9f18-e0b3-34bc-a715-53bb3be2156d
10447,Consultoria em Projeto de Viabilidade Econômico e Financeira,Artigo,Você terá uma análise detalhada do mercado para determinar se é viável iniciar um novo negócio em determinado segmento ou lançar um novo produto no mercado.,https://bibliotecas.sebrae.com.br/chronus/ARQUIVOS_CHRONUS/CAPAS_ARTIGOS_APP/613/613.png,0,"https://www.sebrae.com.br/sites/PortalSebrae/ufs/ap/artigos/consultoria-em-projeto-de-viabilidade-economico-e-financeira,1c42d1dea7d5b510VgnVCM1000004c00210aRCRD",,,Sim,MEI; EPP; ME,Finanças,VIABILIDADE  FINANCEIRA,,Todos,0,AP,,,MEI; EPP; ME,Pessoa Jurídica,37be643a-f180-36a5-9d88-2ad3b7c68273
10448,Consultoria Empreendedorismo competências e habilidades empreendedoras,Artigo,Apresentação de atitudes e posturas que vão auxiliar no sucesso da gestão e da consolidação do seu negócio.,https://bibliotecas.sebrae.com.br/chronus/ARQUIVOS_CHRONUS/CAPAS_ARTIGOS_APP/614/614.png,0,"https://www.sebrae.com.br/sites/PortalSebrae/ufs/ap/artigos/consultoria-empreendedorismo-competencias-e-habilidades-empreendedoras,9ed1f69df585b510VgnVCM1000004c00210aRCRD",,,Sim,MEI; ME,Empreendedorismo,ATITUDE EMPREENDEDORA,,Todos,0,AP,,,MEI; ME,Pessoa Jurídica,6ff69570-777a-38ab-b621-735c9a0f6beb
10449,Consultoria Empresarial Gerencial,Artigo,"Obtenha a avaliação sobre o atual estágio da gestão, identifique as oportunidades de melhoria e recomendações de um especialista para o sucesso da sua empresa.",https://bibliotecas.sebrae.com.br/chronus/ARQUIVOS_CHRONUS/CAPAS_ARTIGOS_APP/615/615.png,0,"https://www.sebrae.com.br/sites/PortalSebrae/ufs/ap/artigos/consultoria-empresarial-gerencial,eedc528add44b510VgnVCM1000004c00210aRCRD",,,Sim,MEI; EPP; ME,Organização,GESTÃO,,Serviços empresariais,0,AP,,,MEI; EPP; ME,Pessoa Jurídica,ce9a0bbc-333f-3a77-9414-6fb1ae06fefc
10450,Consultoria para franqueado,Artigo,"Obtenha apoio na avaliação dos detalhes técnicos da documentação da franqueadora, verificando se o negócio é vantajoso e adequado às suas expectativas.",https://bibliotecas.sebrae.com.br/chronus/ARQUIVOS_CHRONUS/CAPAS_ARTIGOS_APP/616/616.jpg,0,"https://www.sebrae.com.br/sites/PortalSebrae/ufs/ap/artigos/consultoria-para-franqueado,f97b54843636b510VgnVCM1000004c00210aRCRD",,,Sim,EPP; ME,Mercado e Vendas,FRANQUEADO,,Todos,0,AP,,,EPP; ME,Pessoa Jurídica,fcd65e63-a434-3281-a764-8200a60d6997
10451,Correios: Conheça o Exporta Fácil dos Correios,Artigo,Conheça este serviço dos Correios e reduza custos na hora de exportar para fora do país.,https://bibliotecas.sebrae.com.br/chronus/ARQUIVOS_CHRONUS/CAPAS_ARTIGOS_APP/618/618.png,0,"https://www.sebrae.com.br/sites/PortalSebrae/ufs/ap/artigos/correios-conheca-o-exporta-facil-dos-correios,f8c92872c9dd4610VgnVCM1000004c00210aRCRD",,,Sim,EPP; ME,Empreendedorismo,SERVIÇO,Correios: Conheça o Exporta Fácil dos Correios,Todos,0,AP,,,EPP; ME,Pessoa Jurídica,43f15245-a584-3cc6-9789-05eee0d95c00
10452,Correios – Conheça o Mala Direta Domiciliária,Artigo,Conheça este serviço que ajuda o empreendedor na divulgação dos serviços  e produtos do seu negócio.,https://bibliotecas.sebrae.com.br/chronus/ARQUIVOS_CHRONUS/CAPAS_ARTIGOS_APP/619/619.png,0,"https://www.sebrae.com.br/sites/PortalSebrae/ufs/ap/artigos/correios-conheca-o-mala-direta-domiciliaria,d458b26975ee4610VgnVCM1000004c00210aRCRD",,,Sim,MEI; EPP; ME,Empreendedorismo,SERVIÇO,Correios – Conheça o Mala Direta Domiciliária,Todos,0,AP,,,MEI; EPP; ME,Pessoa Jurídica,69c214ef-7c27-3a75-9b08-4637c5c70672
10453,Dicas financeiras para o negócio do MEI,Artigo,Conheça soluções financeiras que ajudam o MEI a crescer com seu negócio.,https://bibliotecas.sebrae.com.br/chronus/ARQUIVOS_CHRONUS/CAPAS_ARTIGOS_APP/623/623.png,0,"https://www.sebrae.com.br/sites/PortalSebrae/ufs/ap/artigos/dicas-financeiras-para-o-negocio-do-mei,2e8304f99f103610VgnVCM1000004c00210aRCRD",,,Sim,MEI,Finanças,APORTE FINANCEIRO,Dicas. Financeiras. MEI,Todos,0,AP,,,MEI,Pessoa Jurídica,cc57efd3-2f67-34c2-900f-8a7f40a35d57
10454,Dicas importantes na hora de participar de uma licitação,Artigo,"Enumeramos algumas dicas importantes, caso a sua empresa vá participar de um processo licitatório.",https://bibliotecas.sebrae.com.br/chronus/ARQUIVOS_CHRONUS/CAPAS_ARTIGOS_APP/624/624.png,0,"https://www.sebrae.com.br/sites/PortalSebrae/ufs/ap/artigos/dicas-importantes-na-hora-de-participar-de-uma-licitacao,e8867ad8d4570610VgnVCM1000004c00210aRCRD",,,Sim,MEI; EPP; ME,Organização,PROCESSO EMPRESARIAL,Dicas importantes na hora de participar de uma licitação,Todos,0,AP,,,MEI; EPP; ME,Pessoa Jurídica,72097b8e-5637-3a8c-8700-1c56fa46f5dd
10455,Dicas infalíveis de como otimizar o seu tempo,Artigo,O conteúdo aborda sobre a gestão do tempo e sua importância para a vida pessoal e trabalho. Apresenta dicas e sugere ferramentas.,https://bibliotecas.sebrae.com.br/chronus/ARQUIVOS_CHRONUS/CAPAS_ARTIGOS_APP/625/625.png,0,"https://www.sebrae.com.br/sites/PortalSebrae/ufs/ap/artigos/dicas-infaliveis-de-como-otimizar-o-seu-tempo,46ad1219dcf2f510VgnVCM1000004c00210aRCRD",,,Sim,MEI; ME,Planejamento,FERRAMENTAS DE PLANEJAMENTO,GESTÃO DO TEMPO; PLANEJAMENTO; PRODUTIVIDADE; ORGANIZAÇÃO,Todos,0,AP,,,MEI; ME,Pessoa Jurídica,710b0054-15ac-361d-98dd-b8306a8d097d
10456,Dicas para fazer uso eficiente da energia elétrica na sua empresa,Artigo,"Trocar as lâmpadas, cuidar da fiação elétrica são algumas das dicas que reunimos para você utilizar a energia sem agredir tanto o meio ambiente.",https://bibliotecas.sebrae.com.br/chronus/ARQUIVOS_CHRONUS/CAPAS_ARTIGOS_APP/626/626.png,0,"https://www.sebrae.com.br/sites/PortalSebrae/ufs/ap/artigos/dicas-para-fazer-uso-eficiente-da-energia-eletrica-na-sua-empresa,1ce9b319e3070610VgnVCM1000004c00210aRCRD",,,Sim,MEI; EPP; ME,Inovação,INICIATIVA SUSTENTÁVEL,,Todos,0,AP,,,MEI; EPP; ME,Pessoa Jurídica,2c980cc8-2825-31c6-a953-6cb34d18ebbd
10457,Dicas para manter o foco ao  trabalhar de casa,Artigo,"Veja como é fácil e descontraído trabalhar de casa, faça de sua casa seu escritório e seja um excelente profissional.",https://bibliotecas.sebrae.com.br/chronus/ARQUIVOS_CHRONUS/CAPAS_ARTIGOS_APP/627/627.png,0,"https://www.sebrae.com.br/sites/PortalSebrae/ufs/ap/artigos/dicas-para-manter-o-foco-ao-trabalhar-de-casa,86d2850c4d8f2610VgnVCM1000004c00210aRCRD",,,Sim,MEI; PF; ME,Empreendedorismo,ATITUDE EMPREENDEDORA,,Todos,0,AP,,,MEI; PF; ME,Pessoa Física; Pessoa Jurídica,317c6a1e-d710-3551-9019-946b4aae525a
10458,Dicas para não deixar sua empresa no vermelho no início do ano,Artigo,"Não perca as dicas separadas pelo Sebrae Amapá, para você não deixar sua empresa ficar no vermelho no início do ano.",https://bibliotecas.sebrae.com.br/chronus/ARQUIVOS_CHRONUS/CAPAS_ARTIGOS_APP/628/628.png,0,"https://www.sebrae.com.br/sites/PortalSebrae/ufs/ap/artigos/dicas-para-nao-deixar-sua-empresa-no-vermelho-no-inicio-do-ano,4258350e23492610VgnVCM1000004c00210aRCRD",,,Sim,MEI; EPP; ME,Empreendedorismo,EMPREENDEDOR,Dicas. Início do ano.Vermelho.,Todos,0,AP,,,MEI; EPP; ME,Pessoa Jurídica,9a656410-24ad-3e64-8c0d-2f1f6dc7f0e8
10459,Dicas para promover o seu negócio no Instagram,Artigo,Promova seu negócio no instagram e obtenha sucesso com as vendas e um bom relacionamento com seus clientes.,https://bibliotecas.sebrae.com.br/chronus/ARQUIVOS_CHRONUS/CAPAS_ARTIGOS_APP/629/629.png,0,"https://www.sebrae.com.br/sites/PortalSebrae/ufs/ap/artigos/dicas-para-promover-o-seu-negocio-no-instagram,25bb6fc3be8ee510VgnVCM1000004c00210aRCRD",,,Sim,MEI; EPP; ME,Inovação,INOVAÇÃO EM COMÉRCIO ELETRÔNICO,Engajamento; Divulgação online; Instagram; Branding,Todos,0,AP,,,MEI; EPP; ME,Pessoa Jurídica,4f6f148d-6b8c-30b9-9297-c11fa36223b5
10460,Dicas para tornar sua empresa mais competitiva e sustentável,Artigo,Fique atento ao impacto que sua empresa causa e se destaque no mercado.,https://bibliotecas.sebrae.com.br/chronus/ARQUIVOS_CHRONUS/CAPAS_ARTIGOS_APP/630/630.png,0,"https://www.sebrae.com.br/sites/PortalSebrae/ufs/ap/artigos/dicas-para-tornar-sua-empresa-mais-competitiva-e-sustentavel,00160edf67bef510VgnVCM1000004c00210aRCRD",,,Sim,EPP; ME,Planejamento,SUSTENTABILIDADE,dicas; empresa; sustentável; competitiva,Todos,0,AP,,,EPP; ME,Pessoa Jurídica,114ebb2b-6661-377a-a42f-01877bd8a4c4
10461,Dicas sustentáveis para praticar em sua empresa,Artigo,Torne a sua empresa mais sustentável através de ações simples e contribua com a diminuição dos danos ambientais. Veja nossas dicas sustentáveis.,https://bibliotecas.sebrae.com.br/chronus/ARQUIVOS_CHRONUS/CAPAS_ARTIGOS_APP/631/631.png,0,"https://www.sebrae.com.br/sites/PortalSebrae/ufs/ap/artigos/dicas-sustentaveis-para-praticar-em-sua-empresa,1907745c57a50610VgnVCM1000004c00210aRCRD",,,Sim,MEI; EPP; ME,Inovação,INICIATIVA SUSTENTÁVEL,dicas sustentáveis; danos ambientais; empresa; sustentável; ações,Todos,0,AP,,,MEI; EPP; ME,Pessoa Jurídica,25cb5a71-5f5b-323f-a0bf-1b0758cec816
10462,8 dicas para desenvolver dinamismo no meio empresarial,Artigo,"Confira os meios e conceitos do especialista em Gestão de Pequenos Negócios, Maikon Richardson, para adicionar o dinamismo à sua rotina de trabalho.",https://bibliotecas.sebrae.com.br/chronus/ARQUIVOS_CHRONUS/CAPAS_ARTIGOS_APP/632/632.png,0,"https://www.sebrae.com.br/sites/PortalSebrae/ufs/ap/artigos/dinamismo-no-meio-empresarial-saiba-o-que-e-e-como-desenvolver,c68e643ce145f510VgnVCM1000004c00210aRCRD",,,Sim,MEI; EPP; ME,Organização,DESEMPENHO DA PRODUÇÃO,Dinamismo é um diferencial no meio empresarial. Assim; o profissional se destaca e é sinônimo de alta produtividade na empresa.,Todos,0,AP,,,MEI; EPP; ME,Pessoa Jurídica,fa424972-75a8-36e6-a3d7-69a2a2cfd227
10463,Dono de casa: Facultativo de baixa renda,Artigo,Veja as possibilidades de benefícios  que um dono de casa pode obter junto ao INSS e outros órgãos competentes.,https://bibliotecas.sebrae.com.br/chronus/ARQUIVOS_CHRONUS/CAPAS_ARTIGOS_APP/633/633.png,0,"https://www.sebrae.com.br/sites/PortalSebrae/ufs/ap/artigos/dono-de-casa-facultativo-de-baixa-renda,e285cde5d61b3610VgnVCM1000004c00210aRCRD",,,Sim,MEI; EPP; ME,Empreendedorismo,SERVIÇO,Dono de casa: Facultativo de baixa renda,Todos,0,AP,,,MEI; EPP; ME,Pessoa Jurídica,4ef21adf-0c2b-3d21-a84b-64102abfc98a
10464,Em 3 passos implante a governança corporativa em franquias,Artigo,Passo a passo para implantação de uma governança corporativa em uma franquia.,https://bibliotecas.sebrae.com.br/chronus/ARQUIVOS_CHRONUS/CAPAS_ARTIGOS_APP/634/634.png,0,"https://www.sebrae.com.br/sites/PortalSebrae/ufs/ap/artigos/em-3-passos-implante-a-governanca-corporativa-em-franquias,69b2850c4d8f2610VgnVCM1000004c00210aRCRD",,,Sim,EPP; ME,Empreendedorismo,NA,,Todos,0,AP,,,EPP; ME,Pessoa Jurídica,a9e59208-8adc-33ad-91ac-b5fb624190e6
10465,Saiba como emitir seu comprovante de CNPJ,Artigo,Saiba para que serve o comprovante de situação cadastral e o que você encontra no documento.,https://bibliotecas.sebrae.com.br/chronus/ARQUIVOS_CHRONUS/CAPAS_ARTIGOS_APP/635/635.png,0,"https://www.sebrae.com.br/sites/PortalSebrae/ufs/ap/artigos/emitir-comprovante-de-situacao-cadastral-no-cnpj,866204f99f103610VgnVCM1000004c00210aRCRD",,,Sim,MEI; EPP; ME,Empreendedorismo,ORGANIZAÇÃO EMPRESARIAL,Emitir comprovante de situação cadastral no CNPJ,Todos,0,AP,,,MEI; EPP; ME,Pessoa Jurídica,a6134f9f-956b-33ef-a4ca-cd27832b4b0c
10466,Entenda as diferenças entre contas a receber e a pagar,Artigo,"Entenda a diferença e a importância de controlar as entradas e saídas de valores, e mantenha a sua empresa saudável financeiramente.",https://bibliotecas.sebrae.com.br/chronus/ARQUIVOS_CHRONUS/CAPAS_ARTIGOS_APP/636/636.png,0,"https://www.sebrae.com.br/sites/PortalSebrae/ufs/ap/artigos/entenda-as-diferencas-entre-contas-a-receber-e-a-pagar,0f911219dcf2f510VgnVCM1000004c00210aRCRD",,,Sim,MEI; PF,Finanças,CUSTOS,controle.; conta; empresa,Todos,0,AP,,,MEI; PF,Pessoa Física; Pessoa Jurídica,4b0f29d8-f5de-3380-8207-d3c69da9ac1f
10467,Entenda mais sobre os financiamentos para microfranquias,Artigo,"Financiamentos são oferecidos pela rede bancária e em alguns casos, possuem serviço diferenciado para microfranquia.",https://bibliotecas.sebrae.com.br/chronus/ARQUIVOS_CHRONUS/CAPAS_ARTIGOS_APP/637/637.png,0,"https://www.sebrae.com.br/sites/PortalSebrae/ufs/ap/artigos/entenda-mais-sobre-os-financiamentos-para-microfranquias,c858105e03380610VgnVCM1000004c00210aRCRD",,,Sim,MEI; EPP; ME,Finanças,FINANCIAMENTO,financiamento para microfranquia; finanças; franqueado,Todos,0,AP,,,MEI; EPP; ME,Pessoa Jurídica,18f7436f-90a2-35d0-a21d-0a6c715cfd78
10468,É possível abrir empresa com o CPF negativado ou CPF irregular?,Artigo,O conteúdo aborda sobre abertura de empresa e as situações de CPF negativado e CPF irregular.,https://bibliotecas.sebrae.com.br/chronus/ARQUIVOS_CHRONUS/CAPAS_ARTIGOS_APP/638/638.png,0,"https://www.sebrae.com.br/sites/PortalSebrae/ufs/ap/artigos/entenda-se-e-possivel-abrir-empresa-com-o-cpf-irregular,5b20c51b14713610VgnVCM1000004c00210aRCRD",,,Sim,PF,Leis,LEGALIZAÇÃO DE EMPRESA,,Todos,0,AP,,,PF,Pessoa Física,38e24dc4-8d0f-33ad-8de7-f87d4409ff56
10469,Estabeleça objetivos em seu negócio em 5 passos,Artigo,Em 5 passos aprenda a estabelecer objetivos para o seu negócio fluir melhor.,https://bibliotecas.sebrae.com.br/chronus/ARQUIVOS_CHRONUS/CAPAS_ARTIGOS_APP/639/639.png,0,"https://www.sebrae.com.br/sites/PortalSebrae/ufs/ap/artigos/estabeleca-objetivos-em-seu-negocio-em-5-passos,ed53850c4d8f2610VgnVCM1000004c00210aRCRD",,,Sim,MEI; ME,Empreendedorismo,ATITUDE EMPREENDEDORA,Objetivo. Negócio. Estabelecer.,Todos,0,AP,,,MEI; ME,Pessoa Jurídica,75974df0-70a4-3405-ba72-3633cdff00ee
10470,Estratégias Efetivas de Visual Merchandising para Aumentar as Vendas,Artigo,"Se você é um empreendedor ou gerencia um negócio, já deve ter ouvido falar sobre Visual Merchandising.",https://bibliotecas.sebrae.com.br/chronus/ARQUIVOS_CHRONUS/CAPAS_ARTIGOS_APP/640/640.png,0,"https://www.sebrae.com.br/sites/PortalSebrae/ufs/ap/artigos/estrategias-efetivas-de-visual-merchandising-para-aumentar-as-vendas,b9d3ace85e4ef510VgnVCM1000004c00210aRCRD",,,Sim,MEI; EPP; ME,Mercado e Vendas,AMBIENTE DE VENDA,Identidade de Marca no Varejo; Varejo e Visual Merchandising; Experiência do Cliente no Varejo; Layout de Loja; Visual Merchandising; Design de Loja; Estratégias de Visual Merchandising; Otimização de Ponto de Venda; Impacto do Visual Merchandising; Vendas no Varejo,Todos,0,AP,,,MEI; EPP; ME,Pessoa Jurídica,35331197-1197-399a-947e-2de79fe7e2d6
10471,Estratégias para gerir sua empresa de forma eficiente,Artigo,"Analisar o mercado, enxugar custos e se antecipar à concorrência farão toda a diferença nesse cenário politico e econômico  instável.",https://bibliotecas.sebrae.com.br/chronus/ARQUIVOS_CHRONUS/CAPAS_ARTIGOS_APP/641/641.gif,0,"https://www.sebrae.com.br/sites/PortalSebrae/ufs/ap/artigos/estrategias-para-gerir-sua-empresa-de-forma-eficiente,5f0d4c1e87ded510VgnVCM1000004c00210aRCRD",,,Sim,MEI; EPP; ME,Mercado e Vendas,ESTRATÉGIA DE MERCADO,,Todos,0,AP,,,MEI; EPP; ME,Pessoa Jurídica,e7fbb1f2-a621-3ca3-be1d-784138d9542e
10472,Estratégias Persuasivas para Combater a Poluição do Ar,Artigo,"Descubra como fortalecer sua empresa, melhorar a qualidade do ar e reduzir emissões de carbono.",https://bibliotecas.sebrae.com.br/chronus/ARQUIVOS_CHRONUS/CAPAS_ARTIGOS_APP/642/642.png,0,"https://www.sebrae.com.br/sites/PortalSebrae/ufs/ap/artigos/estrategias-persuasivas-para-combater-a-poluicao-do-ar,94c5745c57a50610VgnVCM1000004c00210aRCRD",,,Sim,MEI; EPP; ME,Inovação,INICIATIVA SUSTENTÁVEL,,Todos,0,AP,,,MEI; EPP; ME,Pessoa Jurídica,9585791a-0fd3-3445-9b23-42918660655f
10473,Evite prejuízo ao comprar uma franquia de segunda mão,Artigo,"Tenha os devidos cuidados na hora de comprar uma franquia de segunda mão, veja algumas dicas para não ter prejuízo no futuro.",https://bibliotecas.sebrae.com.br/chronus/ARQUIVOS_CHRONUS/CAPAS_ARTIGOS_APP/643/643.png,0,"https://www.sebrae.com.br/sites/PortalSebrae/ufs/ap/artigos/evite-prejuizo-ao-comprar-uma-franquia-de-segunda-mao,c5c2850c4d8f2610VgnVCM1000004c00210aRCRD",,,Sim,EPP; ME,Empreendedorismo,NA,Franquia. Segunda mão. Prejuízo.,Todos,0,AP,,,EPP; ME,Pessoa Jurídica,2409cfdc-0729-3177-9420-1926443caa94
10474,Procedimento de cancelamento de inscrição de MEI Inadimplente.,Artigo,"Se você tem dúvidas ou conhece alguém que pode estar nesta situação, o texto abaixo vai  ajudar!",https://bibliotecas.sebrae.com.br/chronus/ARQUIVOS_CHRONUS/CAPAS_ARTIGOS_APP/644/644.png,0,"https://www.sebrae.com.br/sites/PortalSebrae/ufs/ap/artigos/faq-procedimento-de-cancelamento-de-inscricao-de-mei-inadimplente,6330643ce145f510VgnVCM1000004c00210aRCRD",,,Sim,MEI,Leis,LEGISLAÇÃO,cancelamento MEI; suspensão MEI; inscrição MEI cancelada,Todos,0,AP,,,MEI,Pessoa Jurídica,adb3a6cf-46c8-3e8b-92be-57cbc9e7b640
10475,Saiba como fazer o fluxo de caixa da sua empresa.,Artigo,O fluxo de caixa é um instrumento de controle financeiro que tem por finalidade controlar as entradas e saídas de dinheiro da empresa.,https://bibliotecas.sebrae.com.br/chronus/ARQUIVOS_CHRONUS/CAPAS_ARTIGOS_APP/645/645.png,0,"https://www.sebrae.com.br/sites/PortalSebrae/ufs/ap/artigos/fluxo-de-caixa,a8751947e93c9410VgnVCM2000003c74010aRCRD",,,Sim,MEI; EPP; ME,Finanças,FLUXO DE CAIXA,Fluxo de caixa,Todos,0,AP,,,MEI; EPP; ME,Pessoa Jurídica,43aea38c-5fbe-3ca3-8a3e-b1acbc67848e
10476,Indicações de clientes: Uma poderosa ferramenta para empresa,Artigo,Descubra como indicações de clientes podem ajudar a fidelizar clientes para sua empresa e conheça programas de indicações.,https://bibliotecas.sebrae.com.br/chronus/ARQUIVOS_CHRONUS/CAPAS_ARTIGOS_APP/653/653.png,0,"https://www.sebrae.com.br/sites/PortalSebrae/ufs/ap/artigos/indicacoes-de-clientes-uma-poderosa-ferramenta-para-empresa,6e840edf67bef510VgnVCM1000004c00210aRCRD",,,Sim,MEI; EPP; ME,Empreendedorismo,DESAFIO,Indicações de clientes; Fidelização; Aquisição,Todos,0,AP,,,MEI; EPP; ME,Pessoa Jurídica,709c1205-d54c-341e-ae54-91eef5c2d904
10477,Infoprodutos Lucrativos: Como Maximizar Seus Ganhos,Artigo,Descubra como trabalhar como freelancer e construir uma carreira de sucesso. Dicas práticas e insights valiosos para freelancers iniciantes e experientes.,https://bibliotecas.sebrae.com.br/chronus/ARQUIVOS_CHRONUS/CAPAS_ARTIGOS_APP/654/654.png,0,"https://www.sebrae.com.br/sites/PortalSebrae/ufs/ap/artigos/infoprodutos-lucrativos-como-maximizar-seus-ganhos,1e3c5de7667ea810VgnVCM1000001b00320aRCRD",,,Sim,MEI,Empreendedorismo,SERVIÇO,Infoprodutos de sucesso; Vender infoproduto; Estratégias de venda de infoprodutos; Marketing de infoprodutos,Todos,0,AP,,,MEI,Pessoa Jurídica,e75db679-1c00-3178-a5da-753b5fa96e15
10478,Lidando com clientes furiosos,Artigo,"Aprenda a lidar com clientes nervosos, 10 dicas que vão ajudar você sobressair em situações como essa em seu ambiente de trabalho.",https://bibliotecas.sebrae.com.br/chronus/ARQUIVOS_CHRONUS/CAPAS_ARTIGOS_APP/655/655.png,0,"https://www.sebrae.com.br/sites/PortalSebrae/ufs/ap/artigos/lidando-com-clientes-furiosos,0beab3720af4f510VgnVCM1000004c00210aRCRD",,,Sim,MEI; EPP; ME,Organização,GESTÃO,Empresa; Cliente Nervoso; Ambiente de trabalho; Empreendedor; Cliente,Todos,0,AP,,,MEI; EPP; ME,Pessoa Jurídica,78e04a5e-e6dd-3d1a-8a94-6fab9a07ea1a
10479,Lucrando com NFTs: Estratégias e Exemplos,Artigo,"Descubra como ganhar dinheiro com NFTs, explorando estratégias comprovadas e casos de sucesso.",https://bibliotecas.sebrae.com.br/chronus/ARQUIVOS_CHRONUS/CAPAS_ARTIGOS_APP/656/656.png,0,"https://www.sebrae.com.br/sites/PortalSebrae/ufs/ap/artigos/lucrando-com-nfts-estrategias-e-exemplos,82065de7667ea810VgnVCM1000001b00320aRCRD",,,Sim,MEI,Empreendedorismo,SERVIÇO,Estratégias de NFTs; Ganhar dinheiro com NFTs; Investimento em NFTs; Mercado de NFTs; Tokens Não Fungíveis,Todos,0,AP,,,MEI,Pessoa Jurídica,6fae93f4-e0d3-3cc5-83c7-6e167310108f
10480,Máquina da Cielo para o seu negócio,Artigo,Conheça um pouco dos serviços que a máquina da Cielo proporciona para melhorias do pagamento em cartão para seu negócio.,https://bibliotecas.sebrae.com.br/chronus/ARQUIVOS_CHRONUS/CAPAS_ARTIGOS_APP/659/659.png,0,"https://www.sebrae.com.br/sites/PortalSebrae/ufs/ap/artigos/maquina-da-cielo-para-o-seu-negocio,5447f658c4aa5610VgnVCM1000004c00210aRCRD",,,Sim,MEI; EPP; ME,Empreendedorismo,SERVIÇO,,Todos,0,AP,,,MEI; EPP; ME,Pessoa Jurídica,6679eb24-b4af-34af-a585-8d4833eedc16
10481,MEI Como obter a Inscrição Estadual,Artigo,O Sebrae no Amapá preparou um conteúdo para auxiliar o MEI no processo de aquisição da Inscrição Estadual,https://bibliotecas.sebrae.com.br/chronus/ARQUIVOS_CHRONUS/CAPAS_ARTIGOS_APP/660/660.png,0,"https://www.sebrae.com.br/sites/PortalSebrae/ufs/ap/artigos/mei-como-obter-a-inscricao-estadual,b4661f8c78493710VgnVCM1000004c00210aRCRD",,,Sim,MEI,Organização,MAPEAMENTO DE PROCESSO,Mei; Processo; Normas; Inscrição Estadual,Todos,0,AP,,,MEI,Pessoa Jurídica,b6408e7e-a3d6-3ce7-8508-4ee12164fe32
10482,Como estrangeiros podem ser MEI no Brasil,Artigo,"Veja o passo a passo para se tornar um Microempreendedor Individual no Brasil, mesmo vindo de outro país.",https://bibliotecas.sebrae.com.br/chronus/ARQUIVOS_CHRONUS/CAPAS_ARTIGOS_APP/661/661.png,0,"https://www.sebrae.com.br/sites/PortalSebrae/ufs/ap/artigos/mei-estrangeiro-voce-tambem-pode-ser-um,c42c3358be5ec410VgnVCM1000003b74010aRCRD",,,Sim,MEI,Leis,MICROEMPREENDEDOR INDIVIDUAL,MEI estrangeiro; empreender no Brasil; estrangeiro empreender,Todos,0,AP,,,MEI,Pessoa Jurídica,9a7dff6b-441a-32c6-8a4b-237dbca90177
10483,MEI – tire suas dúvidas em relação a “Restituição do MEI”,Artigo,Neste artigo você irá sanar algumas dúvidas sobre Restituição do MEI.,https://bibliotecas.sebrae.com.br/chronus/ARQUIVOS_CHRONUS/CAPAS_ARTIGOS_APP/662/662.png,0,"https://www.sebrae.com.br/sites/PortalSebrae/ufs/ap/artigos/mei-tire-suas-duvidas-em-relacao-a-restituicao-do-mei,609b11c987ec5610VgnVCM1000004c00210aRCRD",,,Sim,MEI,Empreendedorismo,SERVIÇO,MEI. Restituição. Dúvidas.,Todos,0,AP,,,MEI,Pessoa Jurídica,277f9211-ddf6-3d7c-a7e3-d61ad2e47a4c
10484,"MEI - tire suas dúvidas sobre o ""Cancelamento da inscrição de MEI""",Artigo,"No presente artigo, o MEI abordará algumas dúvidas frequentes sobre o Cancelamento da inscrição de MEI e muito mais.",https://bibliotecas.sebrae.com.br/chronus/ARQUIVOS_CHRONUS/CAPAS_ARTIGOS_APP/663/663.png,0,"https://www.sebrae.com.br/sites/PortalSebrae/ufs/ap/artigos/mei-tire-suas-duvidas-sobre-o-cancelamento-da-inscricao-de-mei,30a759c168036610VgnVCM1000004c00210aRCRD",,,Sim,MEI,Empreendedorismo,SERVIÇO,MEI; Cancelamento; Inscrição,Todos,0,AP,,,MEI,Pessoa Jurídica,bcaff36a-96ec-39a1-b2d7-12e2c211bba8
10485,"Mercado, como analisar meu concorrente",Artigo,"O mercado está em contínua evolução, conhecer os seus concorrentes é um fator essencial para o sucesso.",https://bibliotecas.sebrae.com.br/chronus/ARQUIVOS_CHRONUS/CAPAS_ARTIGOS_APP/664/664.png,0,"https://www.sebrae.com.br/sites/PortalSebrae/ufs/ap/artigos/mercado-como-analisar-meu-concorrente,6118cf74de20f510VgnVCM1000004c00210aRCRD",,,Sim,MEI; EPP; ME,Mercado e Vendas,ESTRATÉGIA DE MERCADO,como analisar meu concorrente; Mercado; Empreendedorismo,Todos,0,AP,,,MEI; EPP; ME,Pessoa Jurídica,09b82baf-403c-3247-a50d-ee030f5e0ee4
10486,Motivos para contratar um consultor para minha empresa,Artigo,Veja motivos ideais para você escolher um consultor para ajudar nas necessidades da sua empresa.,https://bibliotecas.sebrae.com.br/chronus/ARQUIVOS_CHRONUS/CAPAS_ARTIGOS_APP/666/666.png,0,"https://www.sebrae.com.br/sites/PortalSebrae/ufs/ap/artigos/motivos-para-contratar-um-consultor-para-minha-empresa,43b697daf5c55610VgnVCM1000004c00210aRCRD",,,Sim,MEI; EPP; ME,Pessoas,CONTRATOS,Contratar. Consultor. Empresa.,Todos,0,AP,,,MEI; EPP; ME,Pessoa Jurídica,ae6567e4-ba7e-3c17-bd05-ef1ff8dd5e27
10487,Negociando o contrato de entrega no comércio exterior,Artigo,Conheça os tipos de modal para exportação e importação dos seus produtos.,https://bibliotecas.sebrae.com.br/chronus/ARQUIVOS_CHRONUS/CAPAS_ARTIGOS_APP/667/667.png,0,"https://www.sebrae.com.br/sites/PortalSebrae/ufs/ap/artigos/negociando-o-contrato-de-entrega-no-comercio-exterior,b33284d96c431510VgnVCM1000004c00210aRCRD",,,Sim,EPP; ME,Mercado e Vendas,EXPORTAÇÃO,importação; exportação; mercado exterior; comércio exterior; modal,Todos,0,AP,,,EPP; ME,Pessoa Jurídica,3d5b2917-51bd-3c16-a67e-1841b28560cc
10488,Negócios Digitais: Transformação e Inovação,Artigo,Descubra como a transformação digital está revolucionando negócios com estratégias inovadoras e estudos de caso de sucesso.,https://bibliotecas.sebrae.com.br/chronus/ARQUIVOS_CHRONUS/CAPAS_ARTIGOS_APP/668/668.png,0,"https://www.sebrae.com.br/sites/PortalSebrae/ufs/ap/artigos/negocios-digitais-transformacao-e-inovacao,196e5de7667ea810VgnVCM1000001b00320aRCRD",,,Sim,MEI,Empreendedorismo,SERVIÇO,Como implementar a transformação digital em pequenas empresas,Todos,0,AP,,,MEI,Pessoa Jurídica,0be4745e-c658-322b-a979-4fbbf7717dd8
10489,Negócios familiares: Dicas para garantir o sucesso,Artigo,"Como planejar sua empresa familiar para que seja bem sucedida, dicas que garantem o sucesso do negócio.",https://bibliotecas.sebrae.com.br/chronus/ARQUIVOS_CHRONUS/CAPAS_ARTIGOS_APP/669/669.png,0,"https://www.sebrae.com.br/sites/PortalSebrae/ufs/ap/artigos/negocios-familiares-dicas-para-garantir-o-sucesso,7c7f86062e60f510VgnVCM1000004c00210aRCRD",,,Sim,MEI; EPP; ME,Planejamento,MODELO DO NEGÓCIO,Negócios familiares,Todos,0,AP,,,MEI; EPP; ME,Pessoa Jurídica,668a1f37-0b8a-3ee6-aeea-3aafd9bc59f7
10490,Entenda o que é Nota Fiscal Eletrônica e seus benefícios,Artigo,"Veja tudo sobre a Nota Fiscal Eletrônica neste artigo, suas características, benefícios e como emitir.",https://bibliotecas.sebrae.com.br/chronus/ARQUIVOS_CHRONUS/CAPAS_ARTIGOS_APP/670/670.png,0,"https://www.sebrae.com.br/sites/PortalSebrae/ufs/ap/artigos/nota-fiscal-eletronica-de-servico,90c41947e93c9410VgnVCM2000003c74010aRCRD",,,Sim,MEI; EPP; ME,Finanças,TRANSAÇÕES FINANCEIRAS,,Todos,0,AP,,,MEI; EPP; ME,Pessoa Jurídica,bc6f9236-0282-3160-b9d3-194106bab2be
10491,O que é sonegação de impostos?,Artigo,"Conheça 4 formas fraudulentas de sonegar impostos, não deixe que sua empresa caia nessa!",https://bibliotecas.sebrae.com.br/chronus/ARQUIVOS_CHRONUS/CAPAS_ARTIGOS_APP/673/673.png,0,"https://www.sebrae.com.br/sites/PortalSebrae/ufs/ap/artigos/o-que-e-sonegacao-de-impostos,98428178de8c5610VgnVCM1000004c00210aRCRD",,,Sim,Todos,Finanças,IMPOSTOS,Finanças; O que é sonegação de impostos?; Impostos; Rendimentos,Todos,0,AP,,,Todos,Pessoa Física; Pessoa Jurídica,60a0ddef-021f-3ad1-acee-69fcc32182d1
10492,O que são microfranquias,Artigo,"Entenda o que é este tipo de negócio, suas vantagens e possibilidades de renda dentro do setor.",https://bibliotecas.sebrae.com.br/chronus/ARQUIVOS_CHRONUS/CAPAS_ARTIGOS_APP/675/675.png,0,"https://www.sebrae.com.br/sites/PortalSebrae/ufs/ap/artigos/o-que-sao-microfranquias,06fe5e130530d410VgnVCM2000003c74010aRCRD",,,Sim,MEI; ME,Empreendedorismo,NA,Mercado e Vendas; Microfranquias,Todos,0,AP,,,MEI; ME,Pessoa Jurídica,14ec2c6b-133c-313a-bc7d-487d9c09a3d0
10493,O que um MEI pode fazer?,Artigo,Conheça atividades que podem ser executadas pelos MEI’s e saiba um pouco mais do setor.,https://bibliotecas.sebrae.com.br/chronus/ARQUIVOS_CHRONUS/CAPAS_ARTIGOS_APP/676/676.png,0,"https://www.sebrae.com.br/sites/PortalSebrae/ufs/ap/artigos/o-que-um-mei-pode-fazer,6e73850c4d8f2610VgnVCM1000004c00210aRCRD",,,Sim,MEI,Empreendedorismo,ATITUDE EMPREENDEDORA,MEI; Atividades; Setor; Empreendedorismo,Todos,0,AP,,,MEI,Pessoa Jurídica,176082e4-5b98-38b4-9f95-e9bded83f6ed
10494,Quais são as obrigações do empregador após a contratação de empregado,Artigo,Saiba o que o empregador precisa fazer depois de contratar um novo empregado para sua empresa.,https://bibliotecas.sebrae.com.br/chronus/ARQUIVOS_CHRONUS/CAPAS_ARTIGOS_APP/677/677.png,0,"https://www.sebrae.com.br/sites/PortalSebrae/ufs/ap/artigos/obrigacoes-do-empregador-apos-a-contratacao-de-um-empregado,39bf5e130530d410VgnVCM2000003c74010aRCRD",,,Sim,MEI; EPP; ME,Leis,ORGANIZAÇÃO DO TRABALHO,,Todos,0,AP,,,MEI; EPP; ME,Pessoa Jurídica,77d04591-681d-3280-949c-84a3b02d5c42
10495,Os benefícios do cartão empresarial para sua empresa,Artigo,Entenda de que maneira o uso deste tipo de cartão ajuda nas despesas do seu negócio.,https://bibliotecas.sebrae.com.br/chronus/ARQUIVOS_CHRONUS/CAPAS_ARTIGOS_APP/678/678.png,0,"https://www.sebrae.com.br/sites/PortalSebrae/ufs/ap/artigos/os-beneficios-do-cartao-empresarial-para-sua-empresa,6b5697daf5c55610VgnVCM1000004c00210aRCRD",,,Sim,MEI; ME,Finanças,DESPESAS,Finanças; gestão; Cartão empresarial; liderança,Todos,0,AP,,,MEI; ME,Pessoa Jurídica,46f29e57-bd8b-32eb-9c74-30e174888e30
10496,Passo a passo de como implantar a solução de gestão de qualidade,Artigo,"Aprenda soluções para alinhar sua gestão, mantendo a qualidade dos produtos e serviços.",https://bibliotecas.sebrae.com.br/chronus/ARQUIVOS_CHRONUS/CAPAS_ARTIGOS_APP/679/679.png,0,"https://www.sebrae.com.br/sites/PortalSebrae/ufs/ap/artigos/passo-a-passo-de-como-implantar-a-solucao-de-gestao-de-qualidade,f22186062e60f510VgnVCM1000004c00210aRCRD",,,Sim,MEI; EPP; ME,Planejamento,GESTÃO ESTRATÉGICA DE EMPRESAS,Passa a passo de como implantar a solução de gestão de qualidade,Todos,0,AP,,,MEI; EPP; ME,Pessoa Jurídica,9dba8221-202a-3d0c-9cce-5655e7e93409
10497,Perguntas e respostas sobre: Marketing de Experiência,Artigo,"O artigo produzido pelo Sebrae no Amapá, tira 10 dúvidas dos empreendedores sobre marketing de experiência.",https://bibliotecas.sebrae.com.br/chronus/ARQUIVOS_CHRONUS/CAPAS_ARTIGOS_APP/680/680.png,0,"https://www.sebrae.com.br/sites/PortalSebrae/ufs/ap/artigos/perguntas-e-respostas-sobre-marketing-de-experiencia,90a697daf5c55610VgnVCM1000004c00210aRCRD",,,Sim,MEI; EPP; ME,Empreendedorismo,APRENDIZAGEM, Marketing de Experiência; Experiência; Marketing,Todos,0,AP,,,MEI; EPP; ME,Pessoa Jurídica,b8436d77-ae1a-3b32-a4c5-2b79d07c378e
10498,"Pesquisa de Situação Fiscal, Cadastral e Relatório de Restrições",Artigo,"Saiba como funciona esta pesquisa, onde ela é feita e quem pode fazê-la.",https://bibliotecas.sebrae.com.br/chronus/ARQUIVOS_CHRONUS/CAPAS_ARTIGOS_APP/681/681.png,0,"https://www.sebrae.com.br/sites/PortalSebrae/ufs/ap/artigos/pesquisa-de-situacao-fiscal-cadastral-e-relatorio-de-restricoes,a3f8728b7e936610VgnVCM1000004c00210aRCRD",,,Sim,MEI; EPP; ME,Empreendedorismo,SERVIÇO,Entenda sobre Pesquisa de Situação Fiscal; Cadastral e Relatório de Restrições,Todos,0,AP,,,MEI; EPP; ME,Pessoa Jurídica,d0d701b8-cefa-3bc4-884f-5d0c3da3e287
10499,Podcasts: Explorando o Mundo da Comunicação Digital,Artigo,"Descubra o universo dos podcasts - de ouvinte a criador. Saiba como começar, ouvir, aprender e monetizar com exemplos reais.",https://bibliotecas.sebrae.com.br/chronus/ARQUIVOS_CHRONUS/CAPAS_ARTIGOS_APP/684/684.png,0,"https://www.sebrae.com.br/sites/PortalSebrae/ufs/ap/artigos/podcasts-explorando-o-mundo-da-comunicacao-digital,9ef35de7667ea810VgnVCM1000001b00320aRCRD",,,Sim,MEI,Empreendedorismo,SERVIÇO,Como começar um podcast de sucesso; Podcast,Todos,0,AP,,,MEI,Pessoa Jurídica,5cc6054d-754d-38c4-a33c-691697155900
10500,Por que criar um canal de YouTube para sua empresa?,Artigo,Inovação no meio eletrônico: Saiba como usar o Youtube como ferramenta de negócio e alie o marketing digital na comunicação com os clientes.,https://bibliotecas.sebrae.com.br/chronus/ARQUIVOS_CHRONUS/CAPAS_ARTIGOS_APP/685/685.png,0,"https://www.sebrae.com.br/sites/PortalSebrae/ufs/ap/artigos/por-que-criar-um-canal-de-youtube-para-sua-empresa,dff2f087c7c0f510VgnVCM1000004c00210aRCRD",,,Sim,MEI; EPP; ME,Inovação,INOVAÇÃO EM COMÉRCIO ELETRÔNICO,Marketing digital; Comunicação; Canal no Youtube,Todos,0,AP,,,MEI; EPP; ME,Pessoa Jurídica,5ed5af84-e672-3938-9b99-ba0ee7963b3d
10501,Porque investir em um profissional de design para sua empresa,Artigo,"O profissional de designer agrega valor a sua empresa. Entenda quais as vantagens e segmentos que ele pode atuar, além de custos e vantagens.",https://bibliotecas.sebrae.com.br/chronus/ARQUIVOS_CHRONUS/CAPAS_ARTIGOS_APP/686/686.png,0,"https://www.sebrae.com.br/sites/PortalSebrae/ufs/ap/artigos/porque-investir-em-um-profissional-de-design-para-sua-empresa,9f431219dcf2f510VgnVCM1000004c00210aRCRD",,,Sim,MEI; EPP; ME,Inovação,DESIGN,vantagens.; designer; empresa,Todos,0,AP,,,MEI; EPP; ME,Pessoa Jurídica,341548e1-2960-32a0-b478-284292839d0e
10502,Pratique o consumo responsável na sua empresa e reduza custos,Artigo,Confira algumas dicas sustentáveis que podem ajudar a sua empresa a praticar o consumo responsável.,https://bibliotecas.sebrae.com.br/chronus/ARQUIVOS_CHRONUS/CAPAS_ARTIGOS_APP/687/687.png,0,"https://www.sebrae.com.br/sites/PortalSebrae/ufs/ap/artigos/pratique-o-consumo-responsavel-na-sua-empresa-e-reduza-custos,a3617cbfdf11d810VgnVCM1000001b00320aRCRD",,,Sim,MEI; EPP; ME,Inovação,INICIATIVA SUSTENTÁVEL,dicas sustentáveis; empresa; consumo responsável,Todos,0,AP,,,MEI; EPP; ME,Pessoa Jurídica,6e11acf8-f858-3888-a4d7-96bfa5bd0975
10503,Preço e Produto: uma relação lucrativa,Artigo,"Preço e produto devem seguir uma estratégia que priorize o custo benefício do produto, sem abalar a lucratividade de sua empresa.",https://bibliotecas.sebrae.com.br/chronus/ARQUIVOS_CHRONUS/CAPAS_ARTIGOS_APP/689/689.png,0,"https://www.sebrae.com.br/sites/PortalSebrae/ufs/ap/artigos/preco-e-produto-uma-relacao-lucrativa,1d7afd6e02a2e510VgnVCM1000004c00210aRCRD",,,Sim,MEI; EPP; ME,Finanças,LUCRO,Lucro; Preço e Produto uma relação lucrativa; Venda; Precificação ,Todos,0,AP,,,MEI; EPP; ME,Pessoa Jurídica,a8bc2df3-09ca-3c99-bd62-0598a425d995
10504,Preparando-se para negociar,Artigo,Veja princípios básicos que vão ajudar você a obter sucesso em uma negociação.,https://bibliotecas.sebrae.com.br/chronus/ARQUIVOS_CHRONUS/CAPAS_ARTIGOS_APP/690/690.png,0,"https://www.sebrae.com.br/sites/PortalSebrae/ufs/ap/artigos/preparando-se-para-negociar,fd53643ce145f510VgnVCM1000004c00210aRCRD",,,Sim,MEI; ME,Planejamento,INTELIGÊNCIA COMPETITIVA,comportamento.; negociação; sucesso,Todos,0,AP,,,MEI; ME,Pessoa Jurídica,df4717b9-fadd-30c7-8047-48bd43289056
10505,Tipos de associações sem fins lucrativos,Artigo,"Entenda o que é uma associação, sua função e quais os tipos que existem.",https://bibliotecas.sebrae.com.br/chronus/ARQUIVOS_CHRONUS/CAPAS_ARTIGOS_APP/692/692.png,0,"https://www.sebrae.com.br/sites/PortalSebrae/ufs/ap/artigos/quais-os-tipos-de-associacao-sem-fins-lucrativos,27b597daf5c55610VgnVCM1000004c00210aRCRD",,,Sim,MEI; ME,Cooperação,ASSOCIAÇÃO,Associação; Cooperativismo; Entidades de classe,Associações,0,AP,,,MEI; ME,Pessoa Jurídica,5d065984-046e-311f-8641-0368a152ac1e
10506,Relatório de Satisfação dos Funcionários: entenda como funciona,Artigo,"Entenda a funcionalidade do Relatório de Satisfação dos Funcionários, para que serve e como funciona na prática.",https://bibliotecas.sebrae.com.br/chronus/ARQUIVOS_CHRONUS/CAPAS_ARTIGOS_APP/694/694.png,0,"https://www.sebrae.com.br/sites/PortalSebrae/ufs/ap/artigos/relatorio-de-satisfacao-dos-funcionarios-entenda-como-funciona,159d8178de8c5610VgnVCM1000004c00210aRCRD",,,Sim,MEI; EPP; ME,Planejamento,DIAGNÓSTICO EMPRESARIAL,Documento. Satisfação dos Funcionários,Todos,0,AP,,,MEI; EPP; ME,Pessoa Jurídica,877d44d5-ddf7-3946-a4ae-ad165ab2eaa9
10507,Saiba como contratar em regime parcial,Artigo,Este tipo de contrato pode ser feito pela empresa de acordo com sua necessidade e a necessidade de seus empregados.,https://bibliotecas.sebrae.com.br/chronus/ARQUIVOS_CHRONUS/CAPAS_ARTIGOS_APP/695/695.png,0,"https://www.sebrae.com.br/sites/PortalSebrae/ufs/ap/artigos/saiba-como-contratar-em-regime-parcial,1fb4acf93e0cb410VgnVCM1000003b74010aRCRD",,,Sim,MEI; EPP; ME,Pessoas,FUNCIONÁRIOS,Saiba como contratar em regime parcial,Todos,0,AP,,,MEI; EPP; ME,Pessoa Jurídica,0ae83e4f-f36e-3350-9138-def2f675bcbf
10508,Saiba como e porquê economizar para a aposentadoria,Artigo,Fique com algumas dicas de como economizar para garantir sua aposentadoria e conheça a melhor forma de guardar seu dinheiro poupado.,https://bibliotecas.sebrae.com.br/chronus/ARQUIVOS_CHRONUS/CAPAS_ARTIGOS_APP/696/696.png,0,"https://www.sebrae.com.br/sites/PortalSebrae/ufs/ap/artigos/saiba-como-e-porque-economizar-para-a-aposentadoria,d6b4c521ee5b2610VgnVCM1000004c00210aRCRD",,,Sim,MEI; EPP; ME,Leis,LEGISLAÇÃO PREVIDENCIÁRIA,Economizar; Aposentadoria.; Poupar,Todos,0,AP,,,MEI; EPP; ME,Pessoa Jurídica,d5d0dc86-ad1f-385a-b442-c12d4754140e
10509,Saiba como estabelecer metas para chegar ao sucesso,Artigo,"Organizar as ideias, se comprometer e estipular prazos: são alguns exemplos de como você pode criar metas.",https://bibliotecas.sebrae.com.br/chronus/ARQUIVOS_CHRONUS/CAPAS_ARTIGOS_APP/697/697.png,0,"https://www.sebrae.com.br/sites/PortalSebrae/ufs/ap/artigos/saiba-como-estabelecer-metas-para-chegar-ao-sucesso,39a8fc982bfef510VgnVCM1000004c00210aRCRD",,,Sim,MEI; EPP; ME,Empreendedorismo,DESAFIO,Liderança; Metas; Organização; Equipe,Todos,0,AP,,,MEI; EPP; ME,Pessoa Jurídica,dbd5a434-5573-325a-99b1-0d7a96e0dfe3
10510,Saiba como formalizar a admissão e registro de empregado,Artigo,O que você precisa fazer para o registro da contratação de um novo funcionário na sua empresa.,https://bibliotecas.sebrae.com.br/chronus/ARQUIVOS_CHRONUS/CAPAS_ARTIGOS_APP/698/698.png,0,"https://www.sebrae.com.br/sites/PortalSebrae/ufs/ap/artigos/saiba-como-formalizar-a-admissao-e-registro-de-empregado,146f84d96c431510VgnVCM1000004c00210aRCRD",,,Sim,PF,Pessoas,GESTÃO TRABALHISTA,Admissão; documentação para admissão; admissão de funcionário,Todos,0,AP,,,PF,Pessoa Física,217bfd5c-cab2-3410-807d-09e57b1b4faa
10511,Saiba como funciona o indicador de lucratividade,Artigo,Aprenda a aplicar e tenha o valor de retorno do seu investimento em lucros.,https://bibliotecas.sebrae.com.br/chronus/ARQUIVOS_CHRONUS/CAPAS_ARTIGOS_APP/699/699.png,0,"https://www.sebrae.com.br/sites/PortalSebrae/ufs/ap/artigos/saiba-como-funciona-o-indicador-de-lucratividade,23abcc19e6223610VgnVCM1000004c00210aRCRD",,,Sim,MEI; ME,Planejamento,DIAGNÓSTICO EMPRESARIAL,,Todos,0,AP,,,MEI; ME,Pessoa Jurídica,dfc206c6-1079-3f15-adbe-7c546ea3e9f3
10512,Saiba como quitar suas dívidas sem pedir empréstimo,Artigo,Dicas para você não depender de empréstimos e ainda conseguir uma renda extra.,https://bibliotecas.sebrae.com.br/chronus/ARQUIVOS_CHRONUS/CAPAS_ARTIGOS_APP/700/700.png,0,"https://www.sebrae.com.br/sites/PortalSebrae/ufs/ap/artigos/saiba-como-quitar-suas-dividas-sem-pedir-emprestimo,3c34c521ee5b2610VgnVCM1000004c00210aRCRD",,,Sim,MEI; ME,Empreendedorismo,ATITUDE EMPREENDEDORA,Empréstimo;  Finanças; Dívidas,Todos,0,AP,,,MEI; ME,Pessoa Jurídica,1bdb4263-ef78-3095-9419-520fbeb3063a
10513,Saiba mais sobre a suspensão de CNPJ do MEI,Artigo,"Conheça a lei que regulamenta a suspensão do MEI, saiba onde verificar se seu CNPJ está suspenso e o que é preciso para verificação.",https://bibliotecas.sebrae.com.br/chronus/ARQUIVOS_CHRONUS/CAPAS_ARTIGOS_APP/701/701.png,0,"https://www.sebrae.com.br/sites/PortalSebrae/ufs/ap/artigos/saiba-mais-sobre-a-suspensao-de-cnpj-do-mei,f05304f99f103610VgnVCM1000004c00210aRCRD",,,Sim,MEI,Leis,MICROEMPREENDEDOR INDIVIDUAL,Saiba mais sobre a suspensão de CNPJ do MEI,Todos,0,AP,,,MEI,Pessoa Jurídica,a9ca43c0-6c85-31d1-8edb-10c20e7ad63d
10514,Saiba o que é e como fazer excelente benchmark,Artigo,"Entenda como funciona, o que é, e os objetivos de trabalhar o benchmark na sua empresa.",https://bibliotecas.sebrae.com.br/chronus/ARQUIVOS_CHRONUS/CAPAS_ARTIGOS_APP/702/702.png,0,"https://www.sebrae.com.br/sites/PortalSebrae/ufs/ap/artigos/saiba-o-que-e-e-como-fazer-excelente-benchmark,1cb0c51b14713610VgnVCM1000004c00210aRCRD",,,Sim,MEI; EPP; ME,Empreendedorismo,DIFERENCIAÇÃO,,Todos,0,AP,,,MEI; EPP; ME,Pessoa Jurídica,f0c02c57-ff4b-3618-b627-49d2e3611dbd
10515,O que são custos fixos e custos variáveis,Artigo,"Conhecer os custos de sua empresa é vital para controlar e planejar os gastos, impactando nos lucros ou prejuízos da empresa.",https://bibliotecas.sebrae.com.br/chronus/ARQUIVOS_CHRONUS/CAPAS_ARTIGOS_APP/703/703.png,0,"https://www.sebrae.com.br/sites/PortalSebrae/ufs/ap/artigos/saiba-o-que-sao-custos-fixos-e-custos-variaveis,7cf697daf5c55610VgnVCM1000004c00210aRCRD",,,Sim,MEI; ME,Finanças,ANÁLISE DE CUSTO,,Todos,0,AP,,,MEI; ME,Pessoa Jurídica,6f4daf41-c190-33d2-87c6-a9cc9816ca34
10516,Saiba produzir sua terra sem agredir o meio ambiente,Artigo,Produzir com respeito ao meio ambiente é ser engajado nas práticas ecologicamente corretas.,https://bibliotecas.sebrae.com.br/chronus/ARQUIVOS_CHRONUS/CAPAS_ARTIGOS_APP/704/704.png,0,"https://www.sebrae.com.br/sites/PortalSebrae/ufs/ap/artigos/saiba-produzir-sua-terra-sem-agredir-o-meio-ambiente,6bf1b07f5c87f510VgnVCM1000004c00210aRCRD",,,Sim,EPP; PF; ME,Planejamento,AÇÃO SUSTENTÁVEL,Meio ambiente; Organização; Produção,Cafeicultura; Cultivo de algodão e outras fibras; Cultivo de cereais; Cultivo de oleaginosas; Cultivos diversos; Fruticultura; Horticultura; Serviços de apoio à agricultura,0,AP,,,EPP; PF; ME,Pessoa Física; Pessoa Jurídica,ea2fa388-5dc8-3b57-9c5f-153b2f8948f0
10517,Saiba quais cuidados tomar ao abrir uma franquia,Artigo,"Esclareça alguns pontos antes de abrir este tipo de negócio, é importante se informar sobre alguns pontos entre franquia e franqueado.",https://bibliotecas.sebrae.com.br/chronus/ARQUIVOS_CHRONUS/CAPAS_ARTIGOS_APP/705/705.png,0,"https://www.sebrae.com.br/sites/PortalSebrae/ufs/ap/artigos/saiba-quais-cuidados-tomar-ao-abrir-uma-franquia,3b91ee26e64b1610VgnVCM1000004c00210aRCRD",,,Sim,EPP; ME,Mercado e Vendas,FRANQUEADO,Microfranquia; Franqueado.; Informações sobre microfranquia,Todos,0,AP,,,EPP; ME,Pessoa Jurídica,252740e6-263e-39d3-9342-a54bf1f5d91c
10518,Seleção participativa de mandioca,Artigo,"O artigo foca na importância da seleção de variedades de mandioca, para o aumento da produtividade",https://bibliotecas.sebrae.com.br/chronus/ARQUIVOS_CHRONUS/CAPAS_ARTIGOS_APP/707/707.jpg,0,"https://www.sebrae.com.br/sites/PortalSebrae/ufs/ap/artigos/selecao-participativa-de-mandioca,1a716ddceeca6610VgnVCM1000004c00210aRCRD",,,Sim,EPP; ME,Inovação,AUMENTO DA EFICIÊNCIA PRODUTIVA,Avaliação; Variedades; Ácido Cianídrico; Seleção; Participativa,Cultivos diversos; Indústria de alimentos e bebidas; Serviços de apoio à agricultura,0,AP,,,EPP; ME,Pessoa Jurídica,8aad4c75-45aa-3aa1-b517-23712bcee291
10519,Siglas importantes que todo empreendedor precisa saber,Artigo,O empreendedor irá conhecer algumas siglas que cercam o mundo dos empresários.,https://bibliotecas.sebrae.com.br/chronus/ARQUIVOS_CHRONUS/CAPAS_ARTIGOS_APP/708/708.png,0,"https://www.sebrae.com.br/sites/PortalSebrae/ufs/ap/artigos/siglas-importantes-que-todo-empreendedor-precisa-saber,54f759c168036610VgnVCM1000004c00210aRCRD",,,Sim,MEI,Empreendedorismo,SERVIÇO,MEI. Siglas. Mundo. Empresarial.,Todos,0,AP,,,MEI,Pessoa Jurídica,cb8a4441-f60c-30e7-94cf-030371eb75b2
10520,Termos que todo o empreendedor precisa entender: Dicionário financeiro,Artigo,"Conheças 10 termos que são usados dentro do ramo empresarial, e que você empreendedor precisa ficar por dentro para entender.",https://bibliotecas.sebrae.com.br/chronus/ARQUIVOS_CHRONUS/CAPAS_ARTIGOS_APP/709/709.png,0,"https://www.sebrae.com.br/sites/PortalSebrae/ufs/ap/artigos/termos-que-todo-o-empreendedor-precisa-entender-dicionario-financeiro,674797daf5c55610VgnVCM1000004c00210aRCRD",,,Sim,MEI; ME,Organização,GESTÃO,Dicionário. Financeiro. Empreendedor,Todos,0,AP,,,MEI; ME,Pessoa Jurídica,35202f4a-2b3c-38d5-bfab-813e09014b44
10521,Tire suas dúvidas sobre o colaborador do MEI,Artigo,Neste artigo você irá sanar algumas dúvidas sobre o colaborador do microempreendedor individual.,https://bibliotecas.sebrae.com.br/chronus/ARQUIVOS_CHRONUS/CAPAS_ARTIGOS_APP/710/710.png,0,"https://www.sebrae.com.br/sites/PortalSebrae/ufs/ap/artigos/tire-suas-duvidas-sobre-o-colaborador-do-mei,72da11c987ec5610VgnVCM1000004c00210aRCRD",,,Sim,MEI,Empreendedorismo,SERVIÇO,Tire suas dúvidas sobre o colaborador do MEI,Todos,0,AP,,,MEI,Pessoa Jurídica,136cb4f5-11d4-3b8e-897b-e1b3e4b40857
10522,Três dicas do que não fazer ao abrir sua empresa,Artigo,"Controle das finanças, investir demais e abrir uma empresa sem contador são alguns dos erros que você não pode cometer ao abrir sua empresa. Veja o porquê.",https://bibliotecas.sebrae.com.br/chronus/ARQUIVOS_CHRONUS/CAPAS_ARTIGOS_APP/711/711.png,0,"https://www.sebrae.com.br/sites/PortalSebrae/ufs/ap/artigos/tres-dicas-do-que-nao-fazer-ao-abrir-sua-empresa,5b447ad8d4570610VgnVCM1000004c00210aRCRD",,,Sim,PF,Empreendedorismo,ABERTURA DE EMPRESA,empresa; erros; abrir,Todos,0,AP,,,PF,Pessoa Física,e944fe5e-d854-3d8a-84e2-4a99a75a4a17
10523,Utilize o Facebook como uma ferramenta estratégica,Artigo,O Sebrae capacita jovens recém-formados e empresários incorporando a inovação e a tecnologia no dia a dia.,https://bibliotecas.sebrae.com.br/chronus/ARQUIVOS_CHRONUS/CAPAS_ARTIGOS_APP/712/712.png,0,"https://www.sebrae.com.br/sites/PortalSebrae/ufs/ap/artigos/utilize-o-facebook-como-uma-ferramenta-estrategica,f46827a91f70f510VgnVCM1000004c00210aRCRD",,,Sim,MEI; EPP; ME,Inovação,DIFERENCIAL,Utilize o Facebook como uma ferramenta estratégica,Todos,0,AP,,,MEI; EPP; ME,Pessoa Jurídica,1343c27a-d655-3db6-931b-ec4c11fe025a
10524,Veja quais benefícios da antecipação de recebíveis para sua empresa,Artigo,"Saiba como funciona este serviço, como obtê os benefícios e os cuidados que sua empresa deve tomar ao utilizá-lo.",https://bibliotecas.sebrae.com.br/chronus/ARQUIVOS_CHRONUS/CAPAS_ARTIGOS_APP/713/713.png,0,"https://www.sebrae.com.br/sites/PortalSebrae/ufs/ap/artigos/veja-quais-beneficios-da-antecipacao-de-recebiveis-para-sua-empresa,5c065a911885f510VgnVCM1000004c00210aRCRD",,,Sim,MEI; EPP; ME,Finanças,EMPRÉSTIMO,,Todos,0,AP,,,MEI; EPP; ME,Pessoa Jurídica,39b71bb5-b0c3-3b71-bec1-c7b655d2b063
10525,Vídeos como estratégia de marketing para sua empresa,Artigo,"Neste artigo, mostraremos algumas vantagens para você empreendedor, usar vídeos como estratégia de marketing nas redes sociais.",https://bibliotecas.sebrae.com.br/chronus/ARQUIVOS_CHRONUS/CAPAS_ARTIGOS_APP/714/714.png,0,"https://www.sebrae.com.br/sites/PortalSebrae/ufs/ap/artigos/videos-como-estrategia-de-marketing-para-sua-empresa,c72ac51b14713610VgnVCM1000004c00210aRCRD",,,Sim,MEI; EPP; ME,Inovação,INOVAÇÃO EM NEGÓCIOS DIGITAIS,Estratégia de marketing. Redes sociais.,Todos,0,AP,,,MEI; EPP; ME,Pessoa Jurídica,20e749ec-406a-3d13-b67d-8b3623fd6b05
10526,10 erros financeiros que podem quebrar sua empresa,Artigo,"Evite os 10 erros financeiros que travam empresas: controle o caixa, precifique bem, planeje e use ferramentas para crescer com segurança",https://bibliotecas.sebrae.com.br/chronus/ARQUIVOS_CHRONUS/CAPAS_ARTIGOS_APP/716/716.png,0,"https://www.sebrae.com.br/sites/PortalSebrae/ufs/ba/artigos/10-erros-financeiros-que-podem-quebrar-sua-empresa,f1f8acf112088910VgnVCM1000001b00320aRCRD",,,Sim,MEI; EPP; ME,Finanças,GESTÃO FINANCEIRA,controle financeiro; erros de gestão; finanças; fluxo de caixa; inadimplência; gestão empresarial; planejamento; precificação,Todos,0,BA,,,MEI; EPP; ME,Pessoa Jurídica,c482d878-f63d-3811-9d18-9559ff0a722b
10527,Como treinar sua equipe com pouco investimento: 7 estratégias práticas,Artigo,Treine sua equipe com 7 estratégias práticas e baratas que aumentam engajamento e produtividade sem pesar no orçamento,https://bibliotecas.sebrae.com.br/chronus/ARQUIVOS_CHRONUS/CAPAS_ARTIGOS_APP/718/718.png,0,"https://www.sebrae.com.br/sites/PortalSebrae/ufs/ba/artigos/como-treinar-sua-equipe-com-pouco-investimento-7-estrategias-praticas,7f71c429eff78910VgnVCM1000001b00320aRCRD",,,Sim,MEI; ME,Pessoas,CAPACITAÇÃO,produtividade; desenvolvimento profissional; gestão de pessoas; baixo custo; equipe; capacitação; treinamento,Todos,0,BA,,,MEI; ME,Pessoa Jurídica,4d443e70-38af-3479-b2bc-38a0ce532db7
10528,Como usar pesquisas de satisfação para vender mais na sua empresa,Artigo,"Use pesquisas de satisfação para ouvir seus clientes, identificar melhorias e fortalecer a marca com ações baseadas em feedback.",https://bibliotecas.sebrae.com.br/chronus/ARQUIVOS_CHRONUS/CAPAS_ARTIGOS_APP/719/719.png,0,"https://www.sebrae.com.br/sites/PortalSebrae/ufs/ba/artigos/como-usar-pesquisas-de-satisfacao-para-vender-mais-na-sua-empresa,533ac429eff78910VgnVCM1000001b00320aRCRD",,,Sim,EPP; ME,Mercado e Vendas,PESQUISA DE MERCADO,atendimento ao cliente; dados; vendas; pesquisa de satisfação; experiência do cliente; pós-venda; fidelização,Todos,0,BA,,,EPP; ME,Pessoa Jurídica,d4c4cd4f-c5f0-3dbd-8294-2d6eb45f51ca
10529,Comunicação interna: como fortalecer a gestão de equipes,Artigo,"Entenda como fortalecer a equipe com comunicação interna, alinhando processos, ganhando produtividade e promovendo colaboração.",https://bibliotecas.sebrae.com.br/chronus/ARQUIVOS_CHRONUS/CAPAS_ARTIGOS_APP/720/720.png,0,"https://www.sebrae.com.br/sites/PortalSebrae/ufs/ba/artigos/comunicacao-interna-como-fortalecer-a-gestao-de-equipes,46611c3ff4aa8910VgnVCM1000001b00320aRCRD",,,Sim,MEI; EPP; ME,Mercado e Vendas,PESQUISA DE MERCADO,produtividade; comunicação; clima organizacional; gestão de pessoas; alinhamento; liderança; equipe,Todos,0,BA,,,MEI; EPP; ME,Pessoa Jurídica,70bf5fc9-6aaf-3ba5-807e-9c0370eaa359
10530,Controle de estoque para empresas em expansão: como fazer certo,Artigo,"Implemente um controle de estoque eficiente e estratégico para reduzir perdas, cortar custos e ganhar produtividade com métodos e tecnologia",https://bibliotecas.sebrae.com.br/chronus/ARQUIVOS_CHRONUS/CAPAS_ARTIGOS_APP/721/721.png,0,"https://www.sebrae.com.br/sites/PortalSebrae/ufs/ba/artigos/controle-de-estoque-para-empresas-em-expansao-como-fazer-certo,ed9e7ff97af78910VgnVCM1000001b00320aRCRD",,,Sim,MEI; EPP; ME,Organização,GESTÃO,estoque; ERP; automação; produtividade; planejamento de compras; controle de perdas; gestão empresarial,Academias e atividades físicas; Artesanato; Beleza; Comércio varejista da moda; Comércio varejista de autopeças; Comércio atacadista rural; Comércio varejista de alimentos e bebidas; Comércio varejista de informática; Comércio varejista de materiais de construção; Comércio varejista - Diversos,0,BA,,,MEI; EPP; ME,Pessoa Jurídica,12d890d3-e318-3ecf-beaf-496303b03d12
10531,Empreendedorismo feminino: 3 pilares para desenvolver sua gestão,Artigo,"Implemente um controle de estoque eficiente e estratégico para reduzir perdas, cortar custos e ganhar produtividade com métodos e tecnologia",https://bibliotecas.sebrae.com.br/chronus/ARQUIVOS_CHRONUS/CAPAS_ARTIGOS_APP/723/723.png,0,"https://www.sebrae.com.br/sites/PortalSebrae/ufs/ba/artigos/empreendedorismo-feminino-3-pilares-para-desenvolver-sua-gestao,41d318ae26678910VgnVCM1000001b00320aRCRD",,,Sim,MEI; EPP; ME,Organização,GESTÃO,empoderamento; gestão; empreendedorismo feminino; mulheres empreendedoras; autoestima; liderança; organização,Todos,0,BA,,,MEI; EPP; ME,Pessoa Jurídica,a30072b8-6c18-3117-a736-e5f6e35d4a9c
10532,Empreendedorismo Feminino no Brasil: Desafios e o Sebrae Delas,Artigo,"O empreendedorismo feminino tem ganhado destaque no Brasil, mas ainda enfrenta uma série de desafios.",https://bibliotecas.sebrae.com.br/chronus/ARQUIVOS_CHRONUS/CAPAS_ARTIGOS_APP/724/724.png,0,"https://www.sebrae.com.br/sites/PortalSebrae/ufs/ba/artigos/empreendedorismo-feminino-no-brasil-desafios-e-o-sebrae-delas,811d29c0c96cd810VgnVCM1000001b00320aRCRD",,,Sim,MEI; EPP; ME,Empreendedorismo,DESAFIO,sebrae delas; empreendedorismo feminino; empreendedoras; mulher de negócios,Todos,0,BA,,,MEI; EPP; ME,Pessoa Jurídica,4e8104ab-2018-32bc-a2d5-9295a29d38da
10533,Estratégias de marketing: tudo que empreendedores precisam saber,Artigo,"Descubra estratégias de marketing para atrair clientes, fortalecer sua marca e vender mais. Dicas práticas para começar do zero e evitar erros",https://bibliotecas.sebrae.com.br/chronus/ARQUIVOS_CHRONUS/CAPAS_ARTIGOS_APP/725/725.png,0,"https://www.sebrae.com.br/sites/PortalSebrae/ufs/ba/artigos/estrategias-de-marketing-tudo-que-empreendedores-precisam-saber,93e7248d02aa8910VgnVCM1000001b00320aRCRD",,,Sim,MEI; EPP; ME,Mercado e Vendas,ESTRATÉGIA DE VENDA,marketing; empreendedorismo; redes sociais; campanhas promocionais; conteúdo digital; marketing digital; posicionamento; fidelização,Todos,0,BA,,,MEI; EPP; ME,Pessoa Jurídica,ae5ce4a0-0cbf-36af-906f-d66a4ed7c45e
10534,Fluxo de caixa: como fazer o seu controle com mais eficiência,Artigo,"Organize seu fluxo de caixa para garantir equilíbrio financeiro, evitar erros comuns e tomar decisões estratégicas com mais segurança",https://bibliotecas.sebrae.com.br/chronus/ARQUIVOS_CHRONUS/CAPAS_ARTIGOS_APP/726/726.png,0,"https://www.sebrae.com.br/sites/PortalSebrae/ufs/ba/artigos/fluxo-de-caixa-como-fazer-o-seu-controle-com-mais-eficiencia,a7817ff97af78910VgnVCM1000001b00320aRCRD",,,Sim,MEI; EPP; ME,Organização,GESTÃO,MEI; controle financeiro; controle de gastos; finanças; planejamento financeiro; fluxo de caixa; microempresa; capital de giro,Todos,0,BA,,,MEI; EPP; ME,Pessoa Jurídica,75bdae2f-347b-3aa8-a3a4-fef4c754e16d
10535,Funil de vendas: entenda o que é e veja como aplicar no seu negócio,Artigo,"Aprenda a usar o funil de vendas para atrair, nutrir e converter clientes. Dicas simples, exemplos e práticas para vender mais",https://bibliotecas.sebrae.com.br/chronus/ARQUIVOS_CHRONUS/CAPAS_ARTIGOS_APP/727/727.png,0,"https://www.sebrae.com.br/sites/PortalSebrae/ufs/ba/artigos/funil-de-vendas-entenda-o-que-e-e-veja-como-aplicar-no-seu-negocio,6dec1c3ff4aa8910VgnVCM1000001b00320aRCRD",,,Sim,MEI; EPP; ME,Mercado e Vendas,GESTÃO DE VENDA,marketing; relacionamento; atração de clientes; conversão; vendas; funil de vendas; estratégia comercial; jornada do cliente,Todos,0,BA,,,MEI; EPP; ME,Pessoa Jurídica,e11dc8aa-1685-3c0f-83a7-79be0ef0c2b3
10536,Gestão de tempo para empreendedores: como equilibrar e render mais,Artigo,"Aplique a gestão do tempo para planejar melhor, evitar sobrecarga, manter o foco e aumentar a produtividade da sua empresa.",https://bibliotecas.sebrae.com.br/chronus/ARQUIVOS_CHRONUS/CAPAS_ARTIGOS_APP/728/728.png,0,"https://www.sebrae.com.br/sites/PortalSebrae/ufs/ba/artigos/gestao-de-tempo-para-empreendedores-como-equilibrar-e-render-mais,c8c25632b2b88910VgnVCM1000001b00320aRCRD",,,Sim,MEI; EPP; ME,Organização,GESTÃO DA QUALIDADE E PRODUTIVIDADE,gestão do tempo; produtividade; ferramentas de organização; rotina empreendedora; foco; equilíbrio; planejamento,Todos,0,BA,,,MEI; EPP; ME,Pessoa Jurídica,ffc7a47a-5ae3-3b05-acbe-af2dc6f484f6
10537,Gestão estratégica: como delegar e organizar processos na sua empresa,Artigo,"Delegue e organize processos para ganhar tempo, estruturar rotinas e focar no crescimento estratégico do seu negócio.",https://bibliotecas.sebrae.com.br/chronus/ARQUIVOS_CHRONUS/CAPAS_ARTIGOS_APP/729/729.png,0,"https://www.sebrae.com.br/sites/PortalSebrae/ufs/ba/artigos/gestao-estrategica-como-delegar-e-organizar-processos-na-sua-empresa,00015632b2b88910VgnVCM1000001b00320aRCRD",,,Sim,MEI; EPP; ME,Organização,EFICIÊNCIA,produtividade; delegação; liderança; processos; crescimento; gestão estratégica; organização empresarial,Todos,0,BA,,,MEI; EPP; ME,Pessoa Jurídica,891cf192-0f53-3ef6-ba40-30acf71a54f7
10538,Marketing pessoal para mulheres empreendedoras: como usar a seu favor,Artigo,"Use o marketing pessoal para fortalecer sua imagem, gerar autoridade e atrair clientes de forma autêntica e estratégica",https://bibliotecas.sebrae.com.br/chronus/ARQUIVOS_CHRONUS/CAPAS_ARTIGOS_APP/730/730.png,0,"https://www.sebrae.com.br/sites/PortalSebrae/ufs/ba/artigos/marketing-pessoal-para-mulheres-empreendedoras-como-usar-a-seu-favor,d54e5632b2b88910VgnVCM1000001b00320aRCRD",,,Sim,MEI; EPP; ME,Mercado e Vendas,POSICIONAMENTO,autoridade; marketing pessoal; liderança feminina; marca pessoal; mulheres empreendedoras; visibilidade; imagem profissional,Todos,0,BA,,,MEI; EPP; ME,Pessoa Jurídica,0bf78f48-e3ec-3794-8d14-97150ca3627c
10539,O que postar nas redes sociais? Guia semanal para empreendedores,Artigo,"Crie um calendário de postagens para redes sociais com conteúdo atrativo, ferramentas gratuitas e mais engajamento para sua empresa",https://bibliotecas.sebrae.com.br/chronus/ARQUIVOS_CHRONUS/CAPAS_ARTIGOS_APP/731/731.png,0,"https://www.sebrae.com.br/sites/PortalSebrae/ufs/ba/artigos/o-que-postar-nas-redes-sociais-guia-semanal-para-empreendedores,41af5632b2b88910VgnVCM1000001b00320aRCRD",,,Sim,MEI; EPP; ME,Mercado e Vendas,NEGÓCIOS DIGITAIS,comunicação; redes sociais; conteúdo digital; plano de marketing; Instagram; marketing digital; calendário de postagens,Todos,0,BA,,,MEI; EPP; ME,Pessoa Jurídica,3dc7d4f7-44cc-313e-a843-947bbf24c9e5
10540,Organização financeira e de processos: como integrar para crescer,Artigo,"Aprenda como integrar finanças e processos para reduzir desperdícios, melhorar a precificação e crescer com mais eficiência e segurança",https://bibliotecas.sebrae.com.br/chronus/ARQUIVOS_CHRONUS/CAPAS_ARTIGOS_APP/732/732.png,0,"https://www.sebrae.com.br/sites/PortalSebrae/ufs/ba/artigos/organizacao-financeira-e-de-processos-como-integrar-para-crescer,6e9e1c3ff4aa8910VgnVCM1000001b00320aRCRD",,,Sim,MEI; EPP; ME,Finanças,GESTÃO FINANCEIRA,produtividade; organização financeira; gestão integrada; controle de custos; crescimento empresarial; processos; eficiência,Todos,0,BA,,,MEI; EPP; ME,Pessoa Jurídica,e54271c0-354c-3d60-8eec-5cd31cdc6f26
10541,Passo a passo para obter empréstimo para CNPJ,Artigo,"Aprenda a solicitar crédito para sua empresa com consciência: vantagens, documentos, escore, passo a passo e dicas para evitar dívidas",https://bibliotecas.sebrae.com.br/chronus/ARQUIVOS_CHRONUS/CAPAS_ARTIGOS_APP/733/733.png,0,"https://www.sebrae.com.br/sites/PortalSebrae/ufs/ba/artigos/passo-a-passo-para-obter-emprestimo-para-cnpj,25c8248d02aa8910VgnVCM1000001b00320aRCRD",,,Sim,MEI; EPP; ME,Finanças,GESTÃO FINANCEIRA,escore empresarial; empréstimo; crédito para empresas; crédito PJ; financiamento; gestão financeira; CNPJ,Todos,0,BA,,,MEI; EPP; ME,Pessoa Jurídica,64f07a2c-363a-36aa-b63b-602551b717b2
10542,Roda da autonomia financeira: como anda sua relação com o dinheiro?,Artigo,Avalie sua relação com o dinheiro com a roda da autonomia financeira. Dicas para organizar finanças e fortalecer o equilíbrio do seu negócio,https://bibliotecas.sebrae.com.br/chronus/ARQUIVOS_CHRONUS/CAPAS_ARTIGOS_APP/734/734.png,0,"https://www.sebrae.com.br/sites/PortalSebrae/ufs/ba/artigos/roda-da-autonomia-financeira-como-anda-sua-relacao-com-o-dinheiro,f533248d02aa8910VgnVCM1000001b00320aRCRD",,,Sim,MEI; EPP; ME,Finanças,CONTROLE FINANCEIRO,controle de gastos; organização financeira; educação financeira; autonomia financeira; hábitos financeiros; finanças pessoais; planejamento,Todos,0,BA,,,MEI; EPP; ME,Pessoa Jurídica,70dcdc77-ae68-371f-8800-95735a6b1d86
10543,Separação de contas: como organizar as finanças da empresa,Artigo,"Separe contas pessoais e empresariais com organização financeira, conta PJ e ferramentas de gestão para crescer com mais segurança",https://bibliotecas.sebrae.com.br/chronus/ARQUIVOS_CHRONUS/CAPAS_ARTIGOS_APP/735/735.png,0,"https://www.sebrae.com.br/sites/PortalSebrae/ufs/ba/artigos/separacao-de-contas-como-organizar-as-financas-da-empresa,a2dc5526d0088910VgnVCM1000001b00320aRCRD",,,Sim,MEI; ME,Finanças,CONTROLE FINANCEIRO,pró-labore; controle financeiro; gestão; finanças; planejamento financeiro; fluxo de caixa; conta empresarial; microempresa,Todos,0,BA,,,MEI; ME,Pessoa Jurídica,4d66d6d9-b5e6-386a-9ce6-c86f9bbd0f3f
10544,Venda mais com o WhatsApp: estratégias para empresas em expansão,Artigo,"Transforme o WhatsApp em canal de vendas e fidelização com atendimento pro, recursos do Business e estratégias para atrair e manter clientes",https://bibliotecas.sebrae.com.br/chronus/ARQUIVOS_CHRONUS/CAPAS_ARTIGOS_APP/738/738.png,0,"https://www.sebrae.com.br/sites/PortalSebrae/ufs/ba/artigos/venda-mais-com-o-whatsapp-estrategias-para-empresas-em-expansao,36ea1c09edf78910VgnVCM1000001b00320aRCRD",,,Sim,MEI; EPP; ME,RELACIONAMENTOS COM CLIENTE - CRM,NA,MEI; relacionamento com cliente; vendas; marketing digital; atendimento; microempresa; fidelização; WhatsApp,Todos,0,BA,,,MEI; EPP; ME,Pessoa Jurídica,ddd10183-6f02-39f6-9bf3-aad831c64ad4
10545,Trabalho em equipe: descubra porquê e como fazer dar certo,Artigo,"Os desafios de trabalhar em equipe são muitos e, por isso, preparamos dicas indispensáveis para fazê-lo funcionar e trazer ótimos resultados.",https://bibliotecas.sebrae.com.br/chronus/ARQUIVOS_CHRONUS/CAPAS_ARTIGOS_APP/741/741.jpg,0,"https://www.sebrae.com.br/sites/PortalSebrae/ufs/ce/artigos/trabalho-em-equipe-descubra-como-e-porque-fazer-dar-certo,0e54471583858610VgnVCM1000004c00210aRCRD",,,Sim,EPP; ME,Pessoas,GESTÃO DE PESSOAS,como fazer dar certo o trabalho em equipe; porquê trabalhar em equipe; trabalho em equipe,Todos,0,CE,,,EPP; ME,Pessoa Jurídica,df6f5986-06d6-34a1-b166-c3cd3cdecdd7
10546,Saia da informalidade!,Artigo,Descubra como transformar um negócio informal em uma empresa de sucesso.,,0,"https://www.sebrae.com.br/sites/PortalSebrae/ufs/mg/artigos/mei-saia-da-informalidade,4936e11ae8038810VgnVCM1000001b00320aRCRD",,,Sim,MEI; EPP; ME,Empreendedorismo,EDUCAÇÃO EMPREENDEDORA,micro empreendedor individual,Todos,0,MG,,,MEI; EPP; ME,Pessoa Jurídica,fc2e6c2b-cef5-3510-b51a-3b06b40aa827
10547,"5 erros que travam o crescimento do MEI, e como corrigir cada um deles",Artigo,Entenda o que pode estar impedindo seu negócio de crescer e saiba como mudar isso.,https://bibliotecas.sebrae.com.br/chronus/ARQUIVOS_CHRONUS/CAPAS_ARTIGOS_APP/743/743.jpg,0,"https://www.sebrae.com.br/sites/PortalSebrae/ufs/ms/artigos/5-erros-que-travam-o-crescimento-do-mei-e-como-corrigir-cada-um-deles,8cfe70c7153f6910VgnVCM1000001b00320aRCRD",,,Sim,MEI; ME,Empreendedorismo,COMPORTAMENTO EMPREENDEDOR,,Todos,0,MS,,,MEI; ME,Pessoa Jurídica,1a34af5c-0d0a-3dd8-907d-e1ccc913441c
10548,6 erros de Marketing Digital que estão prejudicando seu negócio,Artigo,A especialista em marketing digital Paula Tebett compartilha suas estratégias mais eficazes para ajudar você aumentar a visibilidade e as vendas da sua empresa.,https://bibliotecas.sebrae.com.br/chronus/ARQUIVOS_CHRONUS/CAPAS_ARTIGOS_APP/744/744.jpg,0,"https://www.sebrae.com.br/sites/PortalSebrae/ufs/ms/artigos/6-erros-de-marketing-digital-que-estao-prejudicando-seu-negocio,1fc75d4351f70910VgnVCM1000001b00320aRCRD",,,Sim,MEI; EPP; ME,Mercado e Vendas,MARKETING,,Todos,0,MS,,,MEI; EPP; ME,Pessoa Jurídica,b3d36e07-2ce4-350c-a188-b06ca611d057
10549,6 passos para impulsionar seu negócio no Dia Mundial do Consumidor,Artigo,"Com estratégias inteligentes é possível atrair, converter e fidelizar clientes em um dos dias mais importantes do varejo no primeiro semestre.",https://bibliotecas.sebrae.com.br/chronus/ARQUIVOS_CHRONUS/CAPAS_ARTIGOS_APP/745/745.png,0,"https://www.sebrae.com.br/sites/PortalSebrae/ufs/ms/artigos/6-passos-para-impulsionar-seu-negocio-no-dia-mundial-do-consumidor,f6a34abc44695910VgnVCM1000001b00320aRCRD",,,Sim,MEI; EPP; ME,Planejamento,ESTRATÉGIA EMPRESARIAL,,Comércio varejista de alimentos e bebidas; Comércio da moda; Comércio varejista - Diversos; Panificação; Serviços de alimentação,0,MS,,,MEI; EPP; ME,Pessoa Jurídica,c4789ad5-3da0-3c41-bab6-38214a023fd1
10550,Como atender à nova geração de clientes e vender mais no Dia dos Pais,Artigo,Conecte sua oferta com o que filhos e familiares buscam ao escolher um presente,https://bibliotecas.sebrae.com.br/chronus/ARQUIVOS_CHRONUS/CAPAS_ARTIGOS_APP/746/746.png,0,"https://www.sebrae.com.br/sites/PortalSebrae/ufs/ms/artigos/como-atender-a-nova-geracao-de-clientes-e-vender-mais-no-dia-dos-pais,bc2099f8f9a08910VgnVCM1000001b00320aRCRD",,,Sim,MEI; EPP; ME,Leis,ORGANIZAÇÃO EMPRESARIAL,dia dos pais,Todos,1,MS,,,MEI; EPP; ME,Pessoa Jurídica,7a994925-67da-380b-a912-44cec0f622db
10551,Como empreender após os 60 anos: a idade não é um obstáculo,Artigo,"Veja ideias, vantagens e caminhos para transformar sua experiência em um negócio próprio.",https://bibliotecas.sebrae.com.br/chronus/ARQUIVOS_CHRONUS/CAPAS_ARTIGOS_APP/747/747.png,0,"https://www.sebrae.com.br/sites/PortalSebrae/ufs/ms/artigos/como-empreender-apos-os-60-anos-a-idade-nao-e-um-obstaculo,79fae887e2dc8910VgnVCM1000001b00320aRCRD",,,Sim,MEI; EPP; ME,Empreendedorismo,EMPREENDEDOR,EMPREENDEDOR,Todos,0,MS,,,MEI; EPP; ME,Pessoa Jurídica,bdc05d14-be82-36e6-864a-06fe594db356
10552,Como receber pagamentos online?,Artigo,Descubra formas de receber pagamentos online e as opções disponíveis para usar no seu negócio,https://bibliotecas.sebrae.com.br/chronus/ARQUIVOS_CHRONUS/CAPAS_ARTIGOS_APP/748/748.jpg,0,"https://www.sebrae.com.br/sites/PortalSebrae/ufs/ms/artigos/como-receber-pagamentos-online,1fd8e8240641d710VgnVCM100000d701210aRCRD",,,Sim,MEI; EPP; ME,Inovação,MEIOS DIGITAIS DE PAGAMENTO,,Todos,0,MS,,,MEI; EPP; ME,Pessoa Jurídica,74bb3969-ce21-36a1-94d4-01bea73a5ecb
10553,Como saber se meu CNPJ do MEI está suspenso?,Artigo,"Preparamos algumas dicas para você descobrir se sua situação como MEI está regularizada e, assim, evitar o cancelamento definitivo do seu CNPJ.",https://bibliotecas.sebrae.com.br/chronus/ARQUIVOS_CHRONUS/CAPAS_ARTIGOS_APP/749/749.jpg,0,"https://www.sebrae.com.br/sites/PortalSebrae/ufs/ms/artigos/como-saber-se-meu-cnpj-do-mei-esta-suspenso,1e8a5a911885f510VgnVCM1000004c00210aRCRD",,,Sim,MEI,Leis,MICROEMPREENDEDOR INDIVIDUAL,MEI; Regularização; DAS; Microempreendedor Individual,Todos,0,MS,,,MEI,Pessoa Jurídica,e6bf02d4-3e24-3ad7-a129-b63f79097223
10554,Como usar um planner para cumprir todas as suas metas?,Artigo,Aprenda a usar essa ferramenta na hora de organizar diversas ações no seu negócio,https://bibliotecas.sebrae.com.br/chronus/ARQUIVOS_CHRONUS/CAPAS_ARTIGOS_APP/750/750.jpg,0,"https://www.sebrae.com.br/sites/PortalSebrae/ufs/ms/artigos/como-usar-um-planner-para-cumprir-todas-as-suas-metas,e68617c21dd9b710VgnVCM100000d701210aRCRD",,,Sim,MEI; EPP; ME,Organização,GESTÃO,,Todos,0,MS,,,MEI; EPP; ME,Pessoa Jurídica,ddbf1aab-089f-3ef2-b39e-11a68136430b
10555,Conexões corporativas: seu negócio ligado a grandes oportunidades,Artigo,"Abra as portas da sua empresa para novos mercados, parcerias estratégicas e crescimento sustentável com o Sebrae.",https://bibliotecas.sebrae.com.br/chronus/ARQUIVOS_CHRONUS/CAPAS_ARTIGOS_APP/751/751.png,0,"https://www.sebrae.com.br/sites/PortalSebrae/ufs/ms/artigos/conexoes-corporativas-seu-negocio-ligado-a-grandes-oportunidades,b3f8ea5c85803910VgnVCM1000001b00320aRCRD",,,Sim,MEI; EPP; ME,Mercado e Vendas,AGRONEGÓCIO,Networking; Oportunidades de negócio; Crescimento empresarial; Conexões corporativas; Pequenos negócios; Qualificação empresarial,Todos,0,MS,,,MEI; EPP; ME,Pessoa Jurídica,2f982559-b5c7-365f-ad70-a42f4f989750
10556,Desperte o potencial do seu negócio com o Canvas para empreendedoras,Artigo,Uma ferramenta pensada para transformar suas ideias em ações concretas e te guiar no caminho do sucesso.,https://bibliotecas.sebrae.com.br/chronus/ARQUIVOS_CHRONUS/CAPAS_ARTIGOS_APP/752/752.png,0,"https://www.sebrae.com.br/sites/PortalSebrae/ufs/ms/artigos/desperte-o-potencial-do-seu-negocio-com-o-canvas-para-empreendedoras,cebf4aa478dd2910VgnVCM1000001b00320aRCRD",,,Sim,MEI; EPP; ME,Inovação,REDE SOCIAL,,Todos,0,MS,,,MEI; EPP; ME,Pessoa Jurídica,2e92f5a0-27bb-3964-a45e-d1e9ed9ca69b
10557,Dicas para renegociação de dívidas,Artigo,Descubra algumas dicas para renegociar suas dívidas e melhorar a saúde financeira do seu negócio,https://bibliotecas.sebrae.com.br/chronus/ARQUIVOS_CHRONUS/CAPAS_ARTIGOS_APP/753/753.jpg,0,"https://www.sebrae.com.br/sites/PortalSebrae/ufs/ms/artigos/dicas-para-renegociacao-de-dividas,71db3a8615f2d710VgnVCM100000d701210aRCRD",,,Sim,MEI; EPP; ME,Finanças,GESTÃO FINANCEIRA,como renegociar dívidas; o que fazer para renegociação de dívidas; quitar dívidas,Todos,0,MS,,,MEI; EPP; ME,Pessoa Jurídica,be9edbda-a1bc-3392-9c6c-5b8e34d062ad
10558,Empreender aos 60+: use a aposentadoria como ponte para recomeçar,Artigo,Descubra como transformar anos de experiência profissional em um negócio próprio no momento da aposentadoria,https://bibliotecas.sebrae.com.br/chronus/ARQUIVOS_CHRONUS/CAPAS_ARTIGOS_APP/754/754.png,0,"https://www.sebrae.com.br/sites/PortalSebrae/ufs/ms/artigos/empreender-aos-60-use-a-aposentadoria-como-ponte-para-recomecar,444bacb794ec8910VgnVCM1000001b00320aRCRD",,,Sim,PF,Empreendedorismo,EMPREENDEDOR,EMPREENDEDOR,Todos,0,MS,,,PF,Pessoa Física,7848b993-fccb-3d54-afa9-5ab38ba85da4
10559,Empreender depois dos 60: descubra os riscos e desafios invisíveis,Artigo,Descubra como transformar experiência de vida em negócio próprio com mais segurança e autonomia,https://bibliotecas.sebrae.com.br/chronus/ARQUIVOS_CHRONUS/CAPAS_ARTIGOS_APP/755/755.png,0,"https://www.sebrae.com.br/sites/PortalSebrae/ufs/ms/artigos/empreender-depois-dos-60-descubra-os-riscos-e-desafios-invisiveis,b8f34b32970d8910VgnVCM1000001b00320aRCRD",,,Sim,MEI; EPP; ME,Empreendedorismo,EMPREENDEDOR,EMPREENDEDOR,Todos,0,MS,,,MEI; EPP; ME,Pessoa Jurídica,f015dd9b-74c7-3633-ab8d-8932f8147771
10560,Fichas técnicas para gastronomia,Artigo,Conheça mais sobre as fichas que auxiliam a diminuir os custos e aumentar a lucratividade,https://bibliotecas.sebrae.com.br/chronus/ARQUIVOS_CHRONUS/CAPAS_ARTIGOS_APP/756/756.jpg,0,"https://www.sebrae.com.br/sites/PortalSebrae/ufs/ms/artigos/fichas-tecnicas-para-gastronomia,d596236f9e9eb710VgnVCM100000d701210aRCRD",,,Sim,MEI; EPP; ME,Planejamento,FERRAMENTAS DE PLANEJAMENTO,como organizar restaurante; dicas para organizar restaurantes,Serviços de alimentação,0,MS,,,MEI; EPP; ME,Pessoa Jurídica,f9006b5c-21e8-322f-9535-1a81f2e89098
10561,Histórias que tocam: o segredo para vender mais no Dia das Mães,Artigo,Storytelling é uma ferramenta acessível para pequenos negócios gerarem conexão e movimentarem vendas no Dia das Mães,https://bibliotecas.sebrae.com.br/chronus/ARQUIVOS_CHRONUS/CAPAS_ARTIGOS_APP/757/757.png,0,"https://www.sebrae.com.br/sites/PortalSebrae/ufs/ms/artigos/historias-que-tocam-o-segredo-para-vender-mais-no-dia-das-maes,4f691dfb71e56910VgnVCM1000001b00320aRCRD",,,Sim,MEI; EPP; ME,Mercado e Vendas,DEMANDA DE CONSUMO,Dia das Mães; Campanha de Marketing; Vendas para o Dia das Mães,Todos,1,MS,,,MEI; EPP; ME,Pessoa Jurídica,0b342e39-fef3-3aa2-b320-9b93437d16c8
10562,Mudanças no IOF: entenda os impactos no seu negócio,Artigo,Veja o que mudou no imposto e como se preparar para reduzir os impactos no caixa da empresa.,https://bibliotecas.sebrae.com.br/chronus/ARQUIVOS_CHRONUS/CAPAS_ARTIGOS_APP/758/758.png,0,"https://www.sebrae.com.br/sites/PortalSebrae/ufs/ms/artigos/iof,835182e967738910VgnVCM1000001b00320aRCRD",,,Sim,MEI; EPP; ME,Empreendedorismo,EMPREENDEDOR,IOF; EMPREENDEDOR; Imposto sobre Operações Financeiras,Todos,0,MS,,,MEI; EPP; ME,Pessoa Jurídica,881b29a9-0c70-3de3-8271-a453a57b77b1
10563,Marketing digital para MEI: guia para aumentar visibilidade e vendas,Artigo,A especialista em marketing digital Paula Tebett compartilha suas estratégias mais eficazes para ajudar você aumentar a visibilidade e as vendas da sua empresa.,https://bibliotecas.sebrae.com.br/chronus/ARQUIVOS_CHRONUS/CAPAS_ARTIGOS_APP/759/759.jpg,0,"https://www.sebrae.com.br/sites/PortalSebrae/ufs/ms/artigos/marketing-digital-para-mei-guia-para-aumentar-visibilidade-e-vendas,e01d016f30a70910VgnVCM1000001b00320aRCRD",,,Sim,MEI,Mercado e Vendas,MARKETING,MEI; Marketing digital; E-commerce; Marketing,Todos,0,MS,,,MEI,Pessoa Jurídica,37a5a368-3534-3fd4-9f13-8faf9158d1f8
10564,O que ninguém te conta sobre ser MEI e que pode travar seu negócio,Artigo,Entenda o que vai além da formalização e prepare se para empreender e crescer com segurança,https://bibliotecas.sebrae.com.br/chronus/ARQUIVOS_CHRONUS/CAPAS_ARTIGOS_APP/760/760.png,0,"https://www.sebrae.com.br/sites/PortalSebrae/ufs/ms/artigos/o-que-ninguem-te-conta-sobre-ser-mei-e-que-pode-travar-seu-negocio,b32b21a6eaee6910VgnVCM1000001b00320aRCRD",,,Sim,MEI; ME,Empreendedorismo,COMPORTAMENTO EMPREENDEDOR,,Todos,0,MS,,,MEI; ME,Pessoa Jurídica,1d906607-788c-3f2e-b5f3-5f3eb09a7132
10565,Série MEI: como ocorre a transição de MEI para Microempresa,Artigo,A transição de MEI para Microempresa ocorre por opção do empresário ou por comunicação obrigatória. Entenda como e quando isso acontece.,https://bibliotecas.sebrae.com.br/chronus/ARQUIVOS_CHRONUS/CAPAS_ARTIGOS_APP/762/762.jpg,0,"https://www.sebrae.com.br/sites/PortalSebrae/ufs/ms/artigos/serie-mei-como-ocorre-a-transicao-de-mei-para-microempresa,4e90970c4ad7b510VgnVCM1000004c00210aRCRD",,,Sim,MEI,Leis,MICROEMPREENDEDOR INDIVIDUAL,MEI; cadastro de mei; alteração cadastral; microempreendedor individual,Todos,0,MS,,,MEI,Pessoa Jurídica,f68871b6-710c-3ae9-9053-567e6548f077
10566,Série MEI: parcelamento de débitos,Artigo,Saiba como solicitar o parcelamento de suas dívidas e como imprimir os boletos mês a mês.,https://bibliotecas.sebrae.com.br/chronus/ARQUIVOS_CHRONUS/CAPAS_ARTIGOS_APP/763/763.jpg,0,"https://www.sebrae.com.br/sites/PortalSebrae/ufs/ms/artigos/serie-mei-parcelamento-de-debitos,133a7bdb66691610VgnVCM1000004c00210aRCRD",,,Sim,MEI,Leis,MICROEMPREENDEDOR INDIVIDUAL,,Todos,0,MS,,,MEI,Pessoa Jurídica,15da818a-ee79-3e99-9c4d-086231e6c061
10567,Série MEI: passo a passo para formalização,Artigo,Veja como tornar-se um Microempreendedor Individual (MEI). É fácil e rápido.,https://bibliotecas.sebrae.com.br/chronus/ARQUIVOS_CHRONUS/CAPAS_ARTIGOS_APP/764/764.jpg,0,"https://www.sebrae.com.br/sites/PortalSebrae/ufs/ms/artigos/serie-mei-passo-a-passo-para-formalizacao,a195c80ded253510VgnVCM1000004c00210aRCRD",,,Sim,PF,Leis,MICROEMPREENDEDOR INDIVIDUAL,,Todos,0,MS,,,PF,Pessoa Física,1ac51634-0234-38e7-9f87-6e6e96bdaf52
10568,Seu MEI está crescendo? Saiba como faturar mais com segurança,Artigo,Entenda os sinais do momento certo e os passos para mudar de porte com segurança,https://bibliotecas.sebrae.com.br/chronus/ARQUIVOS_CHRONUS/CAPAS_ARTIGOS_APP/766/766.png,0,"https://www.sebrae.com.br/sites/PortalSebrae/ufs/ms/artigos/seu-mei-esta-crescendo-saiba-como-faturar-mais-com-seguranca,288399f6181f6910VgnVCM1000001b00320aRCRD",,,Sim,MEI,Empreendedorismo,EMPREENDEDOR,,Todos,0,MS,,,MEI,Pessoa Jurídica,0d63c623-0c79-3ae6-9f31-d1fa04d9a37c
10569,Seu negócio pode faturar mais na Páscoa mesmo sem vender doces,Artigo,"Com ações bem planejadas, qualquer negócio pode aproveitar esse período para atrair clientes e impulsionar o faturamento.",https://bibliotecas.sebrae.com.br/chronus/ARQUIVOS_CHRONUS/CAPAS_ARTIGOS_APP/767/767.png,0,"https://www.sebrae.com.br/sites/PortalSebrae/ufs/ms/artigos/seu-negocio-pode-faturar-mais-na-pascoa-mesmo-sem-vender-doces,40e28316eb2f5910VgnVCM1000001b00320aRCRD",,,Sim,MEI; ME,Mercado e Vendas,VENDA,,Comércio varejista de alimentos e bebidas; Panificação,0,MS,,,MEI; ME,Pessoa Jurídica,a513b92e-82c8-347a-adf2-04488f380501
10570,Transforme Produtos em Experiências e Venda Mais no Dia dos Namorados,Artigo,Descubra como transformar seu negócio em uma opção irresistível para quem quer presentear.,https://bibliotecas.sebrae.com.br/chronus/ARQUIVOS_CHRONUS/CAPAS_ARTIGOS_APP/769/769.png,0,"https://www.sebrae.com.br/sites/PortalSebrae/ufs/ms/artigos/transforme-produtos-em-experiencias-e-venda-mais-no-dia-dos-namorados,627970ae90147910VgnVCM1000001b00320aRCRD",,,Sim,MEI; EPP; ME,Mercado e Vendas,ESTRATÉGIA DE VENDA,Promoções Dia dos Namorados.; Marketing para o Dia dos Namorados; Vender mais no Dia dos Namorados; Ideias de presentes para o Dia dos Namorados,Todos,1,MS,,,MEI; EPP; ME,Pessoa Jurídica,b891559c-db83-3d53-a6f5-31a01be25f2e
10571,4 Ps do marketing: entenda o que são e qual a sua importância,Artigo,"Os 4Ps do marketing incluem preço, praça, produto e promoção, variáveis capazes de determinar o sucesso competitivo e a rentabilidade de longo prazo do negócio.",https://bibliotecas.sebrae.com.br/chronus/ARQUIVOS_CHRONUS/CAPAS_ARTIGOS_APP/774/774.jpg,0,"https://www.sebrae.com.br/sites/PortalSebrae/ufs/pe/artigos/4-ps-do-marketing-entenda-o-que-sao-e-qual-a-sua-importancia,3869c47a332ae710VgnVCM100000d701210aRCRD",,,Sim,MEI; EPP; ME,Mercado e Vendas,MARKETING,marketing; preço; produto; praça; promoção,Todos,0,PE,,,MEI; EPP; ME,Pessoa Jurídica,32df7a65-83c5-3c13-8b13-a5de8d979e6c
10572,5 Barreiras comuns enfrentadas por mulheres no empreendedorismo,Artigo,"O empreendedorismo feminino cresce, mas ainda enfrenta barreiras. Veja as principais e descubra estratégias eficazes para superá-las.",https://bibliotecas.sebrae.com.br/chronus/ARQUIVOS_CHRONUS/CAPAS_ARTIGOS_APP/775/775.jpg,0,"https://www.sebrae.com.br/sites/PortalSebrae/ufs/pe/artigos/5-barreiras-comuns-enfrentadas-por-mulheres-no-empreendedorismo,859ccfe35d7d4910VgnVCM1000001b00320aRCRD",,,Sim,MEI; ME,Empreendedorismo,COMPORTAMENTO EMPREENDEDOR,Empreendedorismo Feminino; Barreiras; Desafios,Todos,0,PE,,,MEI; ME,Pessoa Jurídica,4f7b6846-0e27-39f8-bd4a-cc6a5bfc2f50
10573,5 benefícios de focar na produtividade do seu negócio,Artigo,Você sabe a importância de focar na produtividade do seu negócio? Entenda melhor o conceito e veja os benefícios que isso gera para sua empresa!,https://bibliotecas.sebrae.com.br/chronus/ARQUIVOS_CHRONUS/CAPAS_ARTIGOS_APP/776/776.jpg,0,"https://www.sebrae.com.br/sites/PortalSebrae/ufs/pe/artigos/5-beneficios-de-focar-na-produtividade-do-seu-negocio,278750c57c7e4810VgnVCM100000d701210aRCRD",,,Sim,MEI; EPP; ME,Inovação,PRODUTIVIDADE,custos; produtividade; mercado; produção,Todos,0,PE,,,MEI; EPP; ME,Pessoa Jurídica,924fc4df-5af4-3ecd-90a8-43f2700cbd39
10574,5 dicas para fazer uma precificação de produtos inteligente,Artigo,A formação de preços é um processo que exige estudo e dedicação e é composto por algumas variáreis que podem ser a chave do sucesso do seu negócio.,https://bibliotecas.sebrae.com.br/chronus/ARQUIVOS_CHRONUS/CAPAS_ARTIGOS_APP/778/778.jpeg,0,"https://www.sebrae.com.br/sites/PortalSebrae/ufs/pe/artigos/5-dicas-para-fazer-uma-precificacao-de-produtos-inteligente,e231536044395710VgnVCM1000004c00210aRCRD",,,Sim,MEI; PF; ME,Finanças,PONTO DE EQUILÍBRIO,custos; preço; finanças; formação de preço,Todos,0,PE,,,MEI; PF; ME,Pessoa Física; Pessoa Jurídica,b7e03f52-b729-3a8b-a56f-cecfacaff277
10575,6 dicas para uma gestão de custos estratégica na construção civil,Artigo,Confira 6 dicas simples e práticas para implementar uma gestão de custos eficiente na construção civil!,https://bibliotecas.sebrae.com.br/chronus/ARQUIVOS_CHRONUS/CAPAS_ARTIGOS_APP/779/779.jpeg,0,"https://www.sebrae.com.br/sites/PortalSebrae/ufs/pe/artigos/6-dicas-para-uma-gestao-de-custos-estrategica-na-construcao-civil,4d029032e3074910VgnVCM1000001b00320aRCRD",,,Sim,MEI; EPP; ME,Finanças,ANÁLISE DE CUSTO,Gestão; Custos; Construção civil,Construção Civil; Indústria da construção; Serviços de construção,0,PE,,,MEI; EPP; ME,Pessoa Jurídica,78f61926-6fe7-33b4-82b0-dbc7c293d97c
10576,6 técnicas que o ajudarão a aprimorar a sua produtividade,Artigo,Veja como aumentar a sua produtividade em meio a períodos conturbados e inesperados que afetam os seus objetivos profissionais.,https://bibliotecas.sebrae.com.br/chronus/ARQUIVOS_CHRONUS/CAPAS_ARTIGOS_APP/780/780.jpg,0,"https://www.sebrae.com.br/sites/PortalSebrae/ufs/pe/artigos/6-tecnicas-que-o-ajudarao-a-aprimorar-a-sua-produtividade,d5540394c0aca710VgnVCM100000d701210aRCRD",,,Sim,MEI; EPP; ME,Inovação,PRODUTIVIDADE,produtividade; inovação,Todos,0,PE,,,MEI; EPP; ME,Pessoa Jurídica,12c96fa9-493c-3826-b8b9-258d63a529e4
10577,6 tendências de consumo para vendas no final do ano,Artigo,Acompanhar as principais tendências de consumo permite que você prepare o seu negócio para vender ainda mais!,https://bibliotecas.sebrae.com.br/chronus/ARQUIVOS_CHRONUS/CAPAS_ARTIGOS_APP/781/781.jpg,0,"https://www.sebrae.com.br/sites/PortalSebrae/ufs/pe/artigos/6-tendencias-de-consumo-para-vendas-no-final-do-ano,1467d01f52f02910VgnVCM1000001b00320aRCRD",,,Sim,MEI; EPP; ME,Mercado e Vendas,ANÁLISE DE TENDÊNCIA,final de ano; tendências; vendas,Todos,0,PE,,,MEI; EPP; ME,Pessoa Jurídica,76bd5d74-b9d0-3037-97ed-4729f08d971d
10578,7 erros que todo prestador de serviço na construção civil deve evitar,Artigo,Descubra os principais deslizes cometidos por prestadores de serviço na construção civil e veja como evitá-los para garantir segurança nos projetos.,https://bibliotecas.sebrae.com.br/chronus/ARQUIVOS_CHRONUS/CAPAS_ARTIGOS_APP/783/783.jpeg,0,"https://www.sebrae.com.br/sites/PortalSebrae/ufs/pe/artigos/7-erros-que-todo-prestador-de-servico-na-construcao-civil-deve-evitar,31478dfb0cdb4910VgnVCM1000001b00320aRCRD",,,Sim,EPP; ME,Empreendedorismo,INDÚSTRIA,Erros; Construção Civil; Prestador de serviço,Construção Civil; Indústria da construção; Serviços de construção,0,PE,,,EPP; ME,Pessoa Jurídica,340a6465-7d1d-37a5-82a8-9916c4cb912e
10579,7 estratégias para vender mais e alavancar os resultados do negócio.,Artigo,Utilizar estratégias para vender mais é a melhor forma de garantir um crescimento estável para o negócio.,https://bibliotecas.sebrae.com.br/chronus/ARQUIVOS_CHRONUS/CAPAS_ARTIGOS_APP/784/784.jpg,0,"https://www.sebrae.com.br/sites/PortalSebrae/ufs/pe/artigos/7-estrategias-para-vender-mais-e-alavancar-os-resultados-do-negocio,cb5d188fb2c67810VgnVCM1000001b00320aRCRD",,,Sim,MEI; ME,Mercado e Vendas,VENDA,Vendas; Resultados; Estratégia,Todos,0,PE,,,MEI; ME,Pessoa Jurídica,c646021f-fefb-34ff-b76c-1a863eea95c0
10580,8 cuidados indispensáveis para o sucesso das clínicas de estética,Artigo,"Para garantir o sucesso nas clínicas de estética, é fundamental seguir boas práticas que promovam a segurança e a satisfação dos pacientes",https://bibliotecas.sebrae.com.br/chronus/ARQUIVOS_CHRONUS/CAPAS_ARTIGOS_APP/786/786.jpg,0,"https://www.sebrae.com.br/sites/PortalSebrae/ufs/pe/artigos/8-cuidados-indispensaveis-para-o-sucesso-das-clinicas-de-estetica,2cad11c72cf61910VgnVCM1000001b00320aRCRD",,,Sim,MEI; EPP; ME,Organização,GESTÃO DA QUALIDADE E PRODUTIVIDADE,estética; cuidados; sucesso; estratégia,Beleza,0,PE,,,MEI; EPP; ME,Pessoa Jurídica,0a998cbd-a89a-3c93-a371-01656d24bd93
10581,8 dicas práticas para trabalhar com colorimetria e personal shopper,Artigo,Veja quais são as estratégias que podem ajudar você a crescer profissionalmente e se consolidar nessas áreas.,https://bibliotecas.sebrae.com.br/chronus/ARQUIVOS_CHRONUS/CAPAS_ARTIGOS_APP/787/787.jpeg,0,"https://www.sebrae.com.br/sites/PortalSebrae/ufs/pe/artigos/8-dicas-praticas-para-trabalhar-com-colorimetria-e-personal-shopper,7d2fdd5b83b02910VgnVCM1000001b00320aRCRD",,,Sim,MEI; EPP; ME,Empreendedorismo,EMPREENDEDOR,colorimetria; personal shopper; profissional,Serviços da moda; Comércio da moda; Serviços pessoais,0,PE,,,MEI; EPP; ME,Pessoa Jurídica,eabbb825-6e27-3490-af4b-3b999b3aa731
10582,8 erros mais comuns no planejamento estratégico e como evitá-los,Artigo,Descubra como os deslizes mais frequentes no planejamento estratégico podem impactar sua empresa.,https://bibliotecas.sebrae.com.br/chronus/ARQUIVOS_CHRONUS/CAPAS_ARTIGOS_APP/788/788.jpg,0,"https://www.sebrae.com.br/sites/PortalSebrae/ufs/pe/artigos/8-erros-mais-comuns-no-planejamento-estrategico-e-como-evita-los,63511c3d3dfc3910VgnVCM1000001b00320aRCRD",,,Sim,MEI; EPP; ME,Planejamento,PLANEJAMENTO ESTRATÉGICO,Planejamento; Erros; Estratégia,Todos,0,PE,,,MEI; EPP; ME,Pessoa Jurídica,a8ff4331-4c56-3cf4-8efc-b1e517b3c758
10583,8 estratégias de marketing que vão impulsionar os resultados,Artigo,Conhecer estratégias de marketing e saber monitorar os resultados delas são entendimentos que podem elevar seu negócio a outro nível.,https://bibliotecas.sebrae.com.br/chronus/ARQUIVOS_CHRONUS/CAPAS_ARTIGOS_APP/789/789.jpg,0,"https://www.sebrae.com.br/sites/PortalSebrae/ufs/pe/artigos/8-estrategias-de-marketing-que-vao-impulsionar-os-resultados,14811442a9651910VgnVCM1000001b00320aRCRD",,,Sim,MEI; EPP; ME,Mercado e Vendas,MARKETING,Vendas; Resultados; Marketing,Todos,0,PE,,,MEI; EPP; ME,Pessoa Jurídica,ff4ab8fd-0905-315c-9094-9639b198f1d5
10584,Cibersegurança para pequenas empresas: proteja seus dados,Artigo,A cibersegurança passou a ser uma preocupação nas micro e pequenas empresas. Veja como proteger o seu negócio dos principais tipos de ataques!,https://bibliotecas.sebrae.com.br/chronus/ARQUIVOS_CHRONUS/CAPAS_ARTIGOS_APP/792/792.jpg,0,"https://www.sebrae.com.br/sites/PortalSebrae/ufs/pe/artigos/ciberseguranca-para-pequenas-empresas-proteja-seus-dados,d90dcfe35d7d4910VgnVCM1000001b00320aRCRD",,,Sim,MEI; EPP; ME,Inovação,SISTEMAS DE INFORMAÇÃO,Cibersegurnaça; Proteção; Golpes,Todos,0,PE,,,MEI; EPP; ME,Pessoa Jurídica,3f59c9af-6c4e-341f-b9a5-e08cb4a6e669
10585,Como aumentar o engajamento no Instagram? Descubra!,Artigo,"Como aumentar o engajamento no Instagram, conquistar seguidores e novos clientes para seu negócio? Neste artigo nós mostramos tudo de forma simples e prática.",https://bibliotecas.sebrae.com.br/chronus/ARQUIVOS_CHRONUS/CAPAS_ARTIGOS_APP/794/794.jpeg,0,"https://www.sebrae.com.br/sites/PortalSebrae/ufs/pe/artigos/como-aumentar-o-engajamento-no-instagram-descubra,15075f27481e2910VgnVCM1000001b00320aRCRD",,,Sim,Todos,Mercado e Vendas,MARKETING,redes sociais; engajamento; instagram,Todos,0,PE,,,Todos,Pessoa Física; Pessoa Jurídica,2b8c6e49-7ed3-3db3-bd56-3895fea9a244
10586,Como controlar o estoque da minha mercearia?,Artigo,"Por meio do controle de estoque de mercearia, sua empresa poderá focar na tecnologia e reduzir custos operacionais. Leia este artigo e siga nossas dicas.",https://bibliotecas.sebrae.com.br/chronus/ARQUIVOS_CHRONUS/CAPAS_ARTIGOS_APP/795/795.jpg,0,"https://www.sebrae.com.br/sites/PortalSebrae/ufs/pe/artigos/como-controlar-o-estoque-da-minha-mercearia,834ad66923156810VgnVCM1000001b00320aRCRD",,,Sim,MEI; EPP; ME,Organização,ESTOQUE,Organização; Estoque; Mercearia,Comércio atacadista de alimentos e bebidas,0,PE,,,MEI; EPP; ME,Pessoa Jurídica,27e85c15-f663-3e08-a863-0243d35cb633
10587,Como lidar com a Síndrome da impostora e baixa autoconfiança,Artigo,Saiba como a síndrome da impostora pode afetar sua confiança e veja estratégias para superar esse desafio de uma vez por todas.,https://bibliotecas.sebrae.com.br/chronus/ARQUIVOS_CHRONUS/CAPAS_ARTIGOS_APP/798/798.jpg,0,"https://www.sebrae.com.br/sites/PortalSebrae/ufs/pe/artigos/como-lidar-com-a-sindrome-da-impostora-e-baixa-autoconfianca,d17bcfe35d7d4910VgnVCM1000001b00320aRCRD",,,Sim,MEI; ME,Empreendedorismo,COMPORTAMENTO EMPREENDEDOR,Síndrome do impostor; Empreendedorismo; Autoconhecimento,Todos,0,PE,,,MEI; ME,Pessoa Jurídica,bb1d6723-3dcc-3b25-be53-1550625f2dce
10588,Como o serviço de entrega rápida influencia na experiência de compra?,Artigo,As entregas rápidas têm atraido muitos clientes em negócios que se preocupam com esse fator. Veja como pode ser implementado em sua empresa.,https://bibliotecas.sebrae.com.br/chronus/ARQUIVOS_CHRONUS/CAPAS_ARTIGOS_APP/799/799.jpg,0,"https://www.sebrae.com.br/sites/PortalSebrae/ufs/pe/artigos/como-o-servico-de-entrega-rapida-influencia-na-experiencia-de-compra,4164f95a61f43910VgnVCM1000001b00320aRCRD",,,Sim,MEI; EPP; ME,Inovação,DIFERENCIAL,delivery; entrega rápida; experiência,Comércio varejista de alimentos e bebidas; Comércio da moda; Comércio varejista - Diversos; Panificação,0,PE,,,MEI; EPP; ME,Pessoa Jurídica,502bd333-e460-39db-ae8b-7a27046e6dac
10589,Como precificar um produto no ramo de alimentos e bebidas? Descubra!,Artigo,"Descubra as melhores estratégias para definir preços que atraem clientes, cobrem seus custos e geram o lucro ideal para sua empresa.",https://bibliotecas.sebrae.com.br/chronus/ARQUIVOS_CHRONUS/CAPAS_ARTIGOS_APP/800/800.jpg,0,"https://www.sebrae.com.br/sites/PortalSebrae/ufs/pe/artigos/como-precificar-um-produto-no-ramo-de-alimentos-e-bebidas-descubra,839ef54dab3c2910VgnVCM1000001b00320aRCRD",,,Sim,MEI; PF; ME,Finanças,PREÇO,preço; alimentos e bebidas; restaurante; precificação,Comércio varejista de alimentos e bebidas; Serviços de alimentação,0,PE,,,MEI; PF; ME,Pessoa Física; Pessoa Jurídica,edf646ab-3877-31ab-b455-d600ac8f68e9
10590,Como separar as finanças pessoais das contas da empresa: 8 dicas,Artigo,Entender como separar as finanças pessoais da empresa é uma das principais medidas para manter o equilíbrio orçamentário.,https://bibliotecas.sebrae.com.br/chronus/ARQUIVOS_CHRONUS/CAPAS_ARTIGOS_APP/801/801.jpg,0,"https://www.sebrae.com.br/sites/PortalSebrae/ufs/pe/artigos/como-separar-as-financas-pessoais-das-contas-da-empresa-8-dicas,6f0ad38b1525a810VgnVCM1000001b00320aRCRD",,,Sim,MEI; EPP; ME,Finanças,GESTÃO DE RECURSO,Finanças; Planejamento; Gestão,Todos,0,PE,,,MEI; EPP; ME,Pessoa Jurídica,fd5a1f05-7b2a-34ee-82c1-9636db41f553
10591,Como vender artesanato por meio da integração com a arquitetura?,Artigo,É possível criar e vender artesanato alinhado à arquitetura? Confira as dicas para entender como os dois campos podem trabalhar juntos.,https://bibliotecas.sebrae.com.br/chronus/ARQUIVOS_CHRONUS/CAPAS_ARTIGOS_APP/802/802.jpeg,0,"https://www.sebrae.com.br/sites/PortalSebrae/ufs/pe/artigos/como-vender-artesanato-por-meio-da-integracao-com-a-arquitetura,769cc740bc012910VgnVCM1000001b00320aRCRD",,,Sim,MEI; PF,Empreendedorismo,COLABORAÇÃO,arquitetura; vendas; artesanato,Artesanato; Serviços de construção,0,PE,,,MEI; PF,Pessoa Física; Pessoa Jurídica,32f299a1-f729-3d18-8ede-2ee6ef110554
10592,Como vender para o Governo e para grandes empresas,Artigo,Confira os principais pontos necessários que você precisa entender sobre como vender para o Governo e torná-lo cliente do seu negócio!,https://bibliotecas.sebrae.com.br/chronus/ARQUIVOS_CHRONUS/CAPAS_ARTIGOS_APP/803/803.jpg,0,"https://www.sebrae.com.br/sites/PortalSebrae/ufs/pe/artigos/como-vender-para-o-governo-e-para-grandes-empresas,465b4ffbb2657910VgnVCM1000001b00320aRCRD",,,Sim,MEI; EPP; ME,Planejamento,ACESSO AO MERCADO,Contrato; Vendas; Empresas; Licitação; Governo,Todos,0,PE,,,MEI; EPP; ME,Pessoa Jurídica,8662dfe8-23bd-36d7-be0b-f5fb23cd86fc
10593,Como viralizar no TikTok? Descubra!,Artigo,"Quer viralizar no TikTok? Veja como utilizar o algoritmo a seu favor, criar conteúdos autênticos e conquistar o engajamento na rede social.",https://bibliotecas.sebrae.com.br/chronus/ARQUIVOS_CHRONUS/CAPAS_ARTIGOS_APP/804/804.jpg,0,"https://www.sebrae.com.br/sites/PortalSebrae/ufs/pe/artigos/como-viralizar-no-tiktok-descubra,47da3315c28f2910VgnVCM1000001b00320aRCRD",,,Sim,Todos,Mercado e Vendas,MARKETING,tiktok; viralizar; algoritmo,Todos,0,PE,,,Todos,Pessoa Física; Pessoa Jurídica,2e0b8edf-fb5d-366d-bd38-1eb5534d0b81
10594,Confira 10 passos para se manter adimplente e não dever nada a ninguém,Artigo,"Saiba como evitar atrasos, organizar as finanças da empresa e seguir no caminho certo para manter seu negócio adimplente, sem complicação.",https://bibliotecas.sebrae.com.br/chronus/ARQUIVOS_CHRONUS/CAPAS_ARTIGOS_APP/805/805.jpg,0,"https://www.sebrae.com.br/sites/PortalSebrae/ufs/pe/artigos/confira-10-passos-para-se-manter-adimplente-e-nao-dever-nada-a-ninguem,0d7353a5b6647910VgnVCM1000001b00320aRCRD",,,Sim,MEI; EPP; ME,Finanças,INADIMPLÊNCIA,Finanças; Gestão; Negócios,Todos,0,PE,,,MEI; EPP; ME,Pessoa Jurídica,164778d9-d07c-3f01-8e26-0adfe21530ce
10595,4 dicas de fidelização para encantar no atendimento aos seus clientes,Artigo,Fidelizar é mais importante que atrair novos clientes,https://bibliotecas.sebrae.com.br/chronus/ARQUIVOS_CHRONUS/CAPAS_ARTIGOS_APP/806/806.jpg,0,"https://www.sebrae.com.br/sites/PortalSebrae/ufs/pe/artigos/confira-4-dicas-para-encantar-clientes,edddcf16576ce610VgnVCM1000004c00210aRCRD",,,Sim,MEI; EPP; ME,Mercado e Vendas,CLIENTE,fidelizar; relacionamento; clientes; manter,Todos,0,PE,,,MEI; EPP; ME,Pessoa Jurídica,a9f33b50-c23c-3179-a3fd-4bac4092ac19
10596,Confira 5 alternativas alimentares para rebanho no semiárido,Artigo,"Com caprinos, ovinos e bovinos, a produção animal no semiárido fortalece a economia local e a segurança alimentar.",https://bibliotecas.sebrae.com.br/chronus/ARQUIVOS_CHRONUS/CAPAS_ARTIGOS_APP/807/807.jpeg,0,"https://www.sebrae.com.br/sites/PortalSebrae/ufs/pe/artigos/confira-5-alternativas-alimentares-para-rebanho-no-semiarido,2c31f391f9ce1910VgnVCM1000001b00320aRCRD",,,Sim,MEI; EPP; ME,Organização,GESTÃO DA QUALIDADE E PRODUTIVIDADE,rebanho; alimentar; semiárido,Criação de animais (exceto para corte e leite); Pecuária de corte; Pecuária de leite; Serviços de apoio à pecuária,0,PE,,,MEI; EPP; ME,Pessoa Jurídica,b3c56247-d606-37ba-94e3-616db61c623b
10597,Conheça a planilha amiga de finanças para o MEI,Artigo,Veja como a planilha amiga de finanças para o MEI pode ajudar a melhorar o controle e a encontrar formas de otimizar os resultados do seu negócio,https://bibliotecas.sebrae.com.br/chronus/ARQUIVOS_CHRONUS/CAPAS_ARTIGOS_APP/808/808.jpg,0,"https://www.sebrae.com.br/sites/PortalSebrae/ufs/pe/artigos/conheca-a-planilha-amiga-de-financas-para-o-mei,8d7a32d6dde52810VgnVCM100000d701210aRCRD",,,Sim,MEI,Finanças,GESTÃO FINANCEIRA,controle financeiro; ferramenta; finanças; gestão financeira; planilha,Todos,0,PE,,,MEI,Pessoa Jurídica,77cc8b10-e9ad-33e1-9bdd-884cf6766110
10598,Conheça aqui as principais tendências no varejo de moda!,Artigo,As tendências no varejo de moda já estão batendo às portas dos empresários. Veja quais são elas e evite ficar para trás e perder espaço para a concorrência.,https://bibliotecas.sebrae.com.br/chronus/ARQUIVOS_CHRONUS/CAPAS_ARTIGOS_APP/809/809.jpeg,0,"https://www.sebrae.com.br/sites/PortalSebrae/ufs/pe/artigos/conheca-aqui-as-principais-tendencias-no-varejo-de-moda,d9f8188fb2c67810VgnVCM1000001b00320aRCRD",,,Sim,MEI; EPP; ME,Mercado e Vendas,ANÁLISE DE TENDÊNCIA,Tendência; Ecommerce; Moda,Comércio atacadista rural; Comércio varejista de alimentos e bebidas; Comércio da moda; Comércio varejista - Diversos; Comércio varejista - Diversos; Panificação; Comércio de automóveis; Comércio varejista de autopeças; Comércio varejista de informática; Comércio varejista de materiais de construção,0,PE,,,MEI; EPP; ME,Pessoa Jurídica,a374c07d-2fef-32c1-8433-78cf02b51f59
10599,Consumo local: 8 estratégias de fidelização que você deveria adotar,Artigo,O consumo local é o preferido das pessoas que querem fortalecer economicamente a região em que vivem e gerar empregos.,https://bibliotecas.sebrae.com.br/chronus/ARQUIVOS_CHRONUS/CAPAS_ARTIGOS_APP/810/810.jpg,0,"https://www.sebrae.com.br/sites/PortalSebrae/ufs/pe/artigos/consumo-local-8-estrategias-de-fidelizacao-que-voce-deveria-adotar,32cd673eccd7c810VgnVCM1000001b00320aRCRD",,,Sim,MEI; EPP; ME,Mercado e Vendas,ESTUDOS DO CLIENTE,Fidelização; Experiência; Cliente,Todos,0,PE,,,MEI; EPP; ME,Pessoa Jurídica,664146dc-e777-3f3e-a179-7e4fe65e41f6
10600,Descubra as melhores estratégias de fidelização em restaurantes!,Artigo,Manter clientes fiéis é essencial para o crescimento sustentável de qualquer negócio. Veja como fidelizar seus consumidores.,https://bibliotecas.sebrae.com.br/chronus/ARQUIVOS_CHRONUS/CAPAS_ARTIGOS_APP/812/812.jpeg,0,"https://www.sebrae.com.br/sites/PortalSebrae/ufs/pe/artigos/descubra-as-melhores-estrategias-de-fidelizacao-em-restaurantes,6b811c2beb2e2910VgnVCM1000001b00320aRCRD",,,Sim,MEI; EPP; ME,RELACIONAMENTOS COM CLIENTE - CRM,NA,clientes; fidelização; restaurantes,Todos,0,PE,,,MEI; EPP; ME,Pessoa Jurídica,5c120976-f75c-3ffa-8e32-f4e64d19855c
10601,Descubra como administrar um salão de beleza com eficiência,Artigo,Confira dicas práticas para que você possa administrar o seu salão de beleza ter e o controle total do seu negócio.,https://bibliotecas.sebrae.com.br/chronus/ARQUIVOS_CHRONUS/CAPAS_ARTIGOS_APP/813/813.jpg,0,"https://www.sebrae.com.br/sites/PortalSebrae/ufs/pe/artigos/descubra-como-administrar-um-salao-de-beleza-com-eficiencia,79b8b39cba395710VgnVCM1000004c00210aRCRD",,,Sim,MEI; ME,Empreendedorismo,ATITUDE EMPREENDEDORA,empreendedorismo; gestão do negócio; dicas práticas; salão de beleza,Beleza,0,PE,,,MEI; ME,Pessoa Jurídica,0ca109f3-2809-36f0-abb8-a733a32634b9
10602,Descubra porque a presença digital é tão importante,Artigo,A presença digital é essencial aos negócios. Quer descobrir mais sobre o assunto? Confira o artigo que criamos para você!,https://bibliotecas.sebrae.com.br/chronus/ARQUIVOS_CHRONUS/CAPAS_ARTIGOS_APP/814/814.jpg,0,"https://www.sebrae.com.br/sites/PortalSebrae/ufs/pe/artigos/descubra-por-que-a-presenca-digital-e-tao-importante,de94ec88a5a58710VgnVCM100000d701210aRCRD",,,Sim,MEI; EPP; ME,Inovação,INOVAÇÃO EM NEGÓCIOS DIGITAIS,digital; presença digital,Todos,0,PE,,,MEI; EPP; ME,Pessoa Jurídica,91949ac6-1af8-3d3f-bc2b-160d5b46cbf4
10603,Dicas para a falta de mão de obra especializada na construção civil,Artigo,"Apesar de inúmeras obras serem encontradas nas ruas brasileiras, há carência de mão de obra especializada na construção civil.",https://bibliotecas.sebrae.com.br/chronus/ARQUIVOS_CHRONUS/CAPAS_ARTIGOS_APP/816/816.jpg,0,"https://www.sebrae.com.br/sites/PortalSebrae/ufs/pe/artigos/dicas-para-a-falta-de-mao-de-obra-especializada-na-construcao-civil,90a240a0ca29c810VgnVCM1000001b00320aRCRD",,,Sim,MEI; EPP; ME,Empreendedorismo,GESTÃO,Mão de obra; Gestão; Construção civil,Construção Civil; Indústria da construção; Serviços de construção,0,PE,,,MEI; EPP; ME,Pessoa Jurídica,ca9b8ae0-2da2-3363-89df-e0f496cb0044
10604,Ecoturismo: 6 práticas para oferecer experiências memoráveis,Artigo,Como transformar seu negócio de ecoturismo em uma referência? Descubra práticas que encantam os viajantes e preservam o planeta!,https://bibliotecas.sebrae.com.br/chronus/ARQUIVOS_CHRONUS/CAPAS_ARTIGOS_APP/817/817.jpeg,0,"https://www.sebrae.com.br/sites/PortalSebrae/ufs/pe/artigos/ecoturismo-6-praticas-para-oferecer-experiencias-memoraveis,87d484e9c40d3910VgnVCM1000001b00320aRCRD",,,Sim,MEI; EPP; ME,Empreendedorismo,COMPETITIVIDADE,Inovação; Experiência; Ecoturismo,Agências de viagem,0,PE,,,MEI; EPP; ME,Pessoa Jurídica,c582684d-4936-3682-9ed1-ce96364fc2a8
10605,Empreendedorismo e inovação: como me reinventar no mercado?,Artigo,Descubra como aliar empreendedorismo e inovação para transformar desafios em oportunidades e manter seu negócio competitivo.,https://bibliotecas.sebrae.com.br/chronus/ARQUIVOS_CHRONUS/CAPAS_ARTIGOS_APP/818/818.png,0,"https://www.sebrae.com.br/sites/PortalSebrae/ufs/pe/artigos/empreendedorismo-e-inovacao-como-me-reinventar-no-mercado,38e3f95a61f43910VgnVCM1000001b00320aRCRD",,,Sim,MEI; EPP; ME,Inovação,INOVAÇÃO,empreendedorismo; mercado; destacar; inovação,Todos,0,PE,,,MEI; EPP; ME,Pessoa Jurídica,5e9f202e-2b28-3d3b-931b-080a84824bde
10606,Empresa de saúde: boas práticas para se formalizar,Artigo,Saber como formalizar a sua atuação junto ao conselho de classe e ao governo é fundamental para se destacar e ter um negócio lucrativo!,https://bibliotecas.sebrae.com.br/chronus/ARQUIVOS_CHRONUS/CAPAS_ARTIGOS_APP/819/819.jpg,0,"https://www.sebrae.com.br/sites/PortalSebrae/ufs/pe/artigos/empresa-de-saude-boas-praticas-para-se-formalizar,c43c068ac8f02910VgnVCM1000001b00320aRCRD",,,Sim,PF,Empreendedorismo,FORMALIZAÇÃO,nutricionista; enfermeiro; fisioterapeuta; saúde; dentista; formalização; médico,Todos,0,PE,,,PF,Pessoa Física,ea1957d8-7352-31da-8007-b3a7e9ab67e6
10607,Empréstimo para abrir um negócio próprio: confira o passo a passo!,Artigo,Confira tudo o que você precisa saber antes de realizar o seu empréstimo.,https://bibliotecas.sebrae.com.br/chronus/ARQUIVOS_CHRONUS/CAPAS_ARTIGOS_APP/820/820.jpg,0,"https://www.sebrae.com.br/sites/PortalSebrae/ufs/pe/artigos/emprestimo-para-abrir-um-negocio-proprio-confira-o-passo-a-passo,dbd8e97b40bc7710VgnVCM100000d701210aRCRD",,,Sim,PF,Finanças,EMPRÉSTIMO,finanças; gestão financeira; empréstimos,Todos,0,PE,,,PF,Pessoa Física,138ab9b3-324a-348a-a0bd-2983949ac36b
10608,Entenda o impacto das novas gerações no comportamento de compra,Artigo,Tudo sobre o impacto que as novas gerações estão causando na maneira como o mercado se organiza.,https://bibliotecas.sebrae.com.br/chronus/ARQUIVOS_CHRONUS/CAPAS_ARTIGOS_APP/821/821.jpg,0,"https://www.sebrae.com.br/sites/PortalSebrae/ufs/pe/artigos/entenda-o-impacto-das-novas-geracoes-no-comportamento-de-compra,efa39c8a0c463910VgnVCM1000001b00320aRCRD",,,Sim,MEI; EPP; ME,Mercado e Vendas,CONSUMIDOR,compra; geração z; comportamento; novas gerações,Todos,0,PE,,,MEI; EPP; ME,Pessoa Jurídica,5c89b896-0b3c-34b4-8895-b06663f33d73
10609,"Esqueci de pagar o DAS, e agora? Saiba o que fazer",Artigo,"DAS atrasado? Descubra como regularizar a situação do MEI, evitar transtornos com o CNPJ e seguir com o negócio funcionando normalmente.",https://bibliotecas.sebrae.com.br/chronus/ARQUIVOS_CHRONUS/CAPAS_ARTIGOS_APP/823/823.jpg,0,"https://www.sebrae.com.br/sites/PortalSebrae/ufs/pe/artigos/esqueci-de-pagar-o-das-e-agora-saiba-o-que-fazer,4b231c0d661b6910VgnVCM1000001b00320aRCRD",,,Sim,MEI,Empreendedorismo,MICROEMPREENDEDOR INDIVIDUAL,MEI; DAS; Boleto,Todos,0,PE,,,MEI,Pessoa Jurídica,98ac3ce3-416c-3acd-95cc-82ed247d3e9e
10610,Finanças sustentáveis para MPEs: descubra como acessar crédito verde,Artigo,"Entenda como o crédito verde fortalece pequenos negócios e impulsiona projetos sustentáveis no Brasil, com benefícios práticos e exemplos reais de iniciativas f",https://bibliotecas.sebrae.com.br/chronus/ARQUIVOS_CHRONUS/CAPAS_ARTIGOS_APP/824/824.jpeg,0,"https://www.sebrae.com.br/sites/PortalSebrae/ufs/pe/artigos/financas-sustentaveis-para-mpes-descubra-como-acessar-credito-verde,b26a23cd84e87910VgnVCM1000001b00320aRCRD",,,Sim,MEI; EPP; ME,Finanças,SUSTENTABILIDADE FINANCEIRA,Finanças; MPEs; Sustentáveis,Produção florestal; Serviços de apoio à agricultura,0,PE,,,MEI; EPP; ME,Pessoa Jurídica,8bbfe93b-75fc-3a4b-a22b-ab5637eb709c
10611,Funflation: descura o que está por trás dessa tendência,Artigo,Aumento generalizado de preços da economia cria fenômeno chamado funflation. Veja o que significa essa tendência e como utilizar a seu favor.,https://bibliotecas.sebrae.com.br/chronus/ARQUIVOS_CHRONUS/CAPAS_ARTIGOS_APP/826/826.png,0,"https://www.sebrae.com.br/sites/PortalSebrae/ufs/pe/artigos/funflation-descura-o-que-esta-por-tras-dessa-tendencia,a8437632e8353910VgnVCM1000001b00320aRCRD",,,Sim,MEI; EPP; ME,Inovação,INOVAÇÃO,tendência; negócios; funflation,Agências de viagem; Comércio varejista de alimentos e bebidas; Comércio varejista - Diversos; Serviços da moda; Serviços de alimentação; Serviços de cultura e lazer; Serviços pessoais,0,PE,,,MEI; EPP; ME,Pessoa Jurídica,f80e2b09-3ada-363c-8a85-a6c6f24c70db
10612,MEI pode ter funcionário? Descubra como fazer isso de forma segura,Artigo,"Será que o MEI pode ter funcionário? Descubra, neste artigo, se você pode contratar alguém para ajudar seu negócio a crescer!",https://bibliotecas.sebrae.com.br/chronus/ARQUIVOS_CHRONUS/CAPAS_ARTIGOS_APP/827/827.jpg,0,"https://www.sebrae.com.br/sites/PortalSebrae/ufs/pe/artigos/mei-pode-ter-funcionario-descubra-como-fazer-isso-de-forma-segura,834c16d01aad6910VgnVCM1000001b00320aRCRD",,,Sim,MEI,Empreendedorismo,MICROEMPREENDEDOR INDIVIDUAL,MEI; Legislação; Funcionário; Contratar,Todos,0,PE,,,MEI,Pessoa Jurídica,e0f43a0b-22b1-3e3a-8a4b-b00ed7bf275f
10613,Mulheres na Economia Criativa: Transformando Talento em Negócios,Artigo,Saiba como a economia criativa pode ser o caminho ideal para mulheres transformarem suas paixões em negócios lucrativos e sustentáveis.,https://bibliotecas.sebrae.com.br/chronus/ARQUIVOS_CHRONUS/CAPAS_ARTIGOS_APP/828/828.jpeg,0,"https://www.sebrae.com.br/sites/PortalSebrae/ufs/pe/artigos/mulheres-na-economia-criativa-transformando-talento-em-negocios,63d31e6cbe4f4910VgnVCM1000001b00320aRCRD",,,Sim,MEI; ME,Empreendedorismo,ATITUDE EMPREENDEDORA,Economia Criativa; Mulheres; Empreendedorismo feminino,Todos,0,PE,,,MEI; ME,Pessoa Jurídica,4fd4d39f-94c7-3768-bbab-01752c808329
10614,Não sabe como inovar seu negócio? Veja 10 práticas inovadoras,Artigo,Você adota práticas inovadoras na sua empresa? Confira as nossas sugestões e descubra quais delas o seu negócio já utiliza!,https://bibliotecas.sebrae.com.br/chronus/ARQUIVOS_CHRONUS/CAPAS_ARTIGOS_APP/829/829.jpg,0,"https://www.sebrae.com.br/sites/PortalSebrae/ufs/pe/artigos/nao-sabe-como-inovar-seu-negocio-veja-10-praticas-inovadoras,2eca7cc449502910VgnVCM1000001b00320aRCRD",,,Sim,MEI; EPP; ME,Inovação,INOVAÇÃO,empreendedorismo; inovar; negócio; inovação,Todos,0,PE,,,MEI; EPP; ME,Pessoa Jurídica,edc9449a-4fc4-343d-8372-8c51506087df
10615,OKRs e KPIs: como definir metas e medir o sucesso da estratégia,Artigo,OKRs e KPIs são duas metodologias importantes para quem deseja ter resultados consistentes e crescentes no seu negócio.,https://bibliotecas.sebrae.com.br/chronus/ARQUIVOS_CHRONUS/CAPAS_ARTIGOS_APP/832/832.jpg,0,"https://www.sebrae.com.br/sites/PortalSebrae/ufs/pe/artigos/okrs-e-kpis-como-definir-metas-e-medir-o-sucesso-da-estrategia,ca5b1c3d3dfc3910VgnVCM1000001b00320aRCRD",,,Sim,MEI; EPP; ME,Planejamento,PLANEJAMENTO ESTRATÉGICO,KPI; Planejamento; OKR; Indicadores,Todos,0,PE,,,MEI; EPP; ME,Pessoa Jurídica,c28374fa-f6f0-3ba9-85da-2a1ccfa9bda8
10616,Parcerias estratégicas: como se aliar e ganhar mais no setor da beleza,Artigo,"Unindo forças com outros profissionais e marcas, é possível conquistar novos públicos e alcançar o sucesso mais rapidamente.",https://bibliotecas.sebrae.com.br/chronus/ARQUIVOS_CHRONUS/CAPAS_ARTIGOS_APP/834/834.jpeg,0,"https://www.sebrae.com.br/sites/PortalSebrae/ufs/pe/artigos/parcerias-estrategicas-como-se-aliar-e-ganhar-mais-no-setor-da-beleza,d52536174add5910VgnVCM1000001b00320aRCRD",,,Sim,MEI; ME,Mercado e Vendas,VENDA,negócios; parceria; beleza; profissionais,Beleza,0,PE,,,MEI; ME,Pessoa Jurídica,893fa944-519b-358a-84d8-979b019ae95c
10617,Personal organizer: saiba como se destacar profissionalmente,Artigo,Veja por que o serviço de organizador de ambientes está em alta e pode ser uma boa oportunidade de negócio!,https://bibliotecas.sebrae.com.br/chronus/ARQUIVOS_CHRONUS/CAPAS_ARTIGOS_APP/835/835.jpg,0,"https://www.sebrae.com.br/sites/PortalSebrae/ufs/pe/artigos/personal-organizer-saiba-como-se-destacar-profissionalmente,55acdd5b83b02910VgnVCM1000001b00320aRCRD",,,Sim,MEI; EPP; ME,Empreendedorismo,EMPREENDEDOR,organizer; personal; profissional,Serviços pessoais,0,PE,,,MEI; EPP; ME,Pessoa Jurídica,bf21a8cc-4773-3d8a-bd8f-fd9000b20cc9
10618,Pesquisa por voz: como adequar seu negócio para atender essa inovação.,Artigo,"Com o crescimento das pesquisas por voz, adaptar sua estratégia de SEO é fundamental para garantir que sua marca seja encontrada por assistentes virtuais.",https://bibliotecas.sebrae.com.br/chronus/ARQUIVOS_CHRONUS/CAPAS_ARTIGOS_APP/836/836.jpg,0,"https://www.sebrae.com.br/sites/PortalSebrae/ufs/pe/artigos/pesquisa-por-voz-como-adequar-seu-negocio-para-atender-essa-inovacao,85531c2beb2e2910VgnVCM1000001b00320aRCRD",,,Sim,EPP; ME,Mercado e Vendas,MARKETING,marketing; pesquisa de voz; seo,Todos,0,PE,,,EPP; ME,Pessoa Jurídica,f561dcee-6af8-3f00-96d8-2b64601166aa
10619,Por que meu salão de beleza não dá lucro? 6 erros a serem evitados,Artigo,Descubra os erros mais comuns que podem estar impedindo seu salão de beleza de alcançar o lucro desejado e aprenda como corrigi-los de forma simples e eficaz.,https://bibliotecas.sebrae.com.br/chronus/ARQUIVOS_CHRONUS/CAPAS_ARTIGOS_APP/837/837.jpg,0,"https://www.sebrae.com.br/sites/PortalSebrae/ufs/pe/artigos/por-que-meu-salao-de-beleza-nao-da-lucro-6-erros-a-serem-evitados,427db968e2de5910VgnVCM1000001b00320aRCRD",,,Sim,MEI; ME,Mercado e Vendas,ESTRATÉGIA DE MERCADO,gestão; estratégias de mercado; salão de beleza; lucratividade,Beleza,0,PE,,,MEI; ME,Pessoa Jurídica,7dcbaf0a-9f67-38ea-89ce-77cc79646cdd
10620,Profissionais PJ: como ter um negócio rentável no ramo da beleza?,Artigo,"Como ter um negócio lucrativo no ramo da beleza sendo profissional PJ? Veja estratégias para atrair clientes, organizar as finanças e crescer com estabilidade.",https://bibliotecas.sebrae.com.br/chronus/ARQUIVOS_CHRONUS/CAPAS_ARTIGOS_APP/840/840.jpg,0,"https://www.sebrae.com.br/sites/PortalSebrae/ufs/pe/artigos/profissionais-pj-como-ter-um-negocio-rentavel-no-ramo-da-beleza,c52fb17f71ed5910VgnVCM1000001b00320aRCRD",,,Sim,MEI; EPP; ME,Planejamento,COMPETITIVIDADE,mercado de beleza; PJ; pessoa jurídica; beleza; profissionais,Beleza,0,PE,,,MEI; EPP; ME,Pessoa Jurídica,4992762c-e468-3c90-b0b5-9a8076cfd6c6
10621,Quer ser MEI? A gente te ajuda a entender tudo!,Artigo,"Ser MEI (Microempreendedor Individual) é uma forma fácil e barata de trabalhar por conta própria, com um CNPJ e muitos benefícios.",,0,"https://www.sebrae.com.br/sites/PortalSebrae/ufs/pe/artigos/quer-ser-mei-a-gente-te-ajuda-a-entender-tudo,9a724a552c186910VgnVCM1000001b00320aRCRD",,,Sim,PF,Empreendedorismo,ABERTURA DE EMPRESA,MEI; abrir empresa; empreendedorismo,Todos,0,PE,,,PF,Pessoa Física,13af8e93-6b69-3415-97c7-9f77eecf5731
10622,Reforma tributária 2025: o que pequenos negócios precisam saber,Artigo,Entenda o que muda com a reforma tributária 2025 e veja como os pequenos negócios podem se preparar para as novas regras de forma prática e segura.,https://bibliotecas.sebrae.com.br/chronus/ARQUIVOS_CHRONUS/CAPAS_ARTIGOS_APP/844/844.jpg,0,"https://www.sebrae.com.br/sites/PortalSebrae/ufs/pe/artigos/reforma-tributaria-2025-o-que-pequenos-negocios-precisam-saber,6d772d5ec7b37910VgnVCM1000001b00320aRCRD",,,Sim,MEI; EPP; ME,Finanças,IMPOSTOS,Reforma tributária; Economia; Imposto,Todos,0,PE,,,MEI; EPP; ME,Pessoa Jurídica,2509a51c-cd69-33c3-9c7a-c64434dddd28
10623,Saiba mais sobre a emissão de nota fiscal e como fazer adequadamente!,Artigo,"Entenda como funciona a emissão de nota fiscal, veja os tipos existentes, aprenda a gerar corretamente e evite os erros mais comuns.",https://bibliotecas.sebrae.com.br/chronus/ARQUIVOS_CHRONUS/CAPAS_ARTIGOS_APP/847/847.jpg,0,"https://www.sebrae.com.br/sites/PortalSebrae/ufs/pe/artigos/saiba-mais-sobre-a-emissao-de-nota-fiscal-e-como-fazer-adequadamente,66bc16d01aad6910VgnVCM1000001b00320aRCRD",,,Sim,MEI; EPP; ME,Empreendedorismo,NEGÓCIO,Nota Fiscal; Emissão; Venda,Todos,0,PE,,,MEI; EPP; ME,Pessoa Jurídica,de6bfe76-3bfa-3514-adb5-ac54268e7a56
10624,Transição energética para pequenos negócios: como ser mais sustentável,Artigo,"Entenda por que a transição energética é vital para pequenos negócios, quais soluções existem e como obter resultados reais.",https://bibliotecas.sebrae.com.br/chronus/ARQUIVOS_CHRONUS/CAPAS_ARTIGOS_APP/853/853.jpg,0,"https://www.sebrae.com.br/sites/PortalSebrae/ufs/pe/artigos/transicao-energetica-para-pequenos-negocios-como-ser-mais-sustentavel,205923cd84e87910VgnVCM1000001b00320aRCRD",,,Sim,EPP; ME,Organização,SUSTENTABILIDADE,Transição Energética; Sustentabilidade; Negócios,Todos,0,PE,,,EPP; ME,Pessoa Jurídica,16cb4b3a-99f8-3c61-b0c5-a4abb6cfeeae
10625,Tributação de pequenas empresas: como pagar menos de forma legal,Artigo,Descubra como reduzir legalmente os impostos da sua empresa e aliviar o peso da carga tributária sem complicação.,https://bibliotecas.sebrae.com.br/chronus/ARQUIVOS_CHRONUS/CAPAS_ARTIGOS_APP/854/854.jpg,0,"https://www.sebrae.com.br/sites/PortalSebrae/ufs/pe/artigos/tributacao-de-pequenas-empresas-como-pagar-menos-de-forma-legal,46e8b032229d5910VgnVCM1000001b00320aRCRD",,,Sim,MEI; EPP; ME,Finanças,GESTÃO FINANCEIRA,finanças; pequenas empresas; impostos; tributos,Serviços automotivos,0,PE,,,MEI; EPP; ME,Pessoa Jurídica,bbb17e9a-c67c-3269-a62a-303e8b42fc71
10626,UGC: como essa ferramenta pode aumentar seu engajamento nas redes?,Artigo,O conteúdo gerado por usuário (UGC) tem se tornado uma poderosa ferramenta de engajamento nas redes. Saiba mais sobre o assunto!,https://bibliotecas.sebrae.com.br/chronus/ARQUIVOS_CHRONUS/CAPAS_ARTIGOS_APP/857/857.jpg,0,"https://www.sebrae.com.br/sites/PortalSebrae/ufs/pe/artigos/ugc-como-essa-ferramenta-pode-aumentar-seu-engajamento-nas-redes,4b235f27481e2910VgnVCM1000001b00320aRCRD",,,Sim,MEI; EPP; ME,Mercado e Vendas,MARKETING,UGC; MARKETING; CONTEÚDO GERADO POR USUÁRIO,Todos,0,PE,,,MEI; EPP; ME,Pessoa Jurídica,062c52a2-23f6-36b8-8e15-2ddb6a38c8b5
10627,Validação de startup: saiba como lançar sua ideia no mercado!,Artigo,"Tem uma ideia inovadora ou modelo de negócio disruptivo? Antes de investir, faça a validação de startup e aumente suas chances de sucesso!",https://bibliotecas.sebrae.com.br/chronus/ARQUIVOS_CHRONUS/CAPAS_ARTIGOS_APP/858/858.jpg,0,"https://www.sebrae.com.br/sites/PortalSebrae/ufs/pe/artigos/validacao-de-startup-saiba-como-lancar-sua-ideia-no-mercado,cf5839c3bd5e9810VgnVCM1000001b00320aRCRD",,,Sim,EPP; ME,Inovação,STARTUP,empreendedorismo; validação; startup; inovação,TIC,0,PE,,,EPP; ME,Pessoa Jurídica,b0dd4e08-a191-3300-9e62-0f25a72c621f
10628,Marketing de conteúdo: atraindo clientes e fidelizando audiências,Artigo,"Domine os princípios e práticas do marketing de conteúdo, crie estratégias e conteúdos eficazes, que envolvam e convertam públicos-alvo em clientes leais.",https://bibliotecas.sebrae.com.br/chronus/ARQUIVOS_CHRONUS/CAPAS_ARTIGOS_APP/867/867.png,0,"https://www.sebrae.com.br/sites/PortalSebrae/ufs/pe/sebraeaz/marketing-de-conteudo-atraindo-clientes-e-fidelizando-audiencias,3db11e079bece810VgnVCM1000001b00320aRCRD",,,Sim,MEI; EPP; ME,Empreendedorismo,EDUCAÇÃO EMPREENDEDORA,EDUCAÇÃO EMPREENDEDORA,Todos,0,PE,,,MEI; EPP; ME,Pessoa Jurídica,61e1f59b-87fc-3e29-b83f-e7230def9ffe
10629,5 características de liderança feminina que contribuem para o sucesso,Artigo,"O mundo corporativo está cada vez mais diverso e inclusivo, e as mulheres estão ocupando cada vez mais cargos de liderança.",https://bibliotecas.sebrae.com.br/chronus/ARQUIVOS_CHRONUS/CAPAS_ARTIGOS_APP/870/870.png,0,"https://www.sebrae.com.br/sites/PortalSebrae/ufs/rj/artigos/5-caracteristicas-de-lideranca-feminina-que-contribuem-para-o-sucesso,b41453f76a0dc810VgnVCM1000001b00320aRCRD",,,Sim,MEI; EPP; ME,Empreendedorismo,EMPREENDEDOR,empreendedorismo feminino; mercado de trabalho; empreendedoras; maternidade; mulher empreendedora,Todos,0,RJ,,,MEI; EPP; ME,Pessoa Jurídica,dafc44b8-e773-317a-aabc-be82576a62d8
10630,A Base para o Sucesso da sua empresa está nos controles financeiros.,Artigo,"Toda empresa possui operações que precisam ser controladas. Toda empresa tem movimentação financeira, os recursos entram e saem a todo momento, e estes precisam",,0,"https://www.sebrae.com.br/sites/PortalSebrae/ufs/rj/artigos/a-base-para-o-sucesso-da-sua-empresa-esta-nos-controles-financeiros,3aa429dcee287910VgnVCM1000001b00320aRCRD",,,Sim,MEI; EPP; ME,Finanças,GESTÃO FINANCEIRA,controle financeiro; orçamento; relatórios financeiros.; contas a receber; fluxo de caixa; gestão financeira; empresa; contas a pagar,Todos,0,RJ,,,MEI; EPP; ME,Pessoa Jurídica,ab672b61-caa7-3d17-a097-34a7199dad16
10631,Indicadores financeiros: conheça seu negócio de perto,Artigo,"Os indicadores são ferramentas essenciais para que a empresa sobreviva e, mais do que isso, para que ela prospere de verdade.",https://bibliotecas.sebrae.com.br/chronus/ARQUIVOS_CHRONUS/CAPAS_ARTIGOS_APP/878/878.jpg,0,"https://www.sebrae.com.br/sites/PortalSebrae/ufs/rj/artigos/indicadores-financeiros-conheca-seu-negocio-de-perto,cf79cbc167387910VgnVCM1000001b00320aRCRD",,,Sim,MEI; EPP; ME,Finanças,GESTÃO FINANCEIRA,análise de desempenho; indicadores para empresas; indicadores para startups; indicadores financeiros; gestão financeira; indicadores para MEI.,Todos,0,RJ,,,MEI; EPP; ME,Pessoa Jurídica,f95cc7a8-fc9b-3bcb-8d1f-ae75c09895ae
10632,Indicadores financeiros: ferramenta poderosa para gestão,Artigo,"Quando não temos medidas que nos mostram o que está acontecendo com a empresa, ela fica como um barco à deriva, ou seja, sem rumo e sem direção certa.",,0,"https://www.sebrae.com.br/sites/PortalSebrae/ufs/rj/artigos/indicadores-financeiros-ferramenta-poderosa-para-gestao,fb58cbc167387910VgnVCM1000001b00320aRCRD",,,Sim,MEI; EPP; ME,Finanças,GESTÃO FINANCEIRA,indicadores para empresas; indicadores para startups; indicadores financeiros; como criar indicadores financeiros; gestão financeira; análise de desempenho de empresa,Todos,0,RJ,,,MEI; EPP; ME,Pessoa Jurídica,7f885621-ba29-3b1c-8bc6-e907dd3488a1
10633,Indicadores financeiros: um olhar no passado para projetar o futuro,Artigo,Saber onde está e para onde precisa ir são questões muito relevantes no mundo do empreendedor. O mundo está cada vez mais dinâmico e muito competitivo.,,0,"https://www.sebrae.com.br/sites/PortalSebrae/ufs/rj/artigos/indicadores-financeiros-um-olhar-no-passado-para-projetar-o-futuro,fbf529dcee287910VgnVCM1000001b00320aRCRD",,,Sim,MEI; EPP; ME,Finanças,GESTÃO FINANCEIRA,análise de desempenho; indicadores para empresa de pequeno porte EPP.; indicadores para empresas; indicadores para startups; indicadores financeiros; gestão financeira; indicadores de sustentabilidade,Todos,0,RJ,,,MEI; EPP; ME,Pessoa Jurídica,e0cb8559-9b0f-3040-8180-a6b8e9b5c6b3
10634,Passo a passo para aumentar a autoestima e o sucesso de empreendedoras,Artigo,Aqui estão alguns passos que as mulheres empreendedoras podem seguir para aumentar sua autoestima e melhorar suas chances de sucesso:,https://bibliotecas.sebrae.com.br/chronus/ARQUIVOS_CHRONUS/CAPAS_ARTIGOS_APP/881/881.png,0,"https://www.sebrae.com.br/sites/PortalSebrae/ufs/rj/artigos/passo-a-passo-para-aumentar-a-autoestima-e-o-sucesso-de-empreendedoras,fc2653f76a0dc810VgnVCM1000001b00320aRCRD",,,Sim,MEI; ME,Empreendedorismo,ATITUDE EMPREENDEDORA,empreendedorismo feminino; empreendedoras; mulher empreendedora,Todos,0,RJ,,,MEI; ME,Pessoa Jurídica,3b9e991a-bdbb-3915-952a-759855e48279
10635,Planejamento financeiro: investimento para a continuidade da empresa,Artigo,"A rotina de uma empresa é repleta de desafios, mas também de oportunidades. Alguns desafios são impossíveis de prever, mas em sua grande maioria podem ser previ",,0,"https://www.sebrae.com.br/sites/PortalSebrae/ufs/rj/artigos/planejamento-financeiro-investimento-para-a-continuidade-da-empresa,0ebdcbc167387910VgnVCM1000001b00320aRCRD",,,Sim,MEI; EPP; ME,Finanças,PLANEJAMENTO  ORÇAMENTÁRIO,planejamento financeiro microempresa; orçamento financeiro; demonstrativo de resultado do exercício; DRE.; fluxo de caixa; planejamento estratégico; como definir metas; planejamento financeiro empresa,Todos,0,RJ,,,MEI; EPP; ME,Pessoa Jurídica,54c4af6f-fb8d-36cf-9827-52b63f5d684a
10636,Planejamento financeiro: O futuro da sua empresa começa aqui,Artigo,"O planejamento financeiro, apesar de estar vinculado às finanças da empresa, não deve se resumir ao controle delas. Planejamento financeiro é jornada.",,0,"https://www.sebrae.com.br/sites/PortalSebrae/ufs/rj/artigos/planejamento-financeiro-o-futuro-da-sua-empresa-comeca-aqui,76dbcbc167387910VgnVCM1000001b00320aRCRD",,,Sim,MEI; EPP; ME,Finanças,PLANEJAMENTO  ORÇAMENTÁRIO,metas; EPP; fluxo de caixa; planejamento estratégico; orçamento financeiro. Planejamento empresa de pequeno porte; planejamento financeiro empresa,Todos,0,RJ,,,MEI; EPP; ME,Pessoa Jurídica,4fef87d9-2b74-3d05-b114-92f493111a08
10637,5 ações para aumentar a produtividade do seu negócio,Artigo,"A gestão tem um papel importante no aumento da produtividade, e é possível conquistar essa meta através de cinco ações simples. Confira!",https://bibliotecas.sebrae.com.br/chronus/ARQUIVOS_CHRONUS/CAPAS_ARTIGOS_APP/884/884.png,0,"https://www.sebrae.com.br/sites/PortalSebrae/ufs/sp/artigos/5-acoes-para-aumentar-a-produtividade-do-seu-negocio,1373ebdc4698d810VgnVCM1000001b00320aRCRD",,,Sim,PF,Empreendedorismo,IDEIA DE NEGÓCIO,gestão; produtividade,Todos,0,SP,,,PF,Pessoa Física,d013403c-c22e-37ce-a44e-283ddee36af2
10638,Como melhorar a produtividade dos negócios? Acompanhe 7 ideias,Artigo,"A produtividade influencia a lucratividade, a qualidade e o bem-estar dos funcionários. Conheça 7 ideias para melhorar a produtividade do seu negócio!",https://bibliotecas.sebrae.com.br/chronus/ARQUIVOS_CHRONUS/CAPAS_ARTIGOS_APP/885/885.png,0,"https://www.sebrae.com.br/sites/PortalSebrae/ufs/sp/artigos/como-melhorar-a-produtividade-dos-negocios-acompanhe-7-ideias,5488dde116a8d810VgnVCM1000001b00320aRCRD",,,Sim,PF,Empreendedorismo,IDEIA DE NEGÓCIO,gestão; produtividade,Todos,0,SP,,,PF,Pessoa Física,72919a03-6c84-32b6-b33c-a30075f12dbd
10639,Equipe de sucesso: dicas valiosas para a gestão de pessoas,Artigo,Saiba como realizar a gestão de pessoas na sua empresa com quatro dicas e ter uma equipe de sucesso,https://bibliotecas.sebrae.com.br/chronus/ARQUIVOS_CHRONUS/CAPAS_ARTIGOS_APP/886/886.png,0,"https://www.sebrae.com.br/sites/PortalSebrae/ufs/sp/artigos/equipe-de-sucesso-dicas-valiosas-para-a-gestao-de-pessoas,48cdebdc4698d810VgnVCM1000001b00320aRCRD",,,Sim,PF,Empreendedorismo,IDEIA DE NEGÓCIO,equipe de sucesso; motivação.; liderança,Todos,0,SP,,,PF,Pessoa Física,842c95dc-77f3-3e98-9553-1c1ad002df68
10640,Ferramentas de produtividade: 8 opções para aumentar a sua produção.,Artigo,Descubra oito ferramentas que podem impulsionar a produtividade da sua equipe e os resultados da sua empresa.,https://bibliotecas.sebrae.com.br/chronus/ARQUIVOS_CHRONUS/CAPAS_ARTIGOS_APP/887/887.jpg,0,"https://www.sebrae.com.br/sites/PortalSebrae/ufs/sp/artigos/ferramentas-de-produtividade-8-opcoes-para-aumentar-a-sua-producao,fd61ebdc4698d810VgnVCM1000001b00320aRCRD",,,Sim,PF,Empreendedorismo,IDEIA DE NEGÓCIO,produtividade; ferramentas; proatividade,Todos,0,SP,,,PF,Pessoa Física,f68213f7-c7b3-391e-96af-6a50d3518528
10641,Liderança: as melhores dicas para manter sua equipe engajada,Artigo,"Confira as melhores dicas para se tornar uma liderança motivadora e manter sua equipe engajada, seja qual for o tamanho da sua empresa.",,0,"https://www.sebrae.com.br/sites/PortalSebrae/ufs/sp/artigos/lideranca-as-melhores-dicas-para-manter-sua-equipe-engajada,ae77ebdc4698d810VgnVCM1000001b00320aRCRD",,,Sim,MEI; EPP; ME,Empreendedorismo,LIDERANÇA,motivação; Feedback; Cultura organizacional; liderança; equipe; Desempenho,Todos,0,SP,,,MEI; EPP; ME,Pessoa Jurídica,3acbf3c7-9bf7-3875-b34d-8dfc213edd50
10642,Métodos para a gestão de estoque no varejo de moda,Artigo,Um estoque bem controlado pode ser estratégico no varejo de moda. Confira metodologias e ferramentas que vão simplificar sua rotina!,https://bibliotecas.sebrae.com.br/chronus/ARQUIVOS_CHRONUS/CAPAS_ARTIGOS_APP/889/889.png,0,"https://www.sebrae.com.br/sites/PortalSebrae/ufs/sp/artigos/metodos-para-a-gestao-de-estoque-no-varejo-de-moda,a245a42e46e1a810VgnVCM1000001b00320aRCRD",,,Sim,MEI; EPP; ME,Empreendedorismo,GESTÃO,loja; varejo; comércio,Comércio atacadista rural; Comércio varejista de alimentos e bebidas; Comércio da moda; Comércio varejista - Diversos; Comércio varejista - Diversos; Panificação; Comércio de automóveis; Comércio varejista de autopeças; Comércio varejista de informática; Comércio varejista de materiais de construção,0,SP,,,MEI; EPP; ME,Pessoa Jurídica,82306399-3cfd-3b51-8518-1e626de626f4
10643,O que é feedback e como aplicar essa estratégia na sua empresa?,Artigo,"Descubra o que é feedback, seus tipos e como implementar essa estratégia na sua empresa para melhorar a produtividade.",https://bibliotecas.sebrae.com.br/chronus/ARQUIVOS_CHRONUS/CAPAS_ARTIGOS_APP/890/890.png,0,"https://www.sebrae.com.br/sites/PortalSebrae/ufs/sp/artigos/o-que-e-feedback-e-como-aplicar-essa-estrategia-na-sua-empresa,abc46c0d8ed8d810VgnVCM1000001b00320aRCRD",,,Sim,PF,Empreendedorismo,IDEIA DE NEGÓCIO,feedback construtivo; liderança; crescimento,Todos,0,SP,,,PF,Pessoa Física,011d933f-ba92-376c-8f46-ab53aa033712
10644,Pesquisa de mercado: como pode ser usada no planejamento da empresa?,Artigo,"Descubra a real importância da pesquisa de mercado para as micro e pequenas empresas, além de um passo a passo de como construir a sua.",https://bibliotecas.sebrae.com.br/chronus/ARQUIVOS_CHRONUS/CAPAS_ARTIGOS_APP/891/891.jpg,0,"https://www.sebrae.com.br/sites/PortalSebrae/ufs/sp/artigos/pesquisa-de-mercado-como-pode-ser-usada-no-planejamento-da-empresa,1d82ebdc4698d810VgnVCM1000001b00320aRCRD",,,Sim,PF,Empreendedorismo,IDEIA DE NEGÓCIO,pesquisa de mercado; planejamento estratégico,Todos,0,SP,,,PF,Pessoa Física,3785d635-7086-3e23-8b93-24f1f6df4a29
10645,Planejamento empresarial: conheça as 5 melhores ferramentas gratuitas,Artigo,Confira uma seleção de ferramentas gratuitas que vão auxiliar na criação do seu planejamento empresarial.,https://bibliotecas.sebrae.com.br/chronus/ARQUIVOS_CHRONUS/CAPAS_ARTIGOS_APP/892/892.png,0,"https://www.sebrae.com.br/sites/PortalSebrae/ufs/sp/artigos/planejamento-empresarial-conheca-as-8-melhores-ferramentas-gratuitas,0de66c0d8ed8d810VgnVCM1000001b00320aRCRD",,,Sim,PF,Empreendedorismo,IDEIA DE NEGÓCIO,planejamento empresarial; ferramentas,Todos,0,SP,,,PF,Pessoa Física,c4916d8e-68fd-32d9-96e5-bf9b732b4829
10646,Planejamento estratégico: dicas comprovadas para fazer o seu.,Artigo,Aprenda o passo a passo para elaborar um planejamento estratégico realista e eficiente para o seu negócio.,https://bibliotecas.sebrae.com.br/chronus/ARQUIVOS_CHRONUS/CAPAS_ARTIGOS_APP/893/893.png,0,"https://www.sebrae.com.br/sites/PortalSebrae/ufs/sp/artigos/planejamento-estrategico-dicas-comprovadas-para-fazer-o-seu,2e23ebdc4698d810VgnVCM1000001b00320aRCRD",,,Sim,PF,Empreendedorismo,IDEIA DE NEGÓCIO,negócios; planejamento estratégico,Todos,0,SP,,,PF,Pessoa Física,c275f062-5f0b-3072-bab2-eae354ee4c39
10647,Planejamento estratégico: o que é e como fazer o seu?,Artigo,"Neste artigo, aprenda o que é planejamento estratégico e confira oito etapas para começar a criar um para o seu negócio.",https://bibliotecas.sebrae.com.br/chronus/ARQUIVOS_CHRONUS/CAPAS_ARTIGOS_APP/894/894.png,0,"https://www.sebrae.com.br/sites/PortalSebrae/ufs/sp/artigos/planejamento-estrategico-o-que-e-e-como-fazer-o-seu,9ae1ebdc4698d810VgnVCM1000001b00320aRCRD",,,Sim,PF,Empreendedorismo,IDEIA DE NEGÓCIO,Análise FOFA Análise FOFA ; Metas SMART; negócios; planejamento,Todos,0,SP,,,PF,Pessoa Física,7a3508b8-d10f-3a41-9a14-2434b361d74d
10648,Produtividade no trabalho: um guia para fazer mais em menos tempo,Artigo,"Aprenda o que é, a importância e as melhores técnicas para melhorar a sua produtividade no trabalho.",https://bibliotecas.sebrae.com.br/chronus/ARQUIVOS_CHRONUS/CAPAS_ARTIGOS_APP/895/895.png,0,"https://www.sebrae.com.br/sites/PortalSebrae/ufs/sp/artigos/produtividade-no-trabalho-um-guia-para-fazer-mais-em-menos-tempo,3650ebdc4698d810VgnVCM1000001b00320aRCRD",,,Sim,PF,Empreendedorismo,IDEIA DE NEGÓCIO,Técnicas de produtividade; produtividade; desempenho.; Pomodoro; Matriz de Eisenhower; Gestão do tempo; Organização; Planejamento de tarefas; Eficiência; Produtividade no trabalho,Todos,0,SP,,,PF,Pessoa Física,b325751d-2298-3356-b0b3-2ad2b9be4b91
10649,6 DICAS ESSENCIAIS PARA QUEM ACABOU DE SE FORMALIZAR COMO MEI,Artigo,"Confira dicas essenciais para quem acaba de se formalizar como MEI: otimize a gestão, compreenda obrigações, promova seu negócio online",,0,"https://www.sebrae.com.br/sites/PortalSebrae/ufs/sp/artigos/promocao-de-vendas-um-excelente-mercado-para-os-meis,d65033844931d810VgnVCM1000001b00320aRCRD",,,Sim,MEI,Empreendedorismo,ATITUDE EMPREENDEDORA,MEI; Formalizacao,Todos,0,SP,,,MEI,Pessoa Jurídica,c051478d-7d8b-31d4-943b-53e6a1bfd083
10650,Promovendo um ambiente de diversidade e inclusão na sua empresa,Artigo,Diversidade e inclusão são assuntos muito atuais e importantes. Descubra por que e como transformar a sua empresa em um negócio diverso e inclusivo.,,0,"https://www.sebrae.com.br/sites/PortalSebrae/ufs/sp/artigos/promovendo-um-ambiente-de-diversidade-e-inclusao-na-sua-empresa,7e056c0d8ed8d810VgnVCM1000001b00320aRCRD",,,Sim,PF,Empreendedorismo,IDEIA DE NEGÓCIO,cultura; diversidade; inclusão.,Todos,0,SP,,,PF,Pessoa Física,ce8e7feb-16c1-396c-8952-eb50f4161fe5
10651,Saiba como seu salão de beleza pode crescer com o apoio do Sebrae,Artigo,"Saiba como o Sebrae apoia negócios de beleza por meio de capacitações individuais e coletivas, além de programas especiais",https://bibliotecas.sebrae.com.br/chronus/ARQUIVOS_CHRONUS/CAPAS_ARTIGOS_APP/898/898.png,0,"https://www.sebrae.com.br/sites/PortalSebrae/ufs/sp/artigos/saiba-como-seu-salao-de-beleza-pode-crescer-com-o-apoio-do-sebrae,7f5bcf3513faa810VgnVCM1000001b00320aRCRD",,,Sim,MEI; EPP; ME,Empreendedorismo,EMPREENDEDOR,gestão salão de beleza; cescimento,Beleza,0,SP,,,MEI; EPP; ME,Pessoa Jurídica,00c78257-d4dc-3b0e-9d5d-1f34a1b60104
10652,Salão de beleza: Por que é importante realizar cursos e treinamentos?,Artigo,Descubra os cursos e treinamentos essenciais para você se destacar no mercado da beleza e fazer seu salão decolar!,https://bibliotecas.sebrae.com.br/chronus/ARQUIVOS_CHRONUS/CAPAS_ARTIGOS_APP/899/899.png,0,"https://www.sebrae.com.br/sites/PortalSebrae/ufs/sp/artigos/salao-de-beleza-por-que-e-importante-realizar-cursos-e-treinamentos,63adc5b06feaa810VgnVCM1000001b00320aRCRD",,,Sim,MEI; EPP; ME,Empreendedorismo,EMPREENDEDOR,Salão de beleza,Beleza,0,SP,,,MEI; EPP; ME,Pessoa Jurídica,1d0b98fe-88de-37a5-90cf-8d5c0dfc5244
10653,"Tráfego pago: O que é, como funciona e principais ferramentas",Artigo,"Quer melhorar os acessos no seu site ou rede social? O tráfego pago pode ser uma ótima opção, viu? Vem aprender como utilizar essa ferramenta para vender mais!",https://bibliotecas.sebrae.com.br/chronus/ARQUIVOS_CHRONUS/CAPAS_ARTIGOS_APP/900/900.png,0,"https://www.sebrae.com.br/sites/PortalSebrae/ufs/sp/conteudo_uf/trafego-pago-o-que-e-como-funciona-e-principais-ferramentas,7e189fd861968810VgnVCM1000001b00320aRCRD",,,Sim,MEI; EPP; ME,Empreendedorismo,GESTÃO,tráfego pago,Todos,0,SP,,,MEI; EPP; ME,Pessoa Jurídica,4baa9e09-8633-3f93-8893-1abdeac050c3
10654,Confira as características do bom vendedor e saiba como vender melhor,Artigo,Conheça as habilidades que sua equipe de vendas precisa desenvolver para obter sucesso no atendimento ao cliente.,https://bibliotecas.sebrae.com.br/chronus/ARQUIVOS_CHRONUS/CAPAS_ARTIGOS_APP/116/116.png,0,"https://www.sebrae.com.br/sites/PortalSebrae/valorizeopequenonegocio/conteudos/confira-as-caracteristicas-do-bom-vendedor-e-saiba-como-vender-melhor,faa8d53342603410VgnVCM100000b272010aRCRD",,,Sim,MEI; ME,Mercado e Vendas,VENDA,atendimento ao cliente; qualidade; equipes,Todos,0,NA,,,MEI; ME,Pessoa Jurídica,da2ea249-883e-3a31-99c8-dce923260431
